0.000000000000000000e+00;-5.919068068344203182e-01;7.911665622516665941e-01;-1.792363042965124578e+02;2.385070597812366486e+02
2.000000000000000042e-03;-5.759365348339470225e-01;8.057009506927503839e-01;-1.738383852632153435e+02;2.421718907529761964e+02
4.000000000000000083e-03;-5.602859415019157963e-01;8.204690392820006561e-01;-1.684421069688264367e+02;2.457649072172825413e+02
6.000000000000000125e-03;-5.344457839734179094e-01;8.308820031600600009e-01;-1.630210851848439404e+02;2.498337839412536709e+02
8.000000000000000167e-03;-5.177748201253808968e-01;8.439129765871316025e-01;-1.574696775725708449e+02;2.532307998273572025e+02
1.000000000000000021e-02;-4.990347019610059109e-01;8.545519000396962772e-01;-1.517954514289503436e+02;2.569517259946803165e+02
1.200000000000000025e-02;-4.834772021168916578e-01;8.692399674700237444e-01;-1.462996099360844937e+02;2.597372225716404159e+02
1.400000000000000029e-02;-4.631520179905053713e-01;8.804829140762183703e-01;-1.405050322728561127e+02;2.630642721908569683e+02
1.600000000000000033e-02;-4.422119525779706350e-01;8.886169190598167678e-01;-1.346306477120650129e+02;2.662897438415672013e+02
1.800000000000000211e-02;-4.208202097713975576e-01;8.982577669740718918e-01;-1.286833005259231015e+02;2.692239193779487891e+02
2.000000000000000042e-02;-3.990254602479385015e-01;9.072881793183011911e-01;-1.228307696087977092e+02;2.721336382942722025e+02
2.199999999999999872e-02;-3.800904167955699298e-01;9.166192410870032115e-01;-1.168516959177718064e+02;2.748082872198462496e+02
2.400000000000000050e-02;-3.595956229977821939e-01;9.256082211357185008e-01;-1.106259229284133028e+02;2.774794866233644939e+02
2.600000000000000228e-02;-3.385637368882916109e-01;9.333751848532865214e-01;-1.046622205202970264e+02;2.797917719762388629e+02
2.800000000000000058e-02;-3.181009121534347228e-01;9.409887799513768636e-01;-9.859631822151277447e+01;2.822597845447913869e+02
2.999999999999999889e-02;-2.995716343573238682e-01;9.485164585188872177e-01;-9.232612999357920103e+01;2.843115544742860266e+02
3.200000000000000067e-02;-2.742464888882136242e-01;9.547043641406594006e-01;-8.606875550639696826e+01;2.866541712771024208e+02
3.400000000000000244e-02;-2.576236674193103648e-01;9.622023488055108098e-01;-7.991201662506135506e+01;2.883620236992418882e+02
3.600000000000000422e-02;-2.324900013236284868e-01;9.662814701069855072e-01;-7.347473406707480592e+01;2.901607262399093088e+02
3.799999999999999906e-02;-2.129632302525076848e-01;9.724673628809326065e-01;-6.698087060532814974e+01;2.917465388485805988e+02
4.000000000000000083e-02;-1.888888976871760939e-01;9.763447292395233124e-01;-6.073241758994485195e+01;2.933627778192113738e+02
4.200000000000000261e-02;-1.724967756979629285e-01;9.821606496637687034e-01;-5.415439473681025362e+01;2.944565867426418322e+02
4.399999999999999745e-02;-1.483889406849107639e-01;9.838408775154160457e-01;-4.793625267509496268e+01;2.956666954035493404e+02
4.599999999999999922e-02;-1.300557825436520765e-01;9.894703878448080081e-01;-4.128046851337420264e+01;2.965895025380022503e+02
4.800000000000000100e-02;-1.093575275489148402e-01;9.911638718528859027e-01;-3.465555336501803652e+01;2.975510425296942572e+02
5.000000000000000278e-02;-8.071909622352446689e-02;9.918228617341124931e-01;-2.814182850301255101e+01;2.988153443191902738e+02
5.200000000000000455e-02;-6.215684877939575692e-02;9.946564844184603293e-01;-2.185365990978698392e+01;2.993829367161011987e+02
5.399999999999999939e-02;-4.142765708325433366e-02;9.959159395913463886e-01;-1.524625032492776100e+01;2.997752458997424583e+02
5.600000000000000117e-02;-1.720419176240520903e-02;9.972722903912402126e-01;-8.738196694001652887e+00;3.002115433429892732e+02
5.800000000000000294e-02;5.056113556638409945e-03;9.975543997819059650e-01;-1.832429050609898358e+00;3.003875502468499121e+02
5.999999999999999778e-02;2.660976115090458310e-02;9.966321113760286954e-01;4.493303451429178530e+00;3.004300596062864201e+02
6.199999999999999956e-02;4.989597984267876013e-02;9.974302718290054548e-01;1.097895054426731321e+01;3.004382636950986694e+02
6.400000000000000133e-02;7.082925104629152202e-02;9.962732309102257933e-01;1.766299118801274659e+01;3.003323618173257614e+02
6.600000000000000311e-02;9.239632584842834284e-02;9.954194265074214343e-01;2.396734196978440679e+01;2.999781062256282667e+02
6.800000000000000488e-02;1.094167129373348618e-01;9.938357354696794044e-01;3.069527091206469294e+01;2.994455900477270802e+02
7.000000000000000666e-02;1.365513838670403546e-01;9.891578245099823530e-01;3.732170643042886127e+01;2.989615348458520430e+02
7.200000000000000844e-02;1.547975996125777465e-01;9.889478440374688262e-01;4.349876827814783553e+01;2.980992926681047948e+02
7.399999999999999634e-02;1.770791202741560932e-01;9.852661798519483094e-01;5.016175570911310899e+01;2.971027285418367114e+02
7.599999999999999811e-02;1.931853364009003537e-01;9.828472513858260706e-01;5.656958103545717620e+01;2.959852449352146664e+02
7.799999999999999989e-02;2.154569115064118301e-01;9.782299687445561442e-01;6.305404493138291855e+01;2.948288797837659558e+02
8.000000000000000167e-02;2.407732691273211378e-01;9.724581360488417925e-01;6.944654304870505257e+01;2.936440748146559372e+02
8.200000000000000344e-02;2.614862466563813714e-01;9.678527299031924880e-01;7.586108295854793937e+01;2.924718542575614038e+02
8.400000000000000522e-02;2.831133907917273707e-01;9.630473526951558449e-01;8.218505871662024731e+01;2.908823813537179035e+02
8.600000000000000699e-02;2.994623656675785006e-01;9.574489012878693028e-01;8.838520643607469651e+01;2.889427074700224694e+02
8.799999999999999489e-02;3.210509942507256409e-01;9.514270228288884690e-01;9.462761656190852477e+01;2.871916319269099631e+02
8.999999999999999667e-02;3.435023268671796304e-01;9.440910015090077101e-01;1.010819393969294708e+02;2.852387958214093260e+02
9.199999999999999845e-02;3.654696068985436863e-01;9.361436487081717939e-01;1.071685593594655472e+02;2.830855998677176331e+02
9.400000000000000022e-02;3.803876970305001826e-01;9.314567605685761809e-01;1.132089667843573295e+02;2.806169759359885347e+02
9.600000000000000200e-02;4.032534378894628846e-01;9.223179716103386827e-01;1.193290407755780791e+02;2.782637293893736796e+02
9.800000000000000377e-02;4.218004584091418208e-01;9.132700458837128554e-01;1.253281481268995492e+02;2.758951934467069123e+02
1.000000000000000056e-01;4.422128524903145563e-01;9.034217892734599520e-01;1.311437910679164531e+02;2.732588426636437475e+02
1.020000000000000073e-01;4.600324220080445059e-01;8.964231861492170106e-01;1.370773300081343677e+02;2.702955070129381738e+02
1.040000000000000091e-01;4.800449350611549759e-01;8.839758786818474601e-01;1.431090857119246778e+02;2.676470354433276952e+02
1.059999999999999970e-01;5.008297681252374955e-01;8.746355866614138330e-01;1.487999442994008064e+02;2.646587735475700924e+02
1.079999999999999988e-01;5.145110166681798880e-01;8.655213829990705543e-01;1.545791721101930420e+02;2.611413964534893921e+02
1.100000000000000006e-01;5.384193557977121625e-01;8.521670886662352506e-01;1.601502206820047718e+02;2.582312374645695172e+02
1.120000000000000023e-01;5.526874908945523801e-01;8.429506920006305526e-01;1.657839170346423998e+02;2.546519462605046158e+02
1.140000000000000041e-01;5.720251610149001964e-01;8.300237217571642123e-01;1.709855887313215135e+02;2.511721723617020814e+02
1.160000000000000059e-01;5.906356501770519962e-01;8.172185315350892765e-01;1.765310337622696579e+02;2.474732373556044820e+02
1.180000000000000077e-01;6.102976380266823542e-01;8.032639693946442838e-01;1.816199287616783238e+02;2.439449040221617508e+02
1.199999999999999956e-01;6.253200793389480650e-01;7.895716508844572434e-01;1.869570009309977934e+02;2.400176929547861562e+02
1.219999999999999973e-01;6.397291910932483283e-01;7.790547626503220302e-01;1.922521538459004375e+02;2.357152885665373958e+02
1.239999999999999991e-01;6.592076431973126205e-01;7.634047919004098848e-01;1.971618858700491614e+02;2.319121850342858124e+02
1.260000000000000009e-01;6.749478992524788890e-01;7.488664885382894099e-01;2.022931949091246508e+02;2.276356938257327727e+02
1.280000000000000027e-01;6.899714680482553764e-01;7.358106869695141272e-01;2.071683182430089403e+02;2.231477630656011968e+02
1.300000000000000044e-01;7.057048559522981490e-01;7.204518403620436828e-01;2.119688482159733667e+02;2.187974914399091517e+02
1.320000000000000062e-01;7.208342362742004017e-01;7.044822320637579294e-01;2.164071408554088123e+02;2.142439343120726676e+02
1.340000000000000080e-01;7.376240209625686273e-01;6.863646078248160087e-01;2.211829965471099513e+02;2.097089090289181570e+02
1.360000000000000098e-01;7.521302656444642798e-01;6.707778732697476931e-01;2.255826789657839413e+02;2.049944758671882425e+02
1.380000000000000115e-01;7.667946910493308454e-01;6.542492729005587870e-01;2.298773793025092402e+02;2.001523194707651214e+02
1.400000000000000133e-01;7.793874050127903574e-01;6.381026209774741664e-01;2.341532878052404669e+02;1.953796673206011860e+02
1.420000000000000151e-01;7.940064546917742216e-01;6.215365167923836420e-01;2.382637644664717413e+02;1.903239460212693928e+02
1.440000000000000169e-01;8.071164351327896336e-01;6.047446151543007797e-01;2.422852868617710556e+02;1.852994619189331047e+02
1.459999999999999909e-01;8.162600779697019027e-01;5.884074672840493569e-01;2.461155248766998795e+02;1.800157804905569208e+02
1.479999999999999927e-01;8.296428696421676019e-01;5.715896395553271558e-01;2.501900701578650512e+02;1.747182843040977218e+02
1.499999999999999944e-01;8.452262580039640039e-01;5.520850711181313208e-01;2.537770500460866572e+02;1.694527884828004858e+02
1.519999999999999962e-01;8.532118193187209210e-01;5.353736962758790519e-01;2.572724497905331873e+02;1.641953335389598294e+02
1.539999999999999980e-01;8.634223992421178329e-01;5.162521277174650924e-01;2.607972470644099303e+02;1.584524330981668356e+02
1.559999999999999998e-01;8.754672564985224170e-01;4.977026697335123484e-01;2.641112495081264342e+02;1.530210251324782860e+02
1.580000000000000016e-01;8.856360072165962993e-01;4.793112654034371589e-01;2.673428584325507131e+02;1.474098340953508739e+02
1.600000000000000033e-01;8.940846159122342041e-01;4.611209669832105895e-01;2.706263134670494992e+02;1.415331806957794072e+02
1.620000000000000051e-01;9.048068231045430787e-01;4.417914525506780876e-01;2.734229155325813281e+02;1.359103598247128843e+02
1.640000000000000069e-01;9.105107483730916496e-01;4.236703602959628334e-01;2.764413751886216346e+02;1.300393660682009340e+02
1.660000000000000087e-01;9.194864259318619171e-01;4.057336978348205503e-01;2.789651996882733442e+02;1.239885354139855451e+02
1.680000000000000104e-01;9.297824652065506124e-01;3.843825594471405038e-01;2.819722133216674251e+02;1.180511529187669737e+02
1.700000000000000122e-01;9.378549282350201466e-01;3.647689271208485740e-01;2.842125160552203624e+02;1.122175121904878097e+02
1.720000000000000140e-01;9.424951760789147537e-01;3.449576985686802488e-01;2.865162401124327971e+02;1.059544252403052695e+02
1.740000000000000158e-01;9.473598451470748305e-01;3.255388802377870983e-01;2.888863360346355194e+02;9.966199948428493371e+01
1.759999999999999898e-01;9.532408611992064795e-01;3.069140819537945486e-01;2.907471598191040130e+02;9.362466644932803206e+01
1.779999999999999916e-01;9.614671809087035337e-01;2.872508989835332316e-01;2.928127970082442744e+02;8.741368742828359473e+01
1.799999999999999933e-01;9.644514702407812612e-01;2.681486989900211948e-01;2.945286083478256955e+02;8.102982666913786147e+01
1.819999999999999951e-01;9.695332848644035995e-01;2.496742381152915191e-01;2.963169057775190822e+02;7.476207882736062516e+01
1.839999999999999969e-01;9.746634451203138871e-01;2.281626719639568424e-01;2.980008113638907048e+02;6.861053692574259344e+01
1.859999999999999987e-01;9.761329750190703702e-01;2.090959460545126769e-01;2.995648033137894686e+02;6.186402695560092013e+01
1.880000000000000004e-01;9.865289141037854037e-01;1.866652068881144988e-01;3.006129973576094017e+02;5.591950146312233016e+01
1.900000000000000022e-01;9.882333272087210352e-01;1.694312871688453126e-01;3.015979282614693489e+02;4.932891379130201415e+01
1.920000000000000040e-01;9.894479546782231072e-01;1.487975381442684653e-01;3.027000910641353357e+02;4.286682118651093987e+01
1.940000000000000058e-01;9.914322789681385695e-01;1.292744003760390448e-01;3.037026096767553440e+02;3.638802220387341180e+01
1.960000000000000075e-01;9.935584345201599055e-01;1.103484598466406563e-01;3.043166874355293885e+02;2.991140190375871910e+01
1.980000000000000093e-01;9.952966305706361094e-01;8.876720593318319918e-02;3.050873787784177580e+02;2.344079224524400828e+01
2.000000000000000111e-01;9.953248186717020829e-01;6.980512120086726502e-02;3.055855450541722576e+02;1.669850010388659101e+01
2.020000000000000129e-01;9.969509503955386043e-01;4.829734276086648792e-02;3.062766882004101490e+02;1.034700636915288818e+01
2.040000000000000147e-01;9.967628914224591075e-01;2.850815454251282716e-02;3.062113645484649851e+02;3.835373212895438311e+00
2.060000000000000164e-01;9.966338216111380044e-01;5.955263138433438894e-03;3.064904820758800952e+02;-3.061352001970012005e+00
2.080000000000000182e-01;9.988558316268205672e-01;-1.453613906147724344e-02;3.062611021949977612e+02;-9.306698203156525295e+00
2.099999999999999922e-01;9.982241834215781484e-01;-3.344476328161357509e-02;3.058542878514328436e+02;-1.582710526676526186e+01
2.119999999999999940e-01;9.974002852843474320e-01;-5.536647303897070105e-02;3.056768595289537984e+02;-2.249001608513643191e+01
2.139999999999999958e-01;9.973754714468947569e-01;-7.458936254266948507e-02;3.049336917944065704e+02;-2.875056678766900475e+01
2.159999999999999976e-01;9.919343645372334928e-01;-9.376691606963122316e-02;3.044822655234755757e+02;-3.560490712709665218e+01
2.179999999999999993e-01;9.896723457390473877e-01;-1.129336522502212559e-01;3.037248889893352839e+02;-4.192815438478147883e+01
2.200000000000000011e-01;9.857443018182847627e-01;-1.314456337019399290e-01;3.029317950546476936e+02;-4.831912937404075592e+01
2.220000000000000029e-01;9.857799531223724321e-01;-1.537194128703298079e-01;3.018868516830693807e+02;-5.475370336212309041e+01
2.240000000000000047e-01;9.846657489402140806e-01;-1.746150181222221320e-01;3.005572790313223663e+02;-6.104453663275312181e+01
2.260000000000000064e-01;9.790304414169954672e-01;-1.938037795052877654e-01;2.992498024234490686e+02;-6.752544799948356058e+01
2.280000000000000082e-01;9.752131571840905178e-01;-2.133518836696378096e-01;2.979495498331631893e+02;-7.387605410823150009e+01
2.300000000000000100e-01;9.691483544227311731e-01;-2.314149172858767645e-01;2.964127694510992228e+02;-8.018053425861988615e+01
2.320000000000000118e-01;9.653166940718845845e-01;-2.525368747245922973e-01;2.945910484889469103e+02;-8.648240783350797756e+01
2.340000000000000135e-01;9.630696951104518178e-01;-2.716339908474417197e-01;2.927548017263758311e+02;-9.262161723874513086e+01
2.360000000000000153e-01;9.504796005156253003e-01;-2.896180814136940507e-01;2.907017964170034929e+02;-9.924118799648337585e+01
2.380000000000000171e-01;9.458648524182280415e-01;-3.105825017489573514e-01;2.888640237840745044e+02;-1.053591855797217249e+02
2.399999999999999911e-01;9.427114292750695679e-01;-3.318140523341180925e-01;2.866233778108203865e+02;-1.110080886634948456e+02
2.419999999999999929e-01;9.353674729821882528e-01;-3.514577548610435254e-01;2.841239492520516023e+02;-1.171385889064410151e+02
2.439999999999999947e-01;9.226828028124600678e-01;-3.681244781156349788e-01;2.816759502506086505e+02;-1.233473261862770158e+02
2.459999999999999964e-01;9.175032743310713723e-01;-3.873486189495625731e-01;2.789607359832601787e+02;-1.291050674725860574e+02
2.479999999999999982e-01;9.136574454709924797e-01;-4.102152320091130844e-01;2.762514531544139231e+02;-1.347519590179179545e+02
2.500000000000000000e-01;9.046744558266386349e-01;-4.272463700177550061e-01;2.733990652223392885e+02;-1.407140967101524041e+02
2.520000000000000018e-01;8.938830803368874589e-01;-4.463379723894368434e-01;2.703088250530227583e+02;-1.463852327989279445e+02
2.540000000000000036e-01;8.858376274559940367e-01;-4.653840038275919300e-01;2.671579704540836815e+02;-1.520647289288236834e+02
2.560000000000000053e-01;8.695392332890812259e-01;-4.805566553198176716e-01;2.640821597334619355e+02;-1.580028029541330739e+02
2.580000000000000071e-01;8.610147317568742631e-01;-5.001630223236831485e-01;2.607211567855200656e+02;-1.635578674002779849e+02
2.600000000000000089e-01;8.495877866703580583e-01;-5.173690591705844000e-01;2.571067770536165540e+02;-1.690732250690826390e+02
2.620000000000000107e-01;8.390710867236995663e-01;-5.350816902441837275e-01;2.535583013297398907e+02;-1.743339596081948457e+02
2.640000000000000124e-01;8.296349333073326227e-01;-5.561099283807547922e-01;2.497733579577141825e+02;-1.795827670825388509e+02
2.660000000000000142e-01;8.146077382965909441e-01;-5.706449958305179759e-01;2.461484012322083004e+02;-1.849588937846351087e+02
2.680000000000000160e-01;8.042200321359681547e-01;-5.901434906246906253e-01;2.422755552482221333e+02;-1.901201978941925006e+02
2.700000000000000178e-01;7.933084017678868616e-01;-6.068121219843897185e-01;2.380058409412517335e+02;-1.949202365339039318e+02
2.720000000000000195e-01;7.765136202339675275e-01;-6.237084517528549421e-01;2.337112456943685572e+02;-1.999500323783993565e+02
2.740000000000000213e-01;7.657489356912274836e-01;-6.403197905085435959e-01;2.297120467586224208e+02;-2.049088690376469515e+02
2.760000000000000231e-01;7.493134779481291918e-01;-6.546051443324755192e-01;2.253581238055580229e+02;-2.096718939204938579e+02
2.780000000000000249e-01;7.341494230263572174e-01;-6.722590458404746894e-01;2.208190957146065045e+02;-2.143767911767584451e+02
2.800000000000000266e-01;7.227956036535261308e-01;-6.888336679104631877e-01;2.160183736472851308e+02;-2.188472662402437834e+02
2.820000000000000284e-01;7.044478291690809968e-01;-7.036847965969826868e-01;2.113520892667844748e+02;-2.234128048880496920e+02
2.840000000000000302e-01;6.925226547861722537e-01;-7.209973955119133304e-01;2.065281178989311570e+02;-2.276589936358651300e+02
2.860000000000000320e-01;6.741109162301514024e-01;-7.349851642517404304e-01;2.017247502997996946e+02;-2.319644665938127730e+02
2.880000000000000338e-01;6.562002399805824115e-01;-7.481320300844881421e-01;1.967935022017383631e+02;-2.360299431122842577e+02
2.899999999999999800e-01;6.413211042864105371e-01;-7.627847876180726683e-01;1.918363776587458744e+02;-2.401248886447522750e+02
2.919999999999999818e-01;6.245355024023258039e-01;-7.760047210195855083e-01;1.864464278204871448e+02;-2.440859462870725451e+02
2.939999999999999836e-01;6.078664446502307639e-01;-7.898683745321508631e-01;1.811136679063467341e+02;-2.479005571899995175e+02
2.959999999999999853e-01;5.899391263547497655e-01;-8.018326122043608617e-01;1.758547891323870545e+02;-2.518110091216234991e+02
2.979999999999999871e-01;5.721525074292852509e-01;-8.157387128432962431e-01;1.705781760078101001e+02;-2.555430478420880149e+02
2.999999999999999889e-01;5.552681481191922286e-01;-8.289702487924021090e-01;1.649966323593624224e+02;-2.586773914538802046e+02
3.019999999999999907e-01;5.368581124913174296e-01;-8.411542809210356131e-01;1.593633865966579037e+02;-2.623166741938077848e+02
3.039999999999999925e-01;5.162645091775796002e-01;-8.521679548313594310e-01;1.535851301178842618e+02;-2.655574275095623875e+02
3.059999999999999942e-01;5.006278604296560131e-01;-8.623874879477938515e-01;1.478454627563120596e+02;-2.684534564000900332e+02
3.079999999999999960e-01;4.817138311654565186e-01;-8.740653465366495789e-01;1.422634631396638838e+02;-2.715780628074787160e+02
3.099999999999999978e-01;4.615696458279064940e-01;-8.831818809602696163e-01;1.364325493183616231e+02;-2.745419621738450360e+02
3.119999999999999996e-01;4.397033855431347615e-01;-8.926558845078721438e-01;1.305718643116395299e+02;-2.773400509474231512e+02
3.140000000000000013e-01;4.220739427549662359e-01;-9.034540365684202712e-01;1.243739038795261251e+02;-2.798823924740360667e+02
3.160000000000000031e-01;4.046967685496117850e-01;-9.114114995237999617e-01;1.184227570284298281e+02;-2.823446834342590819e+02
3.180000000000000049e-01;3.842592090820144413e-01;-9.199061601297069402e-01;1.123220225745305214e+02;-2.846659694954101951e+02
3.200000000000000067e-01;3.610812780306732472e-01;-9.269876011481485989e-01;1.062541979241288175e+02;-2.870685867725570120e+02
3.220000000000000084e-01;3.434886143622669086e-01;-9.365362667960880350e-01;9.991830865207847978e+01;-2.889869299654251336e+02
3.240000000000000102e-01;3.214182883510597888e-01;-9.432819059710917386e-01;9.375276296918116259e+01;-2.910379720338293055e+02
3.260000000000000120e-01;3.008679097141005454e-01;-9.508920020155533503e-01;8.762187983269261338e+01;-2.929824407395028061e+02
3.280000000000000138e-01;2.784987297895075709e-01;-9.556915247142836467e-01;8.121386258255404300e+01;-2.947824776918004090e+02
3.300000000000000155e-01;2.619836940713214379e-01;-9.625230165397138382e-01;7.479296851394708767e+01;-2.959865666880425010e+02
3.320000000000000173e-01;2.365210017617215554e-01;-9.676712762854042804e-01;6.830943357183751630e+01;-2.978010064563553669e+02
3.340000000000000191e-01;2.137943684948298007e-01;-9.711259109292207370e-01;6.172324796385544232e+01;-2.993315183980284928e+02
3.360000000000000209e-01;1.998728346433748526e-01;-9.784772274322671715e-01;5.518107754124856967e+01;-2.998520441959814775e+02
3.380000000000000226e-01;1.773140433304425390e-01;-9.828088227757861839e-01;4.885238109513503701e+01;-3.010764028591214014e+02
3.400000000000000244e-01;1.559680899520113628e-01;-9.858806534897647245e-01;4.222018165435177650e+01;-3.020905446672508674e+02
3.420000000000000262e-01;1.333204020209335094e-01;-9.893385961686377295e-01;3.574194140064442138e+01;-3.029271834144595914e+02
3.440000000000000280e-01;1.162819954120087595e-01;-9.933177727248242439e-01;2.910394612913744439e+01;-3.033889041909428670e+02
3.460000000000000298e-01;8.985241639378015177e-02;-9.939679963633955007e-01;2.256340673147149545e+01;-3.040213295736800205e+02
3.480000000000000315e-01;7.314864331148814014e-02;-9.984843828082976547e-01;1.589804612452801713e+01;-3.043419826126842054e+02
3.500000000000000333e-01;5.068320745892562762e-02;-9.981881721081086178e-01;9.240318163439221522e+00;-3.045542614557024308e+02
3.519999999999999796e-01;2.814012620275085225e-02;-9.991438103170521279e-01;2.833214352933773217e+00;-3.047917721095862476e+02
3.539999999999999813e-01;5.987341974544199870e-03;-1.000325872503340818e+00;-3.924698078562394166e+00;-3.044533184420920406e+02
3.559999999999999831e-01;-1.818067213498451504e-02;-1.000056291488486959e+00;-1.070950330874212497e+01;-3.042581089776809904e+02
3.579999999999999849e-01;-4.118421302990227240e-02;-1.001066081201807290e+00;-1.714573841595572645e+01;-3.040821948735945170e+02
3.599999999999999867e-01;-6.007572847145601497e-02;-1.001023947504962042e+00;-2.384401001531679398e+01;-3.033057666257680580e+02
3.619999999999999885e-01;-8.475753300967187043e-02;-9.984887426814694766e-01;-3.039177775968225248e+01;-3.031914501643657331e+02
3.639999999999999902e-01;-1.023931250227740480e-01;-9.983555639531024317e-01;-3.683284101356163376e+01;-3.022056155512790383e+02
3.659999999999999920e-01;-1.250395747776463229e-01;-9.959014879914859231e-01;-4.340852521920481166e+01;-3.014491042485161074e+02
3.679999999999999938e-01;-1.471483342820642526e-01;-9.939015488505662521e-01;-5.002110342272946752e+01;-3.004816892535954480e+02
3.699999999999999956e-01;-1.655804968913815178e-01;-9.915404715353792753e-01;-5.641092675684690505e+01;-2.990671621625825196e+02
3.719999999999999973e-01;-1.900919951717530698e-01;-9.882797149070083886e-01;-6.298729744518442430e+01;-2.979851880281011631e+02
3.739999999999999991e-01;-2.087119171128115069e-01;-9.841155543158706109e-01;-6.953520424699713942e+01;-2.962621228676972009e+02
3.760000000000000009e-01;-2.247869603143897999e-01;-9.822160265125704504e-01;-7.577918543666233120e+01;-2.946888824503826640e+02
3.780000000000000027e-01;-2.494032083505084985e-01;-9.771813431367599723e-01;-8.210655329316355733e+01;-2.931035368021329646e+02
3.800000000000000044e-01;-2.695952595813655983e-01;-9.721414846237012020e-01;-8.842868777915431622e+01;-2.910483791847462953e+02
3.820000000000000062e-01;-2.944677011480553719e-01;-9.652114361727079928e-01;-9.452695850943017319e+01;-2.893124462046174585e+02
3.840000000000000080e-01;-3.134236362282102339e-01;-9.597078331604608215e-01;-1.008580857942824593e+02;-2.872016430977719210e+02
3.860000000000000098e-01;-3.345822197389993202e-01;-9.527143019351032027e-01;-1.071020971524728083e+02;-2.850696562802867220e+02
3.880000000000000115e-01;-3.602146779552058975e-01;-9.439957673816049555e-01;-1.131946686510861184e+02;-2.828599826468854417e+02
3.900000000000000133e-01;-3.795578337601426266e-01;-9.370326903156783738e-01;-1.190534443422787234e+02;-2.802557444666658171e+02
3.920000000000000151e-01;-4.013228400970973442e-01;-9.307712049047072167e-01;-1.254651101161374953e+02;-2.776591698209197716e+02
3.940000000000000169e-01;-4.173507454541341422e-01;-9.254783138204075721e-01;-1.311229726855855802e+02;-2.749177002030677386e+02
3.960000000000000187e-01;-4.365148533658088636e-01;-9.157975658721884127e-01;-1.370539799723941883e+02;-2.718273892718384559e+02
3.980000000000000204e-01;-4.562031183720433591e-01;-9.069097108579213806e-01;-1.428787394228744461e+02;-2.688174549672859825e+02
4.000000000000000222e-01;-4.742142149534355200e-01;-8.975878067102336377e-01;-1.487233966099611564e+02;-2.656445266998009629e+02
4.020000000000000240e-01;-4.968898064724018293e-01;-8.873171189025688133e-01;-1.542866259246341940e+02;-2.622891439906594542e+02
4.040000000000000258e-01;-5.143017224772283846e-01;-8.764977749336978485e-01;-1.599731155006049619e+02;-2.591787270874507954e+02
4.060000000000000275e-01;-5.341654928986916406e-01;-8.661678174077890313e-01;-1.653782661786162294e+02;-2.556764131937346463e+02
4.080000000000000293e-01;-5.529196546541388368e-01;-8.540083328575309718e-01;-1.710280342933957343e+02;-2.521367172826579122e+02
4.100000000000000311e-01;-5.729943313913038461e-01;-8.432652717476140092e-01;-1.761106867548274124e+02;-2.484089879055141807e+02
4.120000000000000329e-01;-5.913979110496324632e-01;-8.293764556993779014e-01;-1.814567284607794591e+02;-2.445430735905521544e+02
4.140000000000000346e-01;-6.089146568860210884e-01;-8.178930726372696247e-01;-1.866656547168372526e+02;-2.405552874407082982e+02
4.160000000000000364e-01;-6.244080848960272823e-01;-8.039586312953816982e-01;-1.916598934834166243e+02;-2.364723830511084941e+02
4.179999999999999827e-01;-6.456764236170322580e-01;-7.891353850187743380e-01;-1.966716447562329222e+02;-2.323503149251910713e+02
4.199999999999999845e-01;-6.595347240637023933e-01;-7.773330375447973228e-01;-2.017497524159857676e+02;-2.280598773501666017e+02
4.219999999999999862e-01;-6.770156854577510375e-01;-7.632368369006938824e-01;-2.065440571638161202e+02;-2.236793988006027121e+02
4.239999999999999880e-01;-6.934774948338208178e-01;-7.476275252181601161e-01;-2.111315190211973345e+02;-2.192162680745786929e+02
4.259999999999999898e-01;-7.097896527013780599e-01;-7.319205363075873549e-01;-2.157357623137230291e+02;-2.148034140043062621e+02
4.279999999999999916e-01;-7.251262312445019287e-01;-7.169871622921903942e-01;-2.202807529827224187e+02;-2.100284117381203828e+02
4.299999999999999933e-01;-7.391633945372724224e-01;-7.017219526451854428e-01;-2.246943344217882554e+02;-2.053327277541132503e+02
4.319999999999999951e-01;-7.573051689682428478e-01;-6.851255382568707253e-01;-2.287916191591461939e+02;-2.003875118829153621e+02
4.339999999999999969e-01;-7.703190023389273611e-01;-6.682083064360293534e-01;-2.331561057230581469e+02;-1.954199142183070705e+02
4.359999999999999987e-01;-7.864079397010811379e-01;-6.487182502501929182e-01;-2.370947663021622134e+02;-1.903506586301529069e+02
4.380000000000000004e-01;-7.983302322958170105e-01;-6.327435435525019525e-01;-2.408835805419313942e+02;-1.853720213606016216e+02
4.400000000000000022e-01;-8.142893407049355270e-01;-6.147648343588596465e-01;-2.448313544458927993e+02;-1.800334688754653030e+02
4.420000000000000040e-01;-8.262636852108938834e-01;-5.968963330951494450e-01;-2.487254400023474261e+02;-1.747608027709938767e+02
4.440000000000000058e-01;-8.354259783338381373e-01;-5.799670328791821650e-01;-2.525538605897058915e+02;-1.693136615272730126e+02
4.460000000000000075e-01;-8.467717942406929321e-01;-5.614570770668596555e-01;-2.557974013144758487e+02;-1.636342992055119225e+02
4.480000000000000093e-01;-8.573240768063368211e-01;-5.442493722260475231e-01;-2.591226554823584820e+02;-1.582628835865558017e+02
4.500000000000000111e-01;-8.707558718691386090e-01;-5.222974920434475532e-01;-2.624050436013607168e+02;-1.527476549671178248e+02
4.520000000000000129e-01;-8.808258221292813994e-01;-5.041318309096285422e-01;-2.654909056512332199e+02;-1.469701277800383252e+02
4.540000000000000147e-01;-8.920040440454949371e-01;-4.820562382707082039e-01;-2.685669839883361192e+02;-1.413681016526818155e+02
4.560000000000000164e-01;-9.015410847735709776e-01;-4.642133129894795429e-01;-2.714377190983929040e+02;-1.351518474390331619e+02
4.580000000000000182e-01;-9.146784208060558807e-01;-4.404724383693362499e-01;-2.741819082114874959e+02;-1.296618725870472986e+02
4.600000000000000200e-01;-9.210280539999600169e-01;-4.241403386697739641e-01;-2.766700003338635270e+02;-1.236302571879371754e+02
4.620000000000000218e-01;-9.304855635368696198e-01;-4.039919287182197616e-01;-2.790250245292343720e+02;-1.176093145288161566e+02
4.640000000000000235e-01;-9.353594615817095725e-01;-3.847411648486859792e-01;-2.815315881969647194e+02;-1.113565104694702512e+02
4.660000000000000253e-01;-9.441992579306506261e-01;-3.641465715331063113e-01;-2.834558819011937203e+02;-1.055056335512437471e+02
4.680000000000000271e-01;-9.482383511356193839e-01;-3.439043513954483933e-01;-2.857938193703965908e+02;-9.910897914836314726e+01
4.700000000000000289e-01;-9.542878571118189601e-01;-3.224652738826534470e-01;-2.876807375235040354e+02;-9.290111680221643553e+01
4.720000000000000306e-01;-9.641141147988937510e-01;-3.013601594452500754e-01;-2.895187084449123631e+02;-8.709939688072306296e+01
4.740000000000000324e-01;-9.703891808458566803e-01;-2.774388705107331821e-01;-2.911468894185004501e+02;-8.068562065598895572e+01
4.760000000000000342e-01;-9.730130649751739247e-01;-2.583416817904899410e-01;-2.926080005135378315e+02;-7.418577723587853257e+01
4.780000000000000360e-01;-9.757928642586517487e-01;-2.381194798239751331e-01;-2.939754367600779688e+02;-6.773146304443126553e+01
4.799999999999999822e-01;-9.815058318178040420e-01;-2.153808712541725734e-01;-2.954885378638335851e+02;-6.129193997077817357e+01
4.819999999999999840e-01;-9.864441972183465301e-01;-1.939334861147576361e-01;-2.965325470457449342e+02;-5.499135656232468961e+01
4.839999999999999858e-01;-9.871637101961298066e-01;-1.736516264020094014e-01;-2.973678480428733337e+02;-4.843722940811986177e+01
4.859999999999999876e-01;-9.924589681143857200e-01;-1.515071889347447409e-01;-2.981821350960931909e+02;-4.206054891370026638e+01
4.879999999999999893e-01;-9.938120610177076930e-01;-1.296174774309877820e-01;-2.988670233988298719e+02;-3.550409440974733855e+01
4.899999999999999911e-01;-9.973810598958998686e-01;-1.084715610864730451e-01;-2.993529964943413688e+02;-2.891910801064919312e+01
4.919999999999999929e-01;-9.935371487973030380e-01;-8.844676316448842057e-02;-2.999652905317603881e+02;-2.217321326932685821e+01
4.939999999999999947e-01;-9.979478760437879847e-01;-6.466038666456039308e-02;-3.001290134942759096e+02;-1.578872695730897036e+01
4.959999999999999964e-01;-9.963057365882006522e-01;-4.530309585988199356e-02;-3.002478780592851422e+02;-9.360884326408424272e+00
4.979999999999999982e-01;-9.930714868102722415e-01;-2.427699459309614824e-02;-3.002359166540467754e+02;-2.521700205677989359e+00
5.000000000000000000e-01;-9.955506187264442364e-01;-2.230864488569544134e-03;-3.003203922529731926e+02;4.043869985121568256e+00
5.020000000000000018e-01;-9.949024503250296636e-01;2.198509268155478605e-02;-2.998591320982915249e+02;1.070454579952914997e+01
5.040000000000000036e-01;-9.954908466438275871e-01;4.485961705503566099e-02;-2.993866403779790062e+02;1.716820687023948722e+01
5.060000000000000053e-01;-9.938697957882313139e-01;6.810627026682151974e-02;-2.991264607877759545e+02;2.388716964967885303e+01
5.080000000000000071e-01;-9.876398172170814949e-01;8.846239664400180891e-02;-2.981402637926868806e+02;3.037584687795706984e+01
5.100000000000000089e-01;-9.855764159843012351e-01;1.087634417322836250e-01;-2.973955140037398337e+02;3.692171617665420058e+01
5.120000000000000107e-01;-9.819170317122875025e-01;1.309631536657582251e-01;-2.965848987651644393e+02;4.328533855604213443e+01
5.140000000000000124e-01;-9.809346022690290656e-01;1.517287618294092810e-01;-2.951908693931765129e+02;4.956676934145607305e+01
5.160000000000000142e-01;-9.770498112184708983e-01;1.736707159243240928e-01;-2.939537437551373955e+02;5.612573324658382035e+01
5.180000000000000160e-01;-9.725568095420147330e-01;1.955257138128208283e-01;-2.926491507709030202e+02;6.272505131788112465e+01
5.200000000000000178e-01;-9.653078850937910627e-01;2.149375790219672511e-01;-2.910900247162011851e+02;6.923368207611270009e+01
5.220000000000000195e-01;-9.609879495359010537e-01;2.372732233946266978e-01;-2.892867329167597177e+02;7.539572780144528963e+01
5.240000000000000213e-01;-9.554439456708635481e-01;2.578490248019724707e-01;-2.875235686364688945e+02;8.179435243341548301e+01
5.260000000000000231e-01;-9.510486080414933818e-01;2.795973282440272767e-01;-2.855033830602957323e+02;8.812924034579280885e+01
5.280000000000000249e-01;-9.418331310208591933e-01;2.993637945018906565e-01;-2.835831561603632736e+02;9.426115774416338411e+01
5.300000000000000266e-01;-9.366794386705429298e-01;3.215356623563755956e-01;-2.811496857846370290e+02;1.004067420212318638e+02
5.320000000000000284e-01;-9.296706864265420478e-01;3.425866807466994013e-01;-2.788025731393971682e+02;1.065313502550677214e+02
5.340000000000000302e-01;-9.203925091938234271e-01;3.623412361186095776e-01;-2.762370013786551226e+02;1.129500547212579420e+02
5.360000000000000320e-01;-9.136099002187604290e-01;3.843370204249874078e-01;-2.736738730360551699e+02;1.186008592692093941e+02
5.380000000000000338e-01;-9.021234229827743700e-01;4.042658967668629755e-01;-2.709498306460025105e+02;1.246208766909825982e+02
5.400000000000000355e-01;-8.897806095687960104e-01;4.226144920591751175e-01;-2.682558872055774941e+02;1.309482600425063765e+02
5.420000000000000373e-01;-8.829577685872861403e-01;4.439923303363385587e-01;-2.652547025468849711e+02;1.366131712994038594e+02
5.440000000000000391e-01;-8.744733817371962425e-01;4.657768078201703910e-01;-2.620585484643756899e+02;1.422659350584283686e+02
5.460000000000000409e-01;-8.634010415096542435e-01;4.839796987104320047e-01;-2.589103465983510546e+02;1.479876792576843627e+02
5.480000000000000426e-01;-8.515727639415791028e-01;5.022962709863325603e-01;-2.553824271898830887e+02;1.535769715866742047e+02
5.500000000000000444e-01;-8.355800918628872864e-01;5.209097613148642170e-01;-2.520584879693447817e+02;1.596272407914932216e+02
5.520000000000000462e-01;-8.229767084156263124e-01;5.405301582632519031e-01;-2.484746801668637204e+02;1.649748893100169767e+02
5.540000000000000480e-01;-8.135230489080342853e-01;5.593893168381014469e-01;-2.447314758249754902e+02;1.701698788617177911e+02
5.560000000000000497e-01;-7.992008207093430627e-01;5.776320963520206186e-01;-2.406454535692811589e+02;1.756416844218748281e+02
5.580000000000000515e-01;-7.856148610230764273e-01;5.953773793081941212e-01;-2.366266245555137289e+02;1.807798899070098457e+02
5.600000000000000533e-01;-7.716440595253600820e-01;6.125735418335364058e-01;-2.329313777079847512e+02;1.861654450446363569e+02
5.620000000000000551e-01;-7.624954068316965872e-01;6.323405942566423521e-01;-2.286698217255902250e+02;1.909857031510267973e+02
5.640000000000000568e-01;-7.469154989099828779e-01;6.497352335155028857e-01;-2.242897244522022788e+02;1.961192957388412310e+02
5.660000000000000586e-01;-7.336528540245627061e-01;6.680044098866086966e-01;-2.198436990869132899e+02;2.007335500065398151e+02
5.680000000000000604e-01;-7.120831861505544369e-01;6.806730280916202247e-01;-2.153775767743288725e+02;2.059459952120875528e+02
5.700000000000000622e-01;-6.995029621740883607e-01;6.997481616412982719e-01;-2.108568032920397854e+02;2.104832945244928908e+02
5.720000000000000639e-01;-6.822167295161482015e-01;7.164939866977511063e-01;-2.063226948954477393e+02;2.151126023556382734e+02
5.739999999999999547e-01;-6.651462272508112950e-01;7.323022289457823408e-01;-2.012594831139509211e+02;2.196824470532620239e+02
5.759999999999999565e-01;-6.450312327045928384e-01;7.458522968947451925e-01;-1.965149494163121346e+02;2.242498085309822216e+02
5.779999999999999583e-01;-6.318800492717052686e-01;7.628917343552057417e-01;-1.914669986212355468e+02;2.284094236930172883e+02
5.799999999999999600e-01;-6.146895658375529647e-01;7.757437962790637576e-01;-1.864093829994262705e+02;2.326348298736074298e+02
5.819999999999999618e-01;-5.970868396335615724e-01;7.897635531317048763e-01;-1.811732547156073565e+02;2.366406785935293158e+02
5.839999999999999636e-01;-5.746650170152470816e-01;8.016158623650844195e-01;-1.760775118791114267e+02;2.409002109196640902e+02
5.859999999999999654e-01;-5.579350522227026765e-01;8.173021387662329218e-01;-1.706380435689913213e+02;2.444717730027675771e+02
5.879999999999999671e-01;-5.412153999369213597e-01;8.304252539907247543e-01;-1.653752673786945309e+02;2.480725637816554752e+02
5.899999999999999689e-01;-5.205147068095832275e-01;8.416376435074814921e-01;-1.599489570677623931e+02;2.520077708102384406e+02
5.919999999999999707e-01;-5.016993099228782560e-01;8.528252412684830253e-01;-1.541484858588004840e+02;2.554836379925542929e+02
5.939999999999999725e-01;-4.882127004395998560e-01;8.663127915459345463e-01;-1.484017411281772070e+02;2.587023474162254502e+02
5.959999999999999742e-01;-4.663096476638779464e-01;8.764616875405074614e-01;-1.427246838631847083e+02;2.619159450038625891e+02
5.979999999999999760e-01;-4.484465857924286314e-01;8.882550527298482823e-01;-1.369625788602602370e+02;2.648987277623975842e+02
5.999999999999999778e-01;-4.287824563527391497e-01;8.956336012262395840e-01;-1.311086254809912930e+02;2.681223560636334469e+02
6.019999999999999796e-01;-4.033823132411605838e-01;9.034719259602116415e-01;-1.252255569286866574e+02;2.712415019692273859e+02
6.039999999999999813e-01;-3.838430740565739741e-01;9.148147815795530935e-01;-1.192046101153285491e+02;2.737848020223373737e+02
6.059999999999999831e-01;-3.611108492703052897e-01;9.220159299466041958e-01;-1.131939172463471834e+02;2.765204107344138720e+02
6.079999999999999849e-01;-3.431161887586543502e-01;9.315572406253641580e-01;-1.070847005647359964e+02;2.787021481088568748e+02
6.099999999999999867e-01;-3.221933995226384795e-01;9.374252711778758851e-01;-1.007590349482690044e+02;2.812882995251176226e+02
6.119999999999999885e-01;-3.045780706439622509e-01;9.483398238916430634e-01;-9.476442637240390354e+01;2.835037233974677520e+02
6.139999999999999902e-01;-2.812358499009170454e-01;9.528348080199483539e-01;-8.851264789991003568e+01;2.856941771546791529e+02
6.159999999999999920e-01;-2.630268322345906684e-01;9.606808790158927192e-01;-8.224119839391381959e+01;2.875551511098764195e+02
6.179999999999999938e-01;-2.411803787573369995e-01;9.658956727266769793e-01;-7.582533786348423632e+01;2.892987195524131607e+02
6.199999999999999956e-01;-2.192583189407932009e-01;9.709216558570092914e-01;-6.955866037705546034e+01;2.911092410135221371e+02
6.219999999999999973e-01;-1.976156682815802257e-01;9.741337686627253856e-01;-6.312954750054262831e+01;2.926666117652147250e+02
6.239999999999999991e-01;-1.748858390120649475e-01;9.785922981994792380e-01;-5.669620933311189503e+01;2.941417289395142802e+02
6.260000000000000009e-01;-1.556085243454865819e-01;9.824538246037259892e-01;-5.028066609047600366e+01;2.953429156887246450e+02
6.280000000000000027e-01;-1.342186682354212512e-01;9.866610328765729188e-01;-4.377631657572557344e+01;2.964388148832146044e+02
6.300000000000000044e-01;-1.131708725946187488e-01;9.892122324230122610e-01;-3.734443108014146873e+01;2.975540248974137398e+02
6.320000000000000062e-01;-9.009874819368725307e-02;9.912978002633373587e-01;-3.083980006951482977e+01;2.983976502721478710e+02
6.340000000000000080e-01;-6.870769112372845933e-02;9.942208310349546219e-01;-2.429581226122108362e+01;2.991830541155771357e+02
6.360000000000000098e-01;-5.043217346240493754e-02;9.963262379403593494e-01;-1.780867174860519953e+01;2.995186808743962956e+02
6.380000000000000115e-01;-2.609628106936617148e-02;9.974861187247539007e-01;-1.131414468375686688e+01;3.001063854459829372e+02
6.400000000000000133e-01;-6.252642163476838932e-03;9.977695313708213609e-01;-4.530818880811429139e+00;3.000951972455924874e+02
6.420000000000000151e-01;1.792237324664703452e-02;9.981973429107142692e-01;2.173411371961754046e+00;3.003353447071096411e+02
6.440000000000000169e-01;3.992297102534760056e-02;9.970232388914604948e-01;8.595699542437113649e+00;3.004524328500982051e+02
6.460000000000000187e-01;6.170504986428193561e-02;9.960250464851956309e-01;1.505905462288029106e+01;3.003882958406331909e+02
6.480000000000000204e-01;8.326908203164852529e-02;9.948195560928013714e-01;2.156111956866815405e+01;3.001250308165915612e+02
6.500000000000000222e-01;1.014277458013683464e-01;9.936750774419886856e-01;2.817514480723793824e+01;2.998192489677131789e+02
6.520000000000000240e-01;1.217701084587134303e-01;9.925175955778000603e-01;3.479662944416050152e+01;2.990838493199320283e+02
6.540000000000000258e-01;1.420635528844762796e-01;9.920133767313261686e-01;4.125157070678345406e+01;2.983335071523927695e+02
6.560000000000000275e-01;1.651693671255794749e-01;9.876166367805639945e-01;4.763369117126387664e+01;2.976241444633671449e+02
6.580000000000000293e-01;1.872411271458712112e-01;9.832873130532553407e-01;5.411150502684589725e+01;2.966588770027477722e+02
6.600000000000000311e-01;2.045439031400715924e-01;9.812963511121755023e-01;6.043396610946820147e+01;2.953294865999808962e+02
6.620000000000000329e-01;2.292609794477913354e-01;9.757870705645576015e-01;6.694259238733347672e+01;2.942857299380901281e+02
6.640000000000000346e-01;2.459885891615206932e-01;9.727713915164916125e-01;7.339772235153456847e+01;2.927576416155485504e+02
6.660000000000000364e-01;2.695058307704392697e-01;9.658153422359909701e-01;7.996242507016748391e+01;2.912905904687282828e+02
6.680000000000000382e-01;2.903964673158357379e-01;9.607139408315088502e-01;8.612913646398276057e+01;2.896868095485064600e+02
6.700000000000000400e-01;3.103917508431695560e-01;9.560637189013243553e-01;9.233814738915961584e+01;2.878873097762671023e+02
6.720000000000000417e-01;3.292911062810633394e-01;9.497282669754711915e-01;9.844970431981764136e+01;2.859412799123879836e+02
6.740000000000000435e-01;3.508405232000684215e-01;9.423575952204832351e-01;1.047052873753685560e+02;2.838053537341987749e+02
6.759999999999999343e-01;3.726363263309760976e-01;9.338230902860937821e-01;1.109176171802207165e+02;2.817789047202336974e+02
6.779999999999999361e-01;3.921174792622991179e-01;9.272923694981474174e-01;1.169546738257562311e+02;2.793914785135552279e+02
6.799999999999999378e-01;4.092621509326971885e-01;9.181343935750211349e-01;1.230623105170404159e+02;2.766854912085156002e+02
6.819999999999999396e-01;4.278843790390728929e-01;9.106330327257783352e-01;1.291423857972301619e+02;2.740022055687377929e+02
6.839999999999999414e-01;4.506224137100510729e-01;9.021230213220976513e-01;1.348046569245673822e+02;2.715792365825142269e+02
6.859999999999999432e-01;4.695539992405984853e-01;8.906097121891916046e-01;1.405728279294019671e+02;2.687830038120270046e+02
6.879999999999999449e-01;4.855940195379672697e-01;8.826155584065615844e-01;1.464896511831354644e+02;2.656065892486491293e+02
6.899999999999999467e-01;5.090941993701693091e-01;8.683753353353752535e-01;1.523637607215009382e+02;2.629132534385694839e+02
6.919999999999999485e-01;5.269207354781924035e-01;8.590031747192428124e-01;1.579431049150768729e+02;2.593214851696095593e+02
6.939999999999999503e-01;5.406191214182121119e-01;8.499493040236053565e-01;1.634542729748637271e+02;2.561260832741503464e+02
6.959999999999999520e-01;5.603612603674413828e-01;8.376038296383875315e-01;1.688732563163172529e+02;2.525486052411345099e+02
6.979999999999999538e-01;5.792796562759112700e-01;8.236784521553677241e-01;1.745247267713600650e+02;2.489606715726237667e+02
6.999999999999999556e-01;5.959476862077087711e-01;8.121977234119626132e-01;1.797713521015884055e+02;2.450495082073674098e+02
7.019999999999999574e-01;6.154307321516707674e-01;7.996939868902708248e-01;1.847494210528651877e+02;2.415626320303421437e+02
7.039999999999999591e-01;6.301560929653045040e-01;7.876630408704141662e-01;1.900176993844786466e+02;2.374080658842315756e+02
7.059999999999999609e-01;6.477747159743152405e-01;7.727527627710764069e-01;1.952201204289961822e+02;2.333267401852637590e+02
7.079999999999999627e-01;6.657437428973551619e-01;7.576753798401935081e-01;2.004077320043322743e+02;2.292460426513700043e+02
7.099999999999999645e-01;6.840112339238915151e-01;7.434244998068558763e-01;2.051096459701973345e+02;2.252536508518982430e+02
7.119999999999999662e-01;6.979033085266569403e-01;7.293769307416690939e-01;2.097910292662603808e+02;2.208490970203515076e+02
7.139999999999999680e-01;7.095702753519188555e-01;7.153132552141221456e-01;2.148085174059750955e+02;2.159857335370569729e+02
7.159999999999999698e-01;7.279986786147019107e-01;6.972797082690013193e-01;2.193918165729589305e+02;2.115605137408646783e+02
7.179999999999999716e-01;7.432577839790417418e-01;6.813360609510225041e-01;2.240496753326961539e+02;2.070541603179169670e+02
7.199999999999999734e-01;7.544045590162646864e-01;6.673103076321766913e-01;2.282409774998791363e+02;2.021314583698855927e+02
7.219999999999999751e-01;7.739395901817419654e-01;6.481994256653667019e-01;2.323207429247745495e+02;1.975069583952737844e+02
7.239999999999999769e-01;7.840779584640784616e-01;6.351974761606765663e-01;2.365709988116013847e+02;1.922461336136259149e+02
7.259999999999999787e-01;7.971407959196817883e-01;6.165439355336777005e-01;2.408734394266869003e+02;1.872137725822370840e+02
7.279999999999999805e-01;8.088272118963828472e-01;5.997450447032384169e-01;2.449268475619190326e+02;1.819995460693685914e+02
7.299999999999999822e-01;8.213377769531670092e-01;5.820796563855514805e-01;2.487001099133171351e+02;1.767669931688691065e+02
7.319999999999999840e-01;8.354212030057442950e-01;5.636854996000828510e-01;2.524264767454662319e+02;1.716663192502684012e+02
7.339999999999999858e-01;8.463483018082088583e-01;5.450730459899905123e-01;2.558432427543706638e+02;1.662876145961546399e+02
7.359999999999999876e-01;8.569663124055113546e-01;5.296612354110602494e-01;2.593424085552734937e+02;1.607201397161291254e+02
7.379999999999999893e-01;8.676544730954152129e-01;5.097600130668163976e-01;2.629477837458846352e+02;1.552350173194164995e+02
7.399999999999999911e-01;8.780135361206051758e-01;4.925184824987177690e-01;2.660053093138880627e+02;1.494506478350803604e+02
7.419999999999999929e-01;8.873451995992501784e-01;4.743675631688520911e-01;2.693078441113399890e+02;1.438681822165675044e+02
7.439999999999999947e-01;8.943163135226640525e-01;4.559383234249677619e-01;2.723447597941657250e+02;1.379097513641814601e+02
7.459999999999999964e-01;9.068621253836928187e-01;4.372534069844541404e-01;2.751207297608331714e+02;1.322713537119694536e+02
7.479999999999999982e-01;9.155570125196952347e-01;4.162865346573162983e-01;2.779964120819211644e+02;1.262561978607692481e+02
7.500000000000000000e-01;9.241283693632773577e-01;3.990123512020837815e-01;2.806672430557383677e+02;1.205041108947735182e+02
7.520000000000000018e-01;9.296911684865813985e-01;3.791708866438224801e-01;2.832948775485641022e+02;1.145767776330589669e+02
7.540000000000000036e-01;9.372523320726656726e-01;3.595614455814230004e-01;2.855772568277363348e+02;1.082252320561400438e+02
7.560000000000000053e-01;9.479955409824711854e-01;3.377573498002065522e-01;2.877214553551556264e+02;1.022670681125498788e+02
7.580000000000000071e-01;9.482077962448427488e-01;3.190535693141095530e-01;2.900845225592740917e+02;9.586813901356688916e+01
7.600000000000000089e-01;9.527695361255350548e-01;3.017604630860765691e-01;2.920499575405942210e+02;8.971682891721130204e+01
7.620000000000000107e-01;9.645947565995747208e-01;2.789435541937044238e-01;2.938134800755462379e+02;8.376959967932319273e+01
7.640000000000000124e-01;9.734041165703478660e-01;2.586493765363317432e-01;2.955246214412129007e+02;7.754947553001164806e+01
7.660000000000000142e-01;9.721718641255518989e-01;2.398943407366544989e-01;2.974308818947277473e+02;7.109784189110602881e+01
7.680000000000000160e-01;9.761106865839128677e-01;2.196856146425020528e-01;2.989459280446445746e+02;6.466458595435324241e+01
7.700000000000000178e-01;9.799754385965160353e-01;2.006703054373079609e-01;3.001918022359492966e+02;5.819558107907413103e+01
7.720000000000000195e-01;9.823759504539074650e-01;1.793404408462036803e-01;3.013075132419792226e+02;5.174283317167466834e+01
7.740000000000000213e-01;9.868933524482226272e-01;1.597114901947249421e-01;3.025359587818855971e+02;4.535608431570851451e+01
7.760000000000000231e-01;9.924579822103760662e-01;1.385485188644108023e-01;3.034204343695311081e+02;3.903917211845752178e+01
7.780000000000000249e-01;9.926337818139436830e-01;1.188725059400051604e-01;3.044139545240606139e+02;3.235255983193751206e+01
7.800000000000000266e-01;9.949664614229390969e-01;9.961727947663119587e-02;3.049099341630698063e+02;2.594216609401571461e+01
7.820000000000000284e-01;9.939866894152353805e-01;7.980122264094123563e-02;3.053279284886771734e+02;1.934286375426240667e+01
7.840000000000000302e-01;9.946070283105917786e-01;6.113292765656952454e-02;3.057911864972728608e+02;1.276173020632085020e+01
7.860000000000000320e-01;9.960081025416682721e-01;3.867219576486023713e-02;3.062366046626746083e+02;6.158940618429758374e+00
7.880000000000000338e-01;1.000073277238893610e+00;1.597014729620182052e-02;3.062083957349543653e+02;-2.878011729478364700e-01
7.900000000000000355e-01;9.958413234818509485e-01;-4.090819471324913005e-03;3.059738106995833391e+02;-6.983360297250595927e+00
7.920000000000000373e-01;9.984887092053448265e-01;-2.555295859873202985e-02;3.061311912703435496e+02;-1.325331347973738616e+01
7.940000000000000391e-01;9.966332988306542129e-01;-4.528949902769634911e-02;3.057629765424665607e+02;-1.994502115974849943e+01
7.960000000000000409e-01;9.926221993789035025e-01;-6.441285731770873824e-02;3.054756690150653071e+02;-2.658124895148264244e+01
7.980000000000000426e-01;9.925512723892584432e-01;-8.462759398309224745e-02;3.049626475354335753e+02;-3.298364290895358408e+01
8.000000000000000444e-01;9.905562484650266564e-01;-1.033730065571152046e-01;3.042416905938879381e+02;-3.943956227595957387e+01
8.020000000000000462e-01;9.907887304927980310e-01;-1.252368853041497532e-01;3.030357632506616028e+02;-4.581277715556903729e+01
8.040000000000000480e-01;9.900356416409721305e-01;-1.464778025780172910e-01;3.022767718383238389e+02;-5.218072527945480488e+01
8.060000000000000497e-01;9.852607344978426829e-01;-1.669380173918827981e-01;3.011470730811615226e+02;-5.863133259998208047e+01
8.080000000000000515e-01;9.810900255647829749e-01;-1.868718267240223885e-01;2.997854420746409687e+02;-6.503215362917119080e+01
8.100000000000000533e-01;9.763613948646326923e-01;-2.055758545404487714e-01;2.984704142616337208e+02;-7.129443524122217468e+01
8.120000000000000551e-01;9.701048941782814961e-01;-2.238173729012634949e-01;2.968408397149858047e+02;-7.772035912263257273e+01
8.140000000000000568e-01;9.699454494606424282e-01;-2.472364177899630810e-01;2.952637400739704958e+02;-8.396028934426762191e+01
8.160000000000000586e-01;9.611999553375957239e-01;-2.640121134996493146e-01;2.935532756501212930e+02;-9.019613084764093003e+01
8.180000000000000604e-01;9.530864607422259160e-01;-2.835843109776284843e-01;2.916090218088147594e+02;-9.664865626058022485e+01
8.200000000000000622e-01;9.525808242201790899e-01;-3.048761013865294300e-01;2.895237555653281447e+02;-1.025748869495698727e+02
8.220000000000000639e-01;9.435778917223611728e-01;-3.243561649624476240e-01;2.874097508190195072e+02;-1.088235969300799013e+02
8.240000000000000657e-01;9.379042954067010607e-01;-3.454162295581752473e-01;2.848331404881358822e+02;-1.146310012857852172e+02
8.260000000000000675e-01;9.286727041476547928e-01;-3.642118863881577684e-01;2.827195451789222034e+02;-1.208740615050380711e+02
8.280000000000000693e-01;9.187203269399539796e-01;-3.818126929001718350e-01;2.800507951512886393e+02;-1.270248532308188771e+02
8.300000000000000711e-01;9.140461923719307435e-01;-4.016522950178844087e-01;2.773686104264359642e+02;-1.326909943298368546e+02
8.320000000000000728e-01;9.036403560413047709e-01;-4.202692711062528952e-01;2.744532615389481407e+02;-1.387233654940642396e+02
8.340000000000000746e-01;8.943640772342671408e-01;-4.394641373982570154e-01;2.715131575804164754e+02;-1.443155394037225676e+02
8.360000000000000764e-01;8.848972877705463258e-01;-4.581548242473226784e-01;2.685199660842131948e+02;-1.499243082199492108e+02
8.380000000000000782e-01;8.763687442272157790e-01;-4.777215449199255781e-01;2.654072972579048155e+02;-1.557280672266207091e+02
8.400000000000000799e-01;8.656907682672022597e-01;-4.956506625922679210e-01;2.618423554065674921e+02;-1.610956239299091521e+02
8.420000000000000817e-01;8.545563526862389736e-01;-5.139024393923847800e-01;2.585932760809071738e+02;-1.666566094148069510e+02
8.440000000000000835e-01;8.455642261632683176e-01;-5.331677546518351907e-01;2.547825817359116058e+02;-1.721126841154866156e+02
8.460000000000000853e-01;8.318740666290784791e-01;-5.511564320188426791e-01;2.514207005250091242e+02;-1.776256830855833471e+02
8.480000000000000870e-01;8.208180849827579895e-01;-5.682493604006630949e-01;2.475976363946621461e+02;-1.825936631947103592e+02
8.500000000000000888e-01;8.026143129805992649e-01;-5.825909963781802370e-01;2.438097755015720338e+02;-1.881507211171160918e+02
8.519999999999999796e-01;7.935320951832761649e-01;-6.023364306802359014e-01;2.396729710918656622e+02;-1.931271058352117223e+02
8.539999999999999813e-01;7.781614196115171911e-01;-6.196461066626542946e-01;2.356175805469714248e+02;-1.979749387298776355e+02
8.559999999999999831e-01;7.689213978472321243e-01;-6.369046653482846043e-01;2.310819240241865486e+02;-2.027242325744644802e+02
8.579999999999999849e-01;7.543379677124550931e-01;-6.529760843312133467e-01;2.268393058517681311e+02;-2.076575477996665597e+02
8.599999999999999867e-01;7.349006297121324360e-01;-6.688076880076170294e-01;2.226370206869351591e+02;-2.126940765263913420e+02
8.619999999999999885e-01;7.270712358423619959e-01;-6.877270162069964998e-01;2.178602505801413827e+02;-2.169483562648563861e+02
8.639999999999999902e-01;7.088127639807746405e-01;-7.016682216809713157e-01;2.132958515097331258e+02;-2.215831654378634425e+02
8.659999999999999920e-01;6.908071681088367999e-01;-7.163218464648990480e-01;2.084276485019884149e+02;-2.258992872064210644e+02
8.679999999999999938e-01;6.751497704448378157e-01;-7.318729848376039904e-01;2.035672838087160983e+02;-2.303903604982629076e+02
8.699999999999999956e-01;6.615548331968794660e-01;-7.464095269998372029e-01;1.985437210792626672e+02;-2.343600138653011982e+02
8.719999999999999973e-01;6.395792760283944833e-01;-7.601461472573846079e-01;1.934566870199864468e+02;-2.386463884506766249e+02
8.739999999999999991e-01;6.270739543881647116e-01;-7.742858980658913204e-01;1.883339224294711016e+02;-2.427130019061326607e+02
8.760000000000000009e-01;6.094262268691987838e-01;-7.885796125041090177e-01;1.832767591617199514e+02;-2.465757071496115316e+02
8.780000000000000027e-01;5.910102583223404427e-01;-8.028831064565851161e-01;1.778556526902620192e+02;-2.502979466424221187e+02
8.800000000000000044e-01;5.764373792760497661e-01;-8.147027918400665536e-01;1.725564673771181674e+02;-2.538224729956643273e+02
8.820000000000000062e-01;5.578692464555086161e-01;-8.275803469167459792e-01;1.670734189722377607e+02;-2.574205972934581155e+02
8.840000000000000080e-01;5.354815758494518851e-01;-8.388058599839045559e-01;1.616703302637081947e+02;-2.611079165339545511e+02
8.860000000000000098e-01;5.212551888775832643e-01;-8.502573715669379251e-01;1.559651695847019823e+02;-2.643117077282940386e+02
8.880000000000000115e-01;4.993201431015948932e-01;-8.609339889654459288e-01;1.503565219355280647e+02;-2.675683348511473696e+02
8.900000000000000133e-01;4.832567358272104596e-01;-8.721662314738625188e-01;1.444651564730957602e+02;-2.704088357473382302e+02
8.920000000000000151e-01;4.615730803924698589e-01;-8.824572322505828126e-01;1.385144874456790944e+02;-2.734794157594712942e+02
8.940000000000000169e-01;4.454817181102388446e-01;-8.928820456636099578e-01;1.327170105393647077e+02;-2.763141776459252696e+02
8.960000000000000187e-01;4.233627914574579210e-01;-9.009253328905334479e-01;1.268852902637975859e+02;-2.791029332663241576e+02
8.980000000000000204e-01;4.066592501040912078e-01;-9.113939685538801072e-01;1.209032556327766486e+02;-2.814419296144569103e+02
9.000000000000000222e-01;3.848441075226036179e-01;-9.192029338493734603e-01;1.146049184736943118e+02;-2.836288046585099210e+02
9.020000000000000240e-01;3.618748214712061428e-01;-9.271254218038652573e-01;1.086365711210529099e+02;-2.863609305352442789e+02
9.040000000000000258e-01;3.416495661957779095e-01;-9.334298498543924794e-01;1.023888904551455568e+02;-2.883760044130995084e+02
9.060000000000000275e-01;3.207152121224584040e-01;-9.425109334752059809e-01;9.607531164869101303e+01;-2.905742872792889671e+02
9.080000000000000293e-01;3.006053979527569253e-01;-9.490945291730914501e-01;8.993595817112918667e+01;-2.924645918574216807e+02
9.100000000000000311e-01;2.823476999190168146e-01;-9.556671563504857136e-01;8.349677813391795667e+01;-2.940953346559642227e+02
9.120000000000000329e-01;2.575900151751971956e-01;-9.617479591272639627e-01;7.714519244116497987e+01;-2.957243598015492694e+02
9.140000000000000346e-01;2.388960582071198435e-01;-9.681400108646949221e-01;7.082989075171522586e+01;-2.971541420948075825e+02
9.160000000000000364e-01;2.177664095252007104e-01;-9.732795304602820385e-01;6.444146847853666316e+01;-2.985622007152748552e+02
9.179999999999999272e-01;1.949422040668204181e-01;-9.770452071919960568e-01;5.793156667520130298e+01;-2.999396578637528137e+02
9.199999999999999289e-01;1.784720588109273698e-01;-9.817814614256494821e-01;5.128662867797504532e+01;-3.010266596548209463e+02
9.219999999999999307e-01;1.546295733310216192e-01;-9.844137193338344805e-01;4.483932493972827160e+01;-3.020415469808016837e+02
9.239999999999999325e-01;1.358627053815266161e-01;-9.891862238552766584e-01;3.820343235048638064e+01;-3.026265365118069326e+02
9.259999999999999343e-01;1.162004705526385739e-01;-9.930042289256089116e-01;3.170117280814741179e+01;-3.030132941507963551e+02
9.279999999999999361e-01;9.480577668383147194e-02;-9.950036043389267615e-01;2.517533590897648565e+01;-3.038031002835328991e+02
9.299999999999999378e-01;7.120766593084378038e-02;-9.957200366786385093e-01;1.855792154334351807e+01;-3.043211985993821145e+02
9.319999999999999396e-01;5.086149358553403166e-02;-9.988515043105662405e-01;1.200108285579425882e+01;-3.047583726130320088e+02
9.339999999999999414e-01;3.259966596637796366e-02;-9.991125016895147093e-01;5.354352340027122459e+00;-3.046366489828508293e+02
9.359999999999999432e-01;7.337327564222013987e-03;-9.994244085562173918e-01;-1.216486106013725754e+00;-3.046596572693125609e+02
9.379999999999999449e-01;-1.334882989827267108e-02;-1.000936185597307126e+00;-7.947411027971940101e+00;-3.044332780829337253e+02
9.399999999999999467e-01;-3.053230442892949578e-02;-1.001974890204231583e+00;-1.477402976986764926e+01;-3.038832678497625466e+02
9.419999999999999485e-01;-5.763525041863719334e-02;-1.000930532614245028e+00;-2.119374403636251003e+01;-3.036049128942158291e+02
9.439999999999999503e-01;-7.654614413738811129e-02;-9.993290949401287815e-01;-2.793219704259077929e+01;-3.030281413509082995e+02
9.459999999999999520e-01;-1.008973409321635428e-01;-9.978506417425631048e-01;-3.439597349527194581e+01;-3.025419052125864710e+02
9.479999999999999538e-01;-1.177160978913301265e-01;-9.956263766712890595e-01;-4.108067894027417566e+01;-3.015530458631477586e+02
9.499999999999999556e-01;-1.402864387805975444e-01;-9.950209245318202278e-01;-4.726046823989828738e+01;-3.006004843007874001e+02
9.519999999999999574e-01;-1.617336984126523103e-01;-9.925038884566486086e-01;-5.384337970280849106e+01;-2.996708647319239276e+02
9.539999999999999591e-01;-1.830352947637674255e-01;-9.898931766025323986e-01;-6.037753557768144219e+01;-2.984099691368947447e+02
9.559999999999999609e-01;-2.004191027183030438e-01;-9.875935918288683002e-01;-6.684316004215247631e+01;-2.969053306508174614e+02
9.579999999999999627e-01;-2.238287466205886866e-01;-9.822756277150063164e-01;-7.330602209836879979e+01;-2.952853700590295603e+02
9.599999999999999645e-01;-2.404459196508363095e-01;-9.780154502884185197e-01;-7.971911262481513916e+01;-2.933784268407285936e+02
9.619999999999999662e-01;-2.666570370502357457e-01;-9.720868171563898930e-01;-8.598100767675757083e+01;-2.919608375297637508e+02
9.639999999999999680e-01;-2.875790078509010139e-01;-9.675346686423361708e-01;-9.221949368941680802e+01;-2.899285234404606513e+02
9.659999999999999698e-01;-3.085602937963253245e-01;-9.606625753685570368e-01;-9.848136875953682079e+01;-2.880303903813745023e+02
9.679999999999999716e-01;-3.254062004691415932e-01;-9.560600791650685215e-01;-1.046198831184294704e+02;-2.858955856032428642e+02
9.699999999999999734e-01;-3.443652106635789467e-01;-9.503899089245833043e-01;-1.108443984721698570e+02;-2.833313918062396510e+02
9.719999999999999751e-01;-3.658380001525037839e-01;-9.431829150973121134e-01;-1.169348355640126726e+02;-2.809868040663583884e+02
9.739999999999999769e-01;-3.876985604165908428e-01;-9.354268664515152931e-01;-1.228239688192535368e+02;-2.783025930761046425e+02
9.759999999999999787e-01;-4.079835475938167200e-01;-9.269402622017022253e-01;-1.289560620463090004e+02;-2.758045631740994281e+02
9.779999999999999805e-01;-4.262560273173294223e-01;-9.208702961168755419e-01;-1.348195142659489534e+02;-2.729466237516397200e+02
9.799999999999999822e-01;-4.471435156473514416e-01;-9.110514555403689263e-01;-1.406825129238475256e+02;-2.701141070642935347e+02
9.819999999999999840e-01;-4.668259024694568771e-01;-9.014971086468339667e-01;-1.464453454842655447e+02;-2.670516628721532584e+02
9.839999999999999858e-01;-4.861594636692020965e-01;-8.919002273549544446e-01;-1.521238460787551503e+02;-2.638917355832804219e+02
9.859999999999999876e-01;-5.081902173075458773e-01;-8.805925799260301279e-01;-1.576198824410557222e+02;-2.605358931128188260e+02
9.879999999999999893e-01;-5.272873507508578639e-01;-8.694117840015206378e-01;-1.632006702691524254e+02;-2.572507303415811748e+02
9.899999999999999911e-01;-5.429366147670837695e-01;-8.593850352318496144e-01;-1.687861117193393454e+02;-2.534550794227147321e+02
9.919999999999999929e-01;-5.582560324111950356e-01;-8.507127189687327951e-01;-1.740556011101740523e+02;-2.496091913329091767e+02
9.939999999999999947e-01;-5.780762209146353969e-01;-8.378082542761671192e-01;-1.793132075597306709e+02;-2.460589859039570513e+02
9.959999999999999964e-01;-5.961249988721066817e-01;-8.241186409920292499e-01;-1.847872719959308085e+02;-2.419373811504595722e+02
9.979999999999999982e-01;-6.182117330684453460e-01;-8.105374608245583534e-01;-1.896388575012761066e+02;-2.384322859254140781e+02
1.000000000000000000e+00;-6.335600432512075164e-01;-7.981837919416094884e-01;-1.947641470434915618e+02;-2.339943665604531304e+02
1.002000000000000002e+00;-6.489521059325359387e-01;-7.857980363779446531e-01;-1.996710721233031336e+02;-2.297663258482481581e+02
1.004000000000000004e+00;-6.666255275488117693e-01;-7.697380913116408374e-01;-2.045999986518991705e+02;-2.254961100087147372e+02
1.006000000000000005e+00;-6.831497230802534570e-01;-7.567447603797325950e-01;-2.091955224516335932e+02;-2.210484232493494403e+02
1.008000000000000007e+00;-7.010061588503148089e-01;-7.403968339453561587e-01;-2.137129969918620702e+02;-2.166323508590752169e+02
1.010000000000000009e+00;-7.186950899162922735e-01;-7.251207502186065579e-01;-2.185188851988611134e+02;-2.118571235657776413e+02
1.012000000000000011e+00;-7.336387769150229943e-01;-7.082362683855321084e-01;-2.231082082953629993e+02;-2.072628774297946563e+02
1.014000000000000012e+00;-7.446287968567224524e-01;-6.954161338839073281e-01;-2.274886417116378254e+02;-2.020161450847220408e+02
1.016000000000000014e+00;-7.609818919256485792e-01;-6.791706288777402678e-01;-2.315235140761243997e+02;-1.973900588488885148e+02
1.018000000000000016e+00;-7.710307682149132313e-01;-6.621932187399337533e-01;-2.356271976136713988e+02;-1.921448177653511493e+02
1.020000000000000018e+00;-7.900507081423946421e-01;-6.433313417315488225e-01;-2.395854353970812554e+02;-1.872796672556481212e+02
1.022000000000000020e+00;-8.026388071520678125e-01;-6.273364686397205903e-01;-2.435193193450739386e+02;-1.818630665277601963e+02
1.024000000000000021e+00;-8.155260987061788702e-01;-6.086831434480847181e-01;-2.473289274457129920e+02;-1.766942217778651525e+02
1.026000000000000023e+00;-8.265385301868169998e-01;-5.910164798593491309e-01;-2.509130245397745966e+02;-1.713779652116928958e+02
1.028000000000000025e+00;-8.403010504271593017e-01;-5.712228294163866904e-01;-2.545982430207651248e+02;-1.660625158859813837e+02
1.030000000000000027e+00;-8.521463820141095269e-01;-5.546996239166410714e-01;-2.578585188107224440e+02;-1.604706453536172432e+02
1.032000000000000028e+00;-8.632195206790124198e-01;-5.360666002451194290e-01;-2.610940000885742620e+02;-1.547011757648087666e+02
1.034000000000000030e+00;-8.730891655524652961e-01;-5.172823976478826413e-01;-2.641756591450244969e+02;-1.491213160003983944e+02
1.036000000000000032e+00;-8.865438128294119702e-01;-4.965559501331895942e-01;-2.672070975846928604e+02;-1.436315789240738923e+02
1.038000000000000034e+00;-8.976790077557709191e-01;-4.764999640670479764e-01;-2.701328621008584605e+02;-1.377227110503666268e+02
1.040000000000000036e+00;-9.079830930529810828e-01;-4.569271724833749992e-01;-2.730084544838851457e+02;-1.320855013854183824e+02
1.042000000000000037e+00;-9.132375088163371402e-01;-4.377429532977017423e-01;-2.758062352898322160e+02;-1.261227777381982378e+02
1.044000000000000039e+00;-9.188653328097851070e-01;-4.187029438274592619e-01;-2.783831299888901185e+02;-1.196452217152713757e+02
1.046000000000000041e+00;-9.279823477773051499e-01;-3.996002809230837505e-01;-2.808404035812024517e+02;-1.137149962942946360e+02
1.048000000000000043e+00;-9.382794502018043659e-01;-3.771989294300021056e-01;-2.828382034524498181e+02;-1.077549539047980289e+02
1.050000000000000044e+00;-9.470278277497348185e-01;-3.565394005512181885e-01;-2.849905986582731430e+02;-1.017411118971856752e+02
1.052000000000000046e+00;-9.512098505014373595e-01;-3.381217006651957568e-01;-2.870715103444227907e+02;-9.540754737033797994e+01
1.054000000000000048e+00;-9.563178185775249585e-01;-3.146668088918544437e-01;-2.888661749405733872e+02;-8.917117377308106541e+01
1.056000000000000050e+00;-9.631464000320024699e-01;-2.948314074565522303e-01;-2.904241122649713134e+02;-8.289682777127740110e+01
1.058000000000000052e+00;-9.733669534830877712e-01;-2.721720442691974995e-01;-2.919825815979473873e+02;-7.686267527830307245e+01
1.060000000000000053e+00;-9.743575466075814484e-01;-2.527018935367906782e-01;-2.935640276688495192e+02;-7.015693402468578199e+01
1.062000000000000055e+00;-9.773497629256479025e-01;-2.312063554785536712e-01;-2.950121153553278646e+02;-6.374259062161170419e+01
1.064000000000000057e+00;-9.833536538861535892e-01;-2.084400353483936708e-01;-2.959402572576706234e+02;-5.749048163475453066e+01
1.066000000000000059e+00;-9.838033820135885232e-01;-1.886379652263522888e-01;-2.970268561678462902e+02;-5.095474042234080514e+01
1.068000000000000060e+00;-9.879169385989980956e-01;-1.695401635524156903e-01;-2.979436142995580212e+02;-4.468367351865050097e+01
1.070000000000000062e+00;-9.899983483164529474e-01;-1.470514704023680452e-01;-2.988266463315356987e+02;-3.786344749947848953e+01
1.072000000000000064e+00;-9.930490322857933316e-01;-1.260740896507769881e-01;-2.992528129805745607e+02;-3.140586406456648660e+01
1.074000000000000066e+00;-9.981770055297950472e-01;-1.022638283428101980e-01;-2.997611973756546604e+02;-2.509889123940570244e+01
1.076000000000000068e+00;-9.955183484306445729e-01;-8.343259549401295383e-02;-2.999794963163489001e+02;-1.822623499667822244e+01
1.078000000000000069e+00;-9.979678339990087910e-01;-5.906990636052279753e-02;-3.003031982870272145e+02;-1.173233555962672803e+01
1.080000000000000071e+00;-9.943507735366257094e-01;-4.027136636522676144e-02;-3.002852567183963401e+02;-5.007694973914995629e+00
1.082000000000000073e+00;-9.992941781135504797e-01;-1.709101548678425980e-02;-3.003002081764823856e+02;1.329691322725497837e+00
1.084000000000000075e+00;-9.955435486609335305e-01;4.689051699243330408e-03;-3.001275174244080404e+02;8.088120594395260099e+00
1.086000000000000076e+00;-9.942439822749747913e-01;2.761865923532900308e-02;-2.997230694925984267e+02;1.458483166758755978e+01
1.088000000000000078e+00;-9.936382284047697855e-01;4.921983141547724844e-02;-2.991870190428697356e+02;2.117879789593461481e+01
1.090000000000000080e+00;-9.920528178039600409e-01;7.045743161655597386e-02;-2.986120659070052739e+02;2.778940715124601724e+01
1.092000000000000082e+00;-9.860222141522749784e-01;9.277234902664187322e-02;-2.978172444466911202e+02;3.446401050577186709e+01
1.094000000000000083e+00;-9.825979918323332063e-01;1.129563591176901693e-01;-2.969737629784023625e+02;4.106929949109139955e+01
1.096000000000000085e+00;-9.828214029701387577e-01;1.356573865691908520e-01;-2.958587397317237446e+02;4.707002534586737852e+01
1.098000000000000087e+00;-9.790118310799498236e-01;1.568103976637184038e-01;-2.942462025845221660e+02;5.366370877006137619e+01
1.100000000000000089e+00;-9.749942606446382332e-01;1.785862898903647911e-01;-2.930329155889138519e+02;6.017281977679927252e+01
1.102000000000000091e+00;-9.724487550880145381e-01;2.017791198407553888e-01;-2.916369463402289739e+02;6.658150836299536479e+01
1.104000000000000092e+00;-9.656168399046567430e-01;2.225110728696306772e-01;-2.901869116672293671e+02;7.308087121153776877e+01
1.106000000000000094e+00;-9.606783716208153745e-01;2.432358381934177083e-01;-2.881395082809430619e+02;7.916588170216843423e+01
1.108000000000000096e+00;-9.560160464828717508e-01;2.640967503401214778e-01;-2.862653950222639878e+02;8.545434738195379509e+01
1.110000000000000098e+00;-9.497305038547405598e-01;2.858194869071880029e-01;-2.844613408082415162e+02;9.178513385653272394e+01
1.112000000000000099e+00;-9.398929334771064514e-01;3.051332610590872796e-01;-2.822691409170136581e+02;9.803028519703664756e+01
1.114000000000000101e+00;-9.312778253089127878e-01;3.269828113020355476e-01;-2.798166685465101864e+02;1.042514422185241045e+02
1.116000000000000103e+00;-9.252194677644111076e-01;3.474890259702980710e-01;-2.772438130294434586e+02;1.104207320726809058e+02
1.118000000000000105e+00;-9.175457025520270538e-01;3.709473157055073189e-01;-2.747933028289425010e+02;1.163237775104324356e+02
1.120000000000000107e+00;-9.099107298404233157e-01;3.925693945231213955e-01;-2.722860795347755811e+02;1.223591377010540100e+02
1.121999999999999886e+00;-8.973845628331446056e-01;4.107824220129916992e-01;-2.695489605173431187e+02;1.285703445089023376e+02
1.124000000000000110e+00;-8.918027357230551289e-01;4.317071293394459386e-01;-2.665143390123274685e+02;1.341251137733174232e+02
1.125999999999999890e+00;-8.816364325550765102e-01;4.524071767319363113e-01;-2.632705146035728490e+02;1.397955312042167293e+02
1.128000000000000114e+00;-8.663336721162719911e-01;4.708611079054455528e-01;-2.600626025944122830e+02;1.458979361112624815e+02
1.129999999999999893e+00;-8.573974371212196299e-01;4.904701149747356936e-01;-2.567030737528076543e+02;1.514845706802824452e+02
1.132000000000000117e+00;-8.468610976620707387e-01;5.088455435208183442e-01;-2.532526169244774792e+02;1.570875395506648431e+02
1.133999999999999897e+00;-8.368119379148619696e-01;5.289507115168315954e-01;-2.495610376054061419e+02;1.625182478328737545e+02
1.136000000000000121e+00;-8.214454534201165448e-01;5.497621379648183204e-01;-2.460779479804524215e+02;1.681131608230872985e+02
1.137999999999999901e+00;-8.072011824735406682e-01;5.680133787879941831e-01;-2.422416990110974950e+02;1.737220241909571428e+02
1.140000000000000124e+00;-7.949030904807243836e-01;5.858250490686605083e-01;-2.384119119599714054e+02;1.787449854467550381e+02
1.141999999999999904e+00;-7.814898141604942339e-01;6.040758581520357939e-01;-2.343526160865803831e+02;1.840401847051776087e+02
1.144000000000000128e+00;-7.671325116475780082e-01;6.223001396388735396e-01;-2.302591176498087009e+02;1.891557120753565187e+02
1.145999999999999908e+00;-7.529014155986901713e-01;6.390456220757695371e-01;-2.259464245407971248e+02;1.941929117480883633e+02
1.147999999999999909e+00;-7.409714070613688808e-01;6.594157455891797026e-01;-2.214203729721371587e+02;1.987595593271010443e+02
1.149999999999999911e+00;-7.211529758606796126e-01;6.727364904333803519e-01;-2.172948001829638542e+02;2.041434002683495805e+02
1.151999999999999913e+00;-7.052442168249642984e-01;6.914645900243439058e-01;-2.128219444513149483e+02;2.087478037530962922e+02
1.153999999999999915e+00;-6.882322323391837360e-01;7.068618128901067443e-01;-2.078773656343952894e+02;2.134876640117765305e+02
1.155999999999999917e+00;-6.721166788370529499e-01;7.253179356965823166e-01;-2.032957967722379919e+02;2.179994110844950796e+02
1.157999999999999918e+00;-6.550840731872361600e-01;7.401725893993382766e-01;-1.982716075082132363e+02;2.223663467378146947e+02
1.159999999999999920e+00;-6.350544591588486165e-01;7.530036488947753348e-01;-1.934660052951776947e+02;2.268349698781352402e+02
1.161999999999999922e+00;-6.192510337344913074e-01;7.704846212651006443e-01;-1.883305432576970304e+02;2.309386390232006647e+02
1.163999999999999924e+00;-6.062321420988538989e-01;7.873233929195406766e-01;-1.832155551544714172e+02;2.349553241617288109e+02
1.165999999999999925e+00;-5.858028669772464836e-01;7.994338548436045189e-01;-1.779861176858727845e+02;2.388821100073229502e+02
1.167999999999999927e+00;-5.690879149917428270e-01;8.136234716216929064e-01;-1.725629862518321715e+02;2.428731842110697130e+02
1.169999999999999929e+00;-5.474941538037463307e-01;8.245799446826069801e-01;-1.673957323097045844e+02;2.468589004304854484e+02
1.171999999999999931e+00;-5.279324647055805286e-01;8.379349548626944255e-01;-1.619887846726745693e+02;2.503971456738230756e+02
1.173999999999999932e+00;-5.052909991244994847e-01;8.486662173722899771e-01;-1.562552361231119846e+02;2.541403304941156023e+02
1.175999999999999934e+00;-4.872748718794622791e-01;8.611956272819301095e-01;-1.507551116611692237e+02;2.576307612057163965e+02
1.177999999999999936e+00;-4.733890194657481842e-01;8.727054826484405003e-01;-1.449018698376929990e+02;2.606703569769000524e+02
1.179999999999999938e+00;-4.514132750202555222e-01;8.835612648389028490e-01;-1.392225522822926678e+02;2.638193068139995603e+02
1.181999999999999940e+00;-4.328853084991635680e-01;8.947820067461904614e-01;-1.335390377857981434e+02;2.669444881227105952e+02
1.183999999999999941e+00;-4.106162134133811703e-01;9.037055084550311701e-01;-1.274985180277144536e+02;2.698165161616496448e+02
1.185999999999999943e+00;-3.912467863157745862e-01;9.154651934971866911e-01;-1.215883311315630380e+02;2.727014784846165867e+02
1.187999999999999945e+00;-3.691906486937567289e-01;9.225691927971014783e-01;-1.154888690815065786e+02;2.754395261018275392e+02
1.189999999999999947e+00;-3.479024079015530235e-01;9.304465441179164964e-01;-1.096181715917853410e+02;2.778619011286010618e+02
1.191999999999999948e+00;-3.279555837025499576e-01;9.391561347057590936e-01;-1.034410978798889857e+02;2.805236312187145700e+02
1.193999999999999950e+00;-3.059474092100723519e-01;9.457899991781528737e-01;-9.719352085300485555e+01;2.826973350709059218e+02
1.195999999999999952e+00;-2.859142093720422051e-01;9.514871330262744120e-01;-9.099121787455948152e+01;2.847169484569650422e+02
1.197999999999999954e+00;-2.673896230415707675e-01;9.594978103578448714e-01;-8.465198283069248930e+01;2.867706264532316141e+02
1.199999999999999956e+00;-2.409895065233644273e-01;9.648276076023269976e-01;-7.846635280512532518e+01;2.887359610766904439e+02
1.201999999999999957e+00;-2.185763536605083990e-01;9.679243676375147709e-01;-7.214090370797553931e+01;2.906599948535392173e+02
1.203999999999999959e+00;-1.941162326940618910e-01;9.739809049615640868e-01;-6.571880335327850275e+01;2.923233621037239800e+02
1.205999999999999961e+00;-1.760854520385371491e-01;9.783713849032021903e-01;-5.928790495211946876e+01;2.935612518551563994e+02
1.207999999999999963e+00;-1.537794796969092492e-01;9.819480244100893263e-01;-5.288384997916099195e+01;2.950519516010268148e+02
1.209999999999999964e+00;-1.343155918374973889e-01;9.850099528327153076e-01;-4.653246420245380932e+01;2.962523154199765827e+02
1.211999999999999966e+00;-1.125355052601844930e-01;9.883707876124437908e-01;-3.987663726816184351e+01;2.972265592309628346e+02
1.213999999999999968e+00;-9.397929339678566529e-02;9.933419769632576557e-01;-3.337581700890596892e+01;2.978292728007152732e+02
1.215999999999999970e+00;-6.807708261615455503e-02;9.930724345364199124e-01;-2.671300327251275775e+01;2.988973889129526356e+02
1.217999999999999972e+00;-4.758373397910897751e-02;9.937331790807506504e-01;-2.034312112404511197e+01;2.995209193243509276e+02
1.219999999999999973e+00;-2.578963161035728938e-02;9.965027442561928961e-01;-1.384850997581439458e+01;3.000564157001281842e+02
1.221999999999999975e+00;-1.126271659550475519e-03;9.966801209906932524e-01;-7.391215760677932956e+00;3.004091778723258130e+02
1.223999999999999977e+00;1.888509929044344254e-02;9.974041990292537019e-01;-3.954844139704328798e-01;3.005270116806939882e+02
1.225999999999999979e+00;3.656624602794984052e-02;9.988178440975958861e-01;5.955116146226879792e+00;3.003532440898258074e+02
1.227999999999999980e+00;6.074263690071466520e-02;9.972270446531258381e-01;1.265248159881641143e+01;3.003987370176529907e+02
1.229999999999999982e+00;8.343324095596334200e-02;9.937480852096868267e-01;1.905342815582122995e+01;3.003920248496114596e+02
1.231999999999999984e+00;1.057129477158280234e-01;9.932889692886250899e-01;2.554293992373088074e+01;3.001772358452145681e+02
1.233999999999999986e+00;1.272715184585737069e-01;9.916799293660730763e-01;3.211789447579806023e+01;2.997297506271747807e+02
1.235999999999999988e+00;1.454099535866812953e-01;9.895304296243248032e-01;3.865035022604347148e+01;2.986728808977028393e+02
1.237999999999999989e+00;1.648564445542745061e-01;9.876820769866707650e-01;4.513419436426781317e+01;2.977845184048895817e+02
1.239999999999999991e+00;1.866865964915198628e-01;9.832052299460602995e-01;5.149451779194335899e+01;2.969900906002048941e+02
1.241999999999999993e+00;2.064285094774826190e-01;9.815180779157974822e-01;5.782727224398704635e+01;2.958606607891244380e+02
1.243999999999999995e+00;2.297024727459147098e-01;9.759750975697116804e-01;6.451098146452744686e+01;2.946289328998057613e+02
1.245999999999999996e+00;2.491570947901649846e-01;9.713405555803038549e-01;7.099987635796169627e+01;2.933806844978122967e+02
1.247999999999999998e+00;2.712408711132293648e-01;9.661405296346747829e-01;7.732645368082550874e+01;2.919674218635216789e+02
1.250000000000000000e+00;2.945101818716975295e-01;9.576217132455291381e-01;8.375959012084625499e+01;2.906726834264972013e+02
1.252000000000000002e+00;3.117678921347690202e-01;9.538805841171343891e-01;8.985064820682889319e+01;2.885374218889715507e+02
1.254000000000000004e+00;3.292704028615861533e-01;9.489395226617217682e-01;9.608889602682386055e+01;2.865616152605566640e+02
1.256000000000000005e+00;3.510209246047836240e-01;9.425962697669248991e-01;1.022077956585352041e+02;2.845653886882481061e+02
1.258000000000000007e+00;3.712936203033234683e-01;9.328945106997317271e-01;1.084924987945128976e+02;2.826659821228986402e+02
1.260000000000000009e+00;3.916415650934216841e-01;9.265038623128152295e-01;1.146298018751534755e+02;2.803264772260279187e+02
1.262000000000000011e+00;4.124473305258077316e-01;9.184367260984783732e-01;1.207637750594887223e+02;2.778858062482999571e+02
1.264000000000000012e+00;4.314067291647168401e-01;9.085050909073031367e-01;1.268950873896830274e+02;2.752714398958711399e+02
1.266000000000000014e+00;4.501224283646042545e-01;8.995129827066156158e-01;1.325542897061475003e+02;2.723906731194736039e+02
1.268000000000000016e+00;4.708595202890129561e-01;8.903239138067073899e-01;1.383465231731376548e+02;2.699345880252309371e+02
1.270000000000000018e+00;4.910753565518184982e-01;8.799825044658826645e-01;1.442761558744304011e+02;2.671679625138562528e+02
1.272000000000000020e+00;5.102025941838455037e-01;8.689913700504702243e-01;1.500261217988227429e+02;2.639919809189653392e+02
1.274000000000000021e+00;5.282051484149427045e-01;8.582961893229896777e-01;1.556852521874228046e+02;2.606501659873100607e+02
1.276000000000000023e+00;5.440085364657060163e-01;8.477707441068560446e-01;1.613228545953288062e+02;2.574295928986897479e+02
1.278000000000000025e+00;5.565989529439987482e-01;8.383048081246107230e-01;1.669335624803160840e+02;2.535973116391606652e+02
1.280000000000000027e+00;5.784678497963352539e-01;8.256337523771151155e-01;1.722791347924583079e+02;2.503829195405474479e+02
1.282000000000000028e+00;5.944902727167914458e-01;8.129593586001047090e-01;1.777361988318562567e+02;2.466441567819545071e+02
1.284000000000000030e+00;6.132001249490512951e-01;7.993774167340410575e-01;1.830138932872686439e+02;2.429173433530405930e+02
1.286000000000000032e+00;6.291679675143118100e-01;7.865496110506888794e-01;1.881957765578025032e+02;2.387930199095877413e+02
1.288000000000000034e+00;6.493565528775763207e-01;7.712646745027305073e-01;1.933944046642610886e+02;2.351462687836952625e+02
1.290000000000000036e+00;6.648310067803040457e-01;7.583127357300225579e-01;1.983464448512440015e+02;2.310726851622186473e+02
1.292000000000000037e+00;6.791960764218469837e-01;7.453036438692872689e-01;2.033138216548442756e+02;2.265705471903589512e+02
1.294000000000000039e+00;6.934521407892829670e-01;7.313126730652852459e-01;2.082320149957994602e+02;2.223266414513582276e+02
1.296000000000000041e+00;7.116090242117905085e-01;7.169611273741952617e-01;2.128927425717263304e+02;2.179034864335190775e+02
1.298000000000000043e+00;7.253660500325213034e-01;7.020483979232252647e-01;2.175636586836994297e+02;2.131578597830308865e+02
1.300000000000000044e+00;7.386879078303224544e-01;6.863196076459061601e-01;2.220335833382951591e+02;2.087215698335420768e+02
1.302000000000000046e+00;7.543511828454184664e-01;6.689399281284564847e-01;2.265908217392447455e+02;2.040526748699828090e+02
1.304000000000000048e+00;7.691666147197447900e-01;6.518208787512673741e-01;2.307707138276082901e+02;1.991285643656359241e+02
1.306000000000000050e+00;7.818058769776946582e-01;6.349787129748232228e-01;2.351337294950336911e+02;1.941816639590678619e+02
1.308000000000000052e+00;7.949946332026878171e-01;6.193588133453000744e-01;2.393096756288165636e+02;1.892765139670739813e+02
1.310000000000000053e+00;8.082735586299923947e-01;6.041810659939162997e-01;2.430355960490215637e+02;1.841317446213402604e+02
1.312000000000000055e+00;8.200990961328002982e-01;5.853280561924122383e-01;2.471247768665294302e+02;1.791308127096380360e+02
1.314000000000000057e+00;8.319420400481820632e-01;5.685501986929115681e-01;2.508076588003803522e+02;1.736732105644598505e+02
1.316000000000000059e+00;8.413426158276593458e-01;5.513268311151791057e-01;2.546332701932618932e+02;1.682468395552071172e+02
1.318000000000000060e+00;8.523977025027020815e-01;5.341215129683964946e-01;2.583239045356718862e+02;1.627277916367875434e+02
1.320000000000000062e+00;8.661614874631456962e-01;5.136010920340302599e-01;2.614552249117694487e+02;1.573534590628143519e+02
1.322000000000000064e+00;8.748283837563318732e-01;4.971578262215584632e-01;2.649725606477732072e+02;1.518023873473267997e+02
1.324000000000000066e+00;8.839109145182906246e-01;4.799761620035501442e-01;2.679213667265511276e+02;1.459362563375760260e+02
1.326000000000000068e+00;8.949367472447699035e-01;4.603630585629659988e-01;2.712560508368278533e+02;1.401450258307542356e+02
1.328000000000000069e+00;8.998779248978614476e-01;4.433001365759303702e-01;2.741113110397819241e+02;1.343912125308831662e+02
1.330000000000000071e+00;9.105517900626127759e-01;4.234842225303062646e-01;2.769210226227874045e+02;1.285583164150352218e+02
1.332000000000000073e+00;9.201958747348065737e-01;4.043636501364967772e-01;2.798050978350922264e+02;1.228103010508523312e+02
1.334000000000000075e+00;9.267825383490491120e-01;3.866602295663674194e-01;2.820228375469944808e+02;1.166900088640295934e+02
1.336000000000000076e+00;9.342513013238761266e-01;3.673120433934190521e-01;2.845838506146485543e+02;1.107569276011998483e+02
1.338000000000000078e+00;9.412596221998169588e-01;3.460041564211165377e-01;2.870243805108883066e+02;1.046425915141013547e+02
1.340000000000000080e+00;9.471709845740502454e-01;3.264091501709976417e-01;2.891444382624760010e+02;9.848768379030987319e+01
1.342000000000000082e+00;9.579786107893270009e-01;3.063461397087897664e-01;2.912409292922801569e+02;9.229900256995968277e+01
1.344000000000000083e+00;9.614055858424028767e-01;2.865208411189130722e-01;2.933027406597750542e+02;8.597278232954487009e+01
1.346000000000000085e+00;9.641939006430846337e-01;2.697795388508327230e-01;2.949471019611394240e+02;7.983109876831244378e+01
1.348000000000000087e+00;9.694304826589711377e-01;2.497173317284072935e-01;2.967843494127466215e+02;7.327728593145539548e+01
1.350000000000000089e+00;9.738783752264786875e-01;2.307194747716403427e-01;2.983597097372745566e+02;6.698942553134489231e+01
1.351999999999999869e+00;9.798021291645394593e-01;2.093313718477344543e-01;2.997334398872985162e+02;6.056495405780456309e+01
1.354000000000000092e+00;9.813311052655462330e-01;1.907300153493367012e-01;3.010007416269988312e+02;5.427187889909040308e+01
1.355999999999999872e+00;9.865624828887924469e-01;1.700756015404842614e-01;3.021794811833522090e+02;4.769026280610844282e+01
1.358000000000000096e+00;9.888633449171100320e-01;1.497809050099172257e-01;3.029711557735611791e+02;4.151792871858873468e+01
1.359999999999999876e+00;9.905901962381040704e-01;1.313725681538179257e-01;3.038897318922323052e+02;3.522654031581479472e+01
1.362000000000000099e+00;9.912828133884641346e-01;1.122884958612844486e-01;3.045854743415844723e+02;2.838859398624325792e+01
1.363999999999999879e+00;9.950290907386214467e-01;9.212527611841285491e-02;3.051905755209562017e+02;2.190218376661330524e+01
1.366000000000000103e+00;9.948394723255873373e-01;7.372107240185821198e-02;3.057718852270016896e+02;1.540906988927233101e+01
1.367999999999999883e+00;9.976110626305283446e-01;5.194526199597654381e-02;3.059938553316410434e+02;8.899538764271252234e+00
1.370000000000000107e+00;1.000146133242957314e+00;3.028702629915832473e-02;3.061185715139088188e+02;2.418068432950856383e+00
1.371999999999999886e+00;1.001087248277913400e+00;6.907978949060926584e-03;3.063954642196861187e+02;-4.343114745270949761e+00
1.374000000000000110e+00;9.999947961191857360e-01;-1.317256247268595339e-02;3.060525013557783041e+02;-1.066741044256708904e+01
1.375999999999999890e+00;9.964487031569170261e-01;-3.176611037458951237e-02;3.059997930730186795e+02;-1.740671237256191972e+01
1.378000000000000114e+00;9.982741727348356520e-01;-4.954979031925645094e-02;3.055135317188745034e+02;-2.370153944520551192e+01
1.379999999999999893e+00;9.952896395686396946e-01;-7.210882395925174992e-02;3.051222701890267786e+02;-3.011546816477322253e+01
1.382000000000000117e+00;9.921483186680848387e-01;-9.136404776497840385e-02;3.043270846280748856e+02;-3.679663062969289200e+01
1.383999999999999897e+00;9.911081345482297689e-01;-1.122322626444058058e-01;3.035407283988324139e+02;-4.336348050407464427e+01
1.386000000000000121e+00;9.909086956806323343e-01;-1.317861623542446459e-01;3.026651895105301833e+02;-4.963920286146693428e+01
1.387999999999999901e+00;9.849158445551884355e-01;-1.511210840037583991e-01;3.017732132007670884e+02;-5.636240591686394197e+01
1.390000000000000124e+00;9.802762029550271539e-01;-1.686652206648927843e-01;3.004703711249883895e+02;-6.266879806357118099e+01
1.391999999999999904e+00;9.790166698605478057e-01;-1.897782710537399553e-01;2.990447419164732423e+02;-6.897128007842489694e+01
1.394000000000000128e+00;9.745795906127410202e-01;-2.099048526089216937e-01;2.975066777006490497e+02;-7.532993241976252818e+01
1.395999999999999908e+00;9.676294134699727767e-01;-2.282935879695901504e-01;2.959623944455175319e+02;-8.190247037520506979e+01
1.398000000000000131e+00;9.640768890594832996e-01;-2.482027419392530410e-01;2.941621303625922792e+02;-8.797862877142492266e+01
1.399999999999999911e+00;9.605497453079460124e-01;-2.687640740791146232e-01;2.924633547183302085e+02;-9.404541492403151892e+01
1.402000000000000135e+00;9.548127326190682940e-01;-2.889286965134617025e-01;2.902488815020668653e+02;-1.002087419327890956e+02
1.403999999999999915e+00;9.481239521022699623e-01;-3.070865786766986405e-01;2.880844756379657952e+02;-1.064774696202784128e+02
1.406000000000000139e+00;9.408455512713282953e-01;-3.282097477804568619e-01;2.859879808283671423e+02;-1.125023666786338765e+02
1.407999999999999918e+00;9.346190207839739639e-01;-3.479799163950001994e-01;2.834787132552586399e+02;-1.186152738946502438e+02
1.410000000000000142e+00;9.257298475100480539e-01;-3.662219262320692281e-01;2.810707402983933889e+02;-1.244971640718957389e+02
1.411999999999999922e+00;9.188367638769348034e-01;-3.848998025420140578e-01;2.784201298779207718e+02;-1.303522134832667803e+02
1.414000000000000146e+00;9.123887696243666579e-01;-4.059586465008270251e-01;2.755103048770408236e+02;-1.362561370352968595e+02
1.415999999999999925e+00;9.063912734541743621e-01;-4.246848578489313408e-01;2.726793283312497351e+02;-1.419081304004721176e+02
1.417999999999999927e+00;8.948509606202676991e-01;-4.415359262771237359e-01;2.695851238262591210e+02;-1.476667101927274928e+02
1.419999999999999929e+00;8.819355275702195351e-01;-4.612027371878541504e-01;2.665548175380855014e+02;-1.534980543554727888e+02
1.421999999999999931e+00;8.775118599209449366e-01;-4.801635071717212933e-01;2.631245306393562373e+02;-1.588481959743248524e+02
1.423999999999999932e+00;8.628637513521113522e-01;-4.976492769679876638e-01;2.599348309168173614e+02;-1.646420143557918720e+02
1.425999999999999934e+00;8.507189830006487430e-01;-5.143889160744087308e-01;2.564806246803640306e+02;-1.704312308399545373e+02
1.427999999999999936e+00;8.433136449331968265e-01;-5.350600000850379567e-01;2.528729493925034717e+02;-1.755283505850635493e+02
1.429999999999999938e+00;8.300325179085217275e-01;-5.515650660240167813e-01;2.491123847630219643e+02;-1.807169764934987484e+02
1.431999999999999940e+00;8.178808293016341935e-01;-5.689314028084664354e-01;2.450538665029844196e+02;-1.859056397447661482e+02
1.433999999999999941e+00;8.046976737400253210e-01;-5.856144034381571828e-01;2.412150253432677403e+02;-1.910831561594684445e+02
1.435999999999999943e+00;7.936031445117379679e-01;-6.039394111937562704e-01;2.371736589356491152e+02;-1.961327512185553985e+02
1.437999999999999945e+00;7.793902149814349034e-01;-6.217909414344482411e-01;2.328159306678211919e+02;-2.011315502461840481e+02
1.439999999999999947e+00;7.675758129409234742e-01;-6.379787639701424151e-01;2.284430130042032090e+02;-2.057379329290647547e+02
1.441999999999999948e+00;7.504298383856583543e-01;-6.529163712005380260e-01;2.241215334168293225e+02;-2.105814509525845040e+02
1.443999999999999950e+00;7.370561282287810823e-01;-6.713732849770526201e-01;2.195453415002054953e+02;-2.152696400846817255e+02
1.445999999999999952e+00;7.230641616929200932e-01;-6.875764249262145134e-01;2.150887161158831873e+02;-2.197973737209166813e+02
1.447999999999999954e+00;7.073107213790441605e-01;-7.033658196449155131e-01;2.103426336014229605e+02;-2.242834898696325467e+02
1.449999999999999956e+00;6.884808306097538466e-01;-7.171250988783881564e-01;2.054815111323378005e+02;-2.287242743803314227e+02
1.451999999999999957e+00;6.723926345666773052e-01;-7.320386102291553954e-01;2.005352430169575939e+02;-2.331951311940828759e+02
1.453999999999999959e+00;6.590060377560102989e-01;-7.487136849336998301e-01;1.956583097953179617e+02;-2.370595687912387746e+02
1.455999999999999961e+00;6.467072887020364202e-01;-7.643247401887280912e-01;1.904628370476127088e+02;-2.409722367788599513e+02
1.457999999999999963e+00;6.264536968933829275e-01;-7.767658817249853964e-01;1.853148567787652894e+02;-2.450061434461711940e+02
1.459999999999999964e+00;6.096964897046731613e-01;-7.895369705817119055e-01;1.801026169516987068e+02;-2.487899241978389000e+02
1.461999999999999966e+00;5.921875874196425027e-01;-8.046698932542172278e-01;1.746720156241576092e+02;-2.524951947544805080e+02
1.463999999999999968e+00;5.742597045163267966e-01;-8.147656779039514907e-01;1.690965295804833772e+02;-2.560266245859098717e+02
1.465999999999999970e+00;5.526281505318807463e-01;-8.256685942196636541e-01;1.637528384675188704e+02;-2.595653206130936042e+02
1.467999999999999972e+00;5.329501287449531777e-01;-8.404391975359265521e-01;1.582876456137979062e+02;-2.632356766118096516e+02
1.469999999999999973e+00;5.195883737974098526e-01;-8.522898559946634478e-01;1.524653500559638246e+02;-2.662401613216371743e+02
1.471999999999999975e+00;4.993467946425567128e-01;-8.625079472020139582e-01;1.465273011211264134e+02;-2.692789714030926120e+02
1.473999999999999977e+00;4.801333685203847956e-01;-8.738282915312481913e-01;1.408424362233182592e+02;-2.721183616891453312e+02
1.475999999999999979e+00;4.611829621606641227e-01;-8.846555306377041905e-01;1.351225659777704493e+02;-2.750077366999094579e+02
1.477999999999999980e+00;4.420081561032530582e-01;-8.949399383446193790e-01;1.291536877602085553e+02;-2.778414145172216081e+02
1.479999999999999982e+00;4.248807713940472297e-01;-9.026482519129082061e-01;1.229597735279603938e+02;-2.802743425173744640e+02
1.481999999999999984e+00;4.007605519387023030e-01;-9.108776825715981795e-01;1.170316018499680979e+02;-2.832354691394872361e+02
1.483999999999999986e+00;3.813647112545613949e-01;-9.204890686810678346e-01;1.108881852537035400e+02;-2.852830252729050926e+02
1.485999999999999988e+00;3.612980037991887494e-01;-9.291375652198808899e-01;1.046705868625111151e+02;-2.874461846430566538e+02
1.487999999999999989e+00;3.399832032753556943e-01;-9.365660546842489165e-01;9.847612473363275853e+01;-2.895108682805861235e+02
1.489999999999999991e+00;3.182772289967515933e-01;-9.423990316817635327e-01;9.236305387892157626e+01;-2.916903702561050977e+02
1.491999999999999993e+00;2.980266297805602704e-01;-9.496698709334838728e-01;8.610496585243379286e+01;-2.934363811338476467e+02
1.493999999999999995e+00;2.767940123834657928e-01;-9.555991534799428422e-01;7.959160007095884737e+01;-2.949860134911477303e+02
1.495999999999999996e+00;2.556202341815224655e-01;-9.608635058047096944e-01;7.319526310010941472e+01;-2.964299916009932758e+02
1.497999999999999998e+00;2.378362687021128574e-01;-9.693480861040605356e-01;6.694713136709040668e+01;-2.979005192356442535e+02
1.500000000000000000e+00;2.105862981610887030e-01;-9.716580413539832595e-01;6.034855897804468583e+01;-2.994421609950380230e+02
1.502000000000000002e+00;1.922949015218093360e-01;-9.780696241127404544e-01;5.394066889908356188e+01;-3.002752746653105760e+02
1.504000000000000004e+00;1.740515061373332506e-01;-9.828152204426855443e-01;4.733884139631864230e+01;-3.014045600666267433e+02
1.506000000000000005e+00;1.519270798935545286e-01;-9.863811565105867762e-01;4.071319002928343878e+01;-3.023184560131581406e+02
1.508000000000000007e+00;1.274609755384742693e-01;-9.882827758422179087e-01;3.418405568247483473e+01;-3.032040695317319319e+02
1.510000000000000009e+00;1.109065365652405211e-01;-9.929151684326413818e-01;2.764039425266120631e+01;-3.036962148774358639e+02
1.512000000000000011e+00;8.854662133493054754e-02;-9.959770758569572724e-01;2.100360914500239318e+01;-3.040844212716681341e+02
1.514000000000000012e+00;6.608648299677580273e-02;-9.975271828150070741e-01;1.441070614004421557e+01;-3.042929945100862597e+02
1.516000000000000014e+00;4.314410936279090836e-02;-9.974007304947972719e-01;7.897352023718269720e+00;-3.044458943871501333e+02
1.518000000000000016e+00;2.637402302363990245e-02;-1.001536985749463593e+00;1.380425758248563728e+00;-3.046425864207728864e+02
1.520000000000000018e+00;7.705300836015332045e-04;-9.994396450273598242e-01;-5.358662457305447546e+00;-3.044911721368172834e+02
1.522000000000000020e+00;-2.085965386317472844e-02;-1.002434375153729240e+00;-1.198689198483213048e+01;-3.042766654219286124e+02
1.524000000000000021e+00;-4.357059098447146200e-02;-1.002242216283337095e+00;-1.856015119295576810e+01;-3.039998038512070480e+02
1.526000000000000023e+00;-6.669185445722011774e-02;-9.989408320979242806e-01;-2.527585555325762812e+01;-3.032166883423357149e+02
1.528000000000000025e+00;-8.770998758872633472e-02;-9.993284410692092612e-01;-3.162762290854024627e+01;-3.027156177996074575e+02
1.530000000000000027e+00;-1.069845675921791417e-01;-9.986143271688930900e-01;-3.846750409616407751e+01;-3.017794825646789150e+02
1.532000000000000028e+00;-1.291004849948523825e-01;-9.959846615556957605e-01;-4.495309359110319036e+01;-3.009769140317868619e+02
1.534000000000000030e+00;-1.513044312645433487e-01;-9.916863559687033591e-01;-5.150129342007589628e+01;-2.999426320042658176e+02
1.536000000000000032e+00;-1.710334212948040888e-01;-9.911495927335263190e-01;-5.776164858389265788e+01;-2.986825050952201082e+02
1.538000000000000034e+00;-1.961399484745582344e-01;-9.875078643070726025e-01;-6.428874666265213023e+01;-2.976613895417586946e+02
1.540000000000000036e+00;-2.188512479359260021e-01;-9.825784935717984947e-01;-7.067766879676155156e+01;-2.959865623214136576e+02
1.542000000000000037e+00;-2.370770002454344050e-01;-9.806319200829219929e-01;-7.700249382971954049e+01;-2.945195059253546219e+02
1.544000000000000039e+00;-2.568591132386775500e-01;-9.758555863947687703e-01;-8.340840696261867038e+01;-2.927357798331182153e+02
1.546000000000000041e+00;-2.775358785861592459e-01;-9.711905310197496144e-01;-8.982114967660967864e+01;-2.907868148799430514e+02
1.548000000000000043e+00;-3.013309427053763034e-01;-9.644611797907423067e-01;-9.614007147109757057e+01;-2.890582730738839814e+02
1.550000000000000044e+00;-3.197118710033459155e-01;-9.558475001684975103e-01;-1.025118072621132796e+02;-2.865809646427725852e+02
1.552000000000000046e+00;-3.416972870672982943e-01;-9.516397824972248065e-01;-1.083253833809944524e+02;-2.846302899241144360e+02
1.554000000000000048e+00;-3.640390392075105730e-01;-9.446939321770251308e-01;-1.144139683587807212e+02;-2.821632282421536502e+02
1.556000000000000050e+00;-3.775886186287496504e-01;-9.395704346315781885e-01;-1.206678152721268162e+02;-2.794093788245142491e+02
1.558000000000000052e+00;-4.040014122925309481e-01;-9.299585144677531279e-01;-1.266076462278724932e+02;-2.770938097744984816e+02
1.560000000000000053e+00;-4.242887886531638841e-01;-9.200008252278161214e-01;-1.325909187705683792e+02;-2.740717108133567876e+02
1.562000000000000055e+00;-4.387520854687784189e-01;-9.148941312770111356e-01;-1.384370183326018662e+02;-2.709157004506026851e+02
1.564000000000000057e+00;-4.607983047122625742e-01;-9.059499400648609591e-01;-1.440840282022205940e+02;-2.680596533867349649e+02
1.566000000000000059e+00;-4.857480737001435012e-01;-8.935120803841941628e-01;-1.498876296337369070e+02;-2.651821676666297662e+02
1.568000000000000060e+00;-5.027060395110680702e-01;-8.834789367223908618e-01;-1.555124999072903904e+02;-2.620962397700476458e+02
1.570000000000000062e+00;-5.210153282878313696e-01;-8.730625581479604103e-01;-1.611466095568753190e+02;-2.583607771308411429e+02
1.572000000000000064e+00;-5.396291139680691185e-01;-8.623256537898669194e-01;-1.666299698193730592e+02;-2.547368127336058876e+02
1.574000000000000066e+00;-5.605213896778038496e-01;-8.502122725126772806e-01;-1.721496499585558979e+02;-2.512311492687530858e+02
1.576000000000000068e+00;-5.779855856423450344e-01;-8.382599316572509895e-01;-1.773014223384425634e+02;-2.475754926710970665e+02
1.578000000000000069e+00;-5.959514021491056912e-01;-8.254989871760172182e-01;-1.824594246214963391e+02;-2.434237435120140560e+02
1.580000000000000071e+00;-6.159516600528524011e-01;-8.112185773010391898e-01;-1.877765977356765177e+02;-2.397183536704040421e+02
1.582000000000000073e+00;-6.318637808694049784e-01;-8.004199607955300166e-01;-1.928715254912735872e+02;-2.354636147109867466e+02
1.584000000000000075e+00;-6.484261622416729320e-01;-7.853804647217057511e-01;-1.979153178205861252e+02;-2.313688860763234914e+02
1.586000000000000076e+00;-6.667314192480821022e-01;-7.718135142414748184e-01;-2.026112741262324164e+02;-2.273394683935339344e+02
1.588000000000000078e+00;-6.875471195898044119e-01;-7.535008650071255420e-01;-2.075092267900336935e+02;-2.230386823081211389e+02
1.590000000000000080e+00;-6.965065375826651195e-01;-7.411874539993010824e-01;-2.121220165705917111e+02;-2.180330474114939534e+02
1.592000000000000082e+00;-7.145021769119782595e-01;-7.259478598784709913e-01;-2.168117508761388876e+02;-2.137924735284184976e+02
1.594000000000000083e+00;-7.294823905316558665e-01;-7.108981821042302807e-01;-2.212187731622219928e+02;-2.088475070858618778e+02
1.596000000000000085e+00;-7.487540634941605155e-01;-6.938008815107059579e-01;-2.256546582310319593e+02;-2.041276058420300217e+02
1.598000000000000087e+00;-7.631605029949615204e-01;-6.791523065506159806e-01;-2.298223439156942618e+02;-1.995148000827819317e+02
1.600000000000000089e+00;-7.754429543807891401e-01;-6.611752590422890208e-01;-2.341865133891341770e+02;-1.943030930210117901e+02
1.602000000000000091e+00;-7.877372209261848113e-01;-6.427223150248535521e-01;-2.383548180485211105e+02;-1.892335139230813184e+02
1.604000000000000092e+00;-8.046421752607683109e-01;-6.240252694586435611e-01;-2.418713907316976020e+02;-1.841086531502780304e+02
1.606000000000000094e+00;-8.196815630470221103e-01;-6.062745820197787960e-01;-2.455267588362026459e+02;-1.791335751526007698e+02
1.608000000000000096e+00;-8.319903641388011195e-01;-5.886871398060294913e-01;-2.493943621515954305e+02;-1.735910505805613013e+02
1.610000000000000098e+00;-8.416620300698735013e-01;-5.708116174591156833e-01;-2.531903218374139612e+02;-1.680836799660028760e+02
1.612000000000000099e+00;-8.515476089024872630e-01;-5.527047543300073196e-01;-2.565575133943326591e+02;-1.625006318785087842e+02
1.614000000000000101e+00;-8.651460522583629409e-01;-5.326432498205332378e-01;-2.599208194505337133e+02;-1.570262317174612576e+02
1.616000000000000103e+00;-8.777911757742848931e-01;-5.131306179012293800e-01;-2.631137779624397695e+02;-1.513960061643785764e+02
1.618000000000000105e+00;-8.862738761776032259e-01;-4.947083360434327837e-01;-2.661814524341721722e+02;-1.457628560087080416e+02
1.620000000000000107e+00;-8.963190812590834389e-01;-4.751685556891437900e-01;-2.690257579226143889e+02;-1.400915238753295284e+02
1.621999999999999886e+00;-9.049918930920473059e-01;-4.552107454311184465e-01;-2.719203515978361452e+02;-1.339041900941272729e+02
1.624000000000000110e+00;-9.157785529927885415e-01;-4.330365284220244471e-01;-2.747603338080102162e+02;-1.281768004469876416e+02
1.625999999999999890e+00;-9.239491921765232707e-01;-4.151124817261867550e-01;-2.771951314174605727e+02;-1.222416960611742809e+02
1.628000000000000114e+00;-9.339358315346195649e-01;-3.948055486054477536e-01;-2.795103537168370735e+02;-1.163578214077875828e+02
1.629999999999999893e+00;-9.374387772140064801e-01;-3.756213902858250853e-01;-2.818318534267265818e+02;-1.102594076962321878e+02
1.632000000000000117e+00;-9.441258528417681983e-01;-3.551773057392527688e-01;-2.841416647285778936e+02;-1.039967327172502820e+02
1.633999999999999897e+00;-9.567554305971548434e-01;-3.325005352525723934e-01;-2.863170385985212647e+02;-9.809708588053211997e+01
1.636000000000000121e+00;-9.604688224524812190e-01;-3.109259515632470938e-01;-2.882270722696105736e+02;-9.159222717794703783e+01
1.637999999999999901e+00;-9.633618228766586133e-01;-2.919221365212999464e-01;-2.897140151519573692e+02;-8.519958172086690240e+01
1.640000000000000124e+00;-9.711185166783142808e-01;-2.690533829061894089e-01;-2.915681081639311287e+02;-7.915754848631708285e+01
1.641999999999999904e+00;-9.734078636384312366e-01;-2.485156502527197941e-01;-2.929648393488461693e+02;-7.256345539581215576e+01
1.644000000000000128e+00;-9.806202629121925085e-01;-2.266295403755993476e-01;-2.943412016547352437e+02;-6.630438884749564465e+01
1.645999999999999908e+00;-9.808718156287927759e-01;-2.061297123342888393e-01;-2.955498635717692650e+02;-5.983155103108330053e+01
1.647999999999999909e+00;-9.857869587299201708e-01;-1.851305784890688311e-01;-2.967554051575895642e+02;-5.339540969983446672e+01
1.649999999999999911e+00;-9.902032816071175692e-01;-1.636586422726171164e-01;-2.976669477192077693e+02;-4.699525742681463214e+01
1.651999999999999913e+00;-9.913977989224689313e-01;-1.417090605457576036e-01;-2.984587888366804691e+02;-4.038520679421153403e+01
1.653999999999999915e+00;-9.927434057370734255e-01;-1.204732443240421891e-01;-2.991810394796684136e+02;-3.394594087604092181e+01
1.655999999999999917e+00;-9.959778702197663591e-01;-9.835429607632877047e-02;-2.997395153242715651e+02;-2.761888639715584759e+01
1.657999999999999918e+00;-9.972729247676547226e-01;-7.667784378906725151e-02;-3.000295848983158749e+02;-2.100532204076180065e+01
1.659999999999999920e+00;-9.990958828641099965e-01;-5.500265497346071980e-02;-3.003316049511703341e+02;-1.452064778223785346e+01
1.661999999999999922e+00;-9.967224112596989594e-01;-3.493736007195998722e-02;-3.001761106939391652e+02;-7.757060273152181828e+00
1.663999999999999924e+00;-9.951851893884862132e-01;-1.413462256916571749e-02;-3.002732956482419127e+02;-1.124764249723105847e+00
1.665999999999999925e+00;-9.981500722280820526e-01;9.157159680405556335e-03;-3.001237797008652706e+02;5.227100679176969855e+00
1.667999999999999927e+00;-9.935951295583228537e-01;3.297480902723230051e-02;-2.997671785311231929e+02;1.208277476562133934e+01
1.669999999999999929e+00;-9.960246063315422171e-01;5.464501738121411989e-02;-2.995062599387006230e+02;1.845764424496785594e+01
1.671999999999999931e+00;-9.907790898342826447e-01;7.530635954525580211e-02;-2.986718791315446424e+02;2.522931512401154563e+01
1.673999999999999932e+00;-9.910272468145633340e-01;9.793505543730733620e-02;-2.981178343057455891e+02;3.173681335072672738e+01
1.675999999999999934e+00;-9.895941050392531579e-01;1.192525488723584493e-01;-2.971936117878982486e+02;3.798232732131678091e+01
1.677999999999999936e+00;-9.801775749304967311e-01;1.388581172989776513e-01;-2.961855569495411373e+02;4.471476417316183927e+01
1.679999999999999938e+00;-9.778803595548934968e-01;1.588698234327184100e-01;-2.949649927630597404e+02;5.098637006674265137e+01
1.681999999999999940e+00;-9.750734056209904299e-01;1.817379181152531387e-01;-2.937330827341338022e+02;5.779892606364298757e+01
1.683999999999999941e+00;-9.725069046412144758e-01;2.026319714077021439e-01;-2.920312100916915483e+02;6.391722466378075751e+01
1.685999999999999943e+00;-9.643664656212227460e-01;2.232808262122341625e-01;-2.906321227589356226e+02;7.052738411305662680e+01
1.687999999999999945e+00;-9.613847255918583912e-01;2.460105121716872068e-01;-2.889035880976064732e+02;7.665171459595163128e+01
1.689999999999999947e+00;-9.520565374917528967e-01;2.638019619575570629e-01;-2.872720982214277115e+02;8.317740159337169814e+01
1.691999999999999948e+00;-9.474348893321733467e-01;2.861901086294820762e-01;-2.851949701223691704e+02;8.934062321829864572e+01
1.693999999999999950e+00;-9.392846989340266628e-01;3.071081813794511173e-01;-2.830688041215622661e+02;9.565147203910548512e+01
1.695999999999999952e+00;-9.331754997529314588e-01;3.274054746641050784e-01;-2.806584299298958172e+02;1.019007244834497357e+02
1.697999999999999954e+00;-9.265545616438168874e-01;3.485378227628130321e-01;-2.781554292113879683e+02;1.078784909212567271e+02
1.699999999999999956e+00;-9.155256510242970602e-01;3.680456019502186260e-01;-2.758856464181429828e+02;1.142556469418003218e+02
1.701999999999999957e+00;-9.118817615908538787e-01;3.912059024349754943e-01;-2.730811469133788023e+02;1.200190966217517570e+02
1.703999999999999959e+00;-8.991329484053143251e-01;4.104247037108220697e-01;-2.704056934515796229e+02;1.260298837261974114e+02
1.705999999999999961e+00;-8.919208493315029518e-01;4.308790390964395423e-01;-2.675219713495973224e+02;1.319240436482325549e+02
1.707999999999999963e+00;-8.785907354768983657e-01;4.504448926623254579e-01;-2.645078490634048762e+02;1.379127583028445088e+02
1.709999999999999964e+00;-8.690021761731617778e-01;4.685030686918504328e-01;-2.613010199732974570e+02;1.436104184433264095e+02
1.711999999999999966e+00;-8.630505433097541701e-01;4.902433677947032886e-01;-2.582411441267055920e+02;1.491741403262694519e+02
1.713999999999999968e+00;-8.501148437592332963e-01;5.094917320134746408e-01;-2.546275034576409269e+02;1.548526296636148629e+02
1.715999999999999970e+00;-8.408391278229780941e-01;5.288454075011432831e-01;-2.510001077533781881e+02;1.603062669312060109e+02
1.717999999999999972e+00;-8.249916791338141042e-01;5.448585590142198676e-01;-2.475902230736136858e+02;1.661253992876789596e+02
1.719999999999999973e+00;-8.097591595353847982e-01;5.633619458887463294e-01;-2.438948493634109127e+02;1.717031130465027502e+02
1.721999999999999975e+00;-7.985178215635542198e-01;5.839054483627029724e-01;-2.399017085951265358e+02;1.766881756813596667e+02
1.723999999999999977e+00;-7.844930723203719092e-01;5.993819393832546805e-01;-2.358368593501480461e+02;1.820137929808093702e+02
1.725999999999999979e+00;-7.705047875999663232e-01;6.185535695027125636e-01;-2.318181800581536152e+02;1.871837655675462031e+02
1.727999999999999980e+00;-7.574532656583573553e-01;6.357966622477516649e-01;-2.275961613164221831e+02;1.921478486291203467e+02
1.729999999999999982e+00;-7.440253076175591396e-01;6.537989290860796165e-01;-2.233819796440997720e+02;1.972751899453113253e+02
1.731999999999999984e+00;-7.267105830830361546e-01;6.693922936604150831e-01;-2.188988070957460934e+02;2.020909580400394248e+02
1.733999999999999986e+00;-7.093297095950321651e-01;6.841648430115513380e-01;-2.142894558617213931e+02;2.068794680664609018e+02
1.735999999999999988e+00;-6.949603366682983729e-01;7.029814953794730759e-01;-2.096629815081902564e+02;2.114353196073147387e+02
1.737999999999999989e+00;-6.769604902456654028e-01;7.180303861881623950e-01;-2.049486122284770886e+02;2.162038234289855154e+02
1.739999999999999991e+00;-6.640000283347095023e-01;7.352995185871333828e-01;-2.002721217356103125e+02;2.206280702277156820e+02
1.741999999999999993e+00;-6.461102830813598707e-01;7.491248811684527720e-01;-1.953276734073896819e+02;2.252259263936313687e+02
1.743999999999999995e+00;-6.289763434297117595e-01;7.642431630000199316e-01;-1.903072784423456767e+02;2.293673788309857287e+02
1.745999999999999996e+00;-6.099784519029823882e-01;7.766079223270029308e-01;-1.851438272166087984e+02;2.335678496297189781e+02
1.747999999999999998e+00;-5.927850521679846052e-01;7.929136100680832522e-01;-1.800551344010107186e+02;2.375690396633547721e+02
1.750000000000000000e+00;-5.762218756860368885e-01;8.057692117810942856e-01;-1.749696782192339981e+02;2.415506411493608141e+02
1.752000000000000002e+00;-5.588640535294824296e-01;8.172112078116183786e-01;-1.692870045158597065e+02;2.452545495266387263e+02
1.754000000000000004e+00;-5.369065524469804895e-01;8.305438130601532354e-01;-1.639273256186578749e+02;2.489980871988455817e+02
1.756000000000000005e+00;-5.209736199643562049e-01;8.450761345831956373e-01;-1.585255773555972780e+02;2.526735310024281773e+02
1.758000000000000007e+00;-5.045538598273878739e-01;8.560492864135940128e-01;-1.526787119856409447e+02;2.559869721250697125e+02
1.760000000000000009e+00;-4.813169440564438739e-01;8.661195871600808616e-01;-1.473159638379163141e+02;2.596041261842807444e+02
1.762000000000000011e+00;-4.600011971505754138e-01;8.763146937050871887e-01;-1.414000180146509251e+02;2.628512053899950729e+02
1.764000000000000012e+00;-4.431037204567240262e-01;8.869849410673722456e-01;-1.354276202770188604e+02;2.657344075855792198e+02
1.766000000000000014e+00;-4.235923246289635680e-01;8.973832671288739515e-01;-1.299065603243659837e+02;2.688405494094089931e+02
1.768000000000000016e+00;-4.063443147350392914e-01;9.081330556672331245e-01;-1.237670886399972403e+02;2.714507156962945373e+02
1.770000000000000018e+00;-3.846470231623771996e-01;9.165931597945604636e-01;-1.178388440823993477e+02;2.743555686501609898e+02
1.772000000000000020e+00;-3.646404301095961253e-01;9.247913750199519001e-01;-1.117319100655960540e+02;2.767549610073497774e+02
1.774000000000000021e+00;-3.442667110903112615e-01;9.337274183276347284e-01;-1.058145079894992193e+02;2.793369635095503440e+02
1.776000000000000023e+00;-3.257549068705628548e-01;9.412777752319924085e-01;-9.954837517744047659e+01;2.816332956471195530e+02
1.778000000000000025e+00;-3.012310812196695164e-01;9.467943266432132798e-01;-9.312479353068277987e+01;2.839934946164795520e+02
1.780000000000000027e+00;-2.778745523331481171e-01;9.518848934607981871e-01;-8.712695427981073237e+01;2.862846688429344226e+02
1.782000000000000028e+00;-2.589509386802801294e-01;9.605929169501321585e-01;-8.090830690182960439e+01;2.880970542933615661e+02
1.784000000000000030e+00;-2.398551170857030623e-01;9.652151115651459445e-01;-7.440832841445167389e+01;2.898599601981640035e+02
1.786000000000000032e+00;-2.183112250755603334e-01;9.708669385538227781e-01;-6.821643541143698997e+01;2.913450675441655449e+02
1.788000000000000034e+00;-1.989242503122516936e-01;9.759489935510927694e-01;-6.184624119713578239e+01;2.928225556153381035e+02
1.790000000000000036e+00;-1.728606442591821835e-01;9.778358760791346915e-01;-5.548698171623268394e+01;2.945961022143800392e+02
1.792000000000000037e+00;-1.535992160876786250e-01;9.835963215898819723e-01;-4.894651835523757910e+01;2.957039984728295394e+02
1.794000000000000039e+00;-1.342013449845933515e-01;9.870493229650521005e-01;-4.244817804236085124e+01;2.966111347672740521e+02
1.796000000000000041e+00;-1.134821439203743676e-01;9.910457702219422904e-01;-3.606469919082832831e+01;2.976159389715540442e+02
1.798000000000000043e+00;-9.235714645840101267e-02;9.921988079669361582e-01;-2.951616662906425148e+01;2.985997867020310537e+02
1.800000000000000044e+00;-6.902672377938713633e-02;9.933419760238135776e-01;-2.315987299966811364e+01;2.991830530293831316e+02
1.802000000000000046e+00;-5.014727418974910395e-02;9.970141496458759800e-01;-1.649264624262245960e+01;3.000027183268983890e+02
1.804000000000000048e+00;-2.287262607729375827e-02;9.960228655733178726e-01;-9.834708541015430683e+00;3.003092422934658998e+02
1.806000000000000050e+00;-3.129801630822129539e-03;9.969969445841231348e-01;-3.004549257216719393e+00;3.004069406517368179e+02
1.808000000000000052e+00;1.817488122464594458e-02;9.988798713119807493e-01;3.514202174806249523e+00;3.003055132013990942e+02
1.810000000000000053e+00;3.949856232382264326e-02;9.983627276363312708e-01;9.892503053869356577e+00;3.003435486266186558e+02
1.812000000000000055e+00;6.001936894714332560e-02;9.967769402624343522e-01;1.649040240498615617e+01;3.004084323401262395e+02
1.814000000000000057e+00;8.507431986489401299e-02;9.963221101957193682e-01;2.290985524809752860e+01;3.002167629633567572e+02
1.816000000000000059e+00;1.026089643377300770e-01;9.945766616809385008e-01;2.976347351635854466e+01;2.994769149475758923e+02
1.818000000000000060e+00;1.230417844911727565e-01;9.936593055297791022e-01;3.616165443095370335e+01;2.986818338266916726e+02
1.820000000000000062e+00;1.465154359576938403e-01;9.890214920987361324e-01;4.253322180068944647e+01;2.983528999601347778e+02
1.822000000000000064e+00;1.657442859403753244e-01;9.880634735083901887e-01;4.900811889414566735e+01;2.975861014903046566e+02
1.824000000000000066e+00;1.907770141685951049e-01;9.828075003739439319e-01;5.531032218054485838e+01;2.966857354589224087e+02
1.826000000000000068e+00;2.072500818076108420e-01;9.798728306512785036e-01;6.221446785298009985e+01;2.951929537714930802e+02
1.828000000000000069e+00;2.296499818165823881e-01;9.760357113618753910e-01;6.842353198413208304e+01;2.939566975370279351e+02
1.830000000000000071e+00;2.500571618126770090e-01;9.715866807909373515e-01;7.467588742380743838e+01;2.927486877422628595e+02
1.832000000000000073e+00;2.661951634126202837e-01;9.678987011798106943e-01;8.129013188670606382e+01;2.909271598158128427e+02
1.834000000000000075e+00;2.866071803975341892e-01;9.616660535846366376e-01;8.742708205092337437e+01;2.893106602109586447e+02
1.836000000000000076e+00;3.100285116877502523e-01;9.542380109032461144e-01;9.378598132388533770e+01;2.874693117482644311e+02
1.838000000000000078e+00;3.303924238569089789e-01;9.500808218756537915e-01;9.984359276956111273e+01;2.855299468940826273e+02
1.840000000000000080e+00;3.544934431635847760e-01;9.401333821933542945e-01;1.060044870235137751e+02;2.837187440946815400e+02
1.842000000000000082e+00;3.703528300074253599e-01;9.359954771889095193e-01;1.121839839198305810e+02;2.810486013179819338e+02
1.844000000000000083e+00;3.912932652794266497e-01;9.256951929637307064e-01;1.185584763904717818e+02;2.787477018044501165e+02
1.846000000000000085e+00;4.105826836570662941e-01;9.185112054378471447e-01;1.243203930116753071e+02;2.761947338321145367e+02
1.848000000000000087e+00;4.322791789571374110e-01;9.088753208606334955e-01;1.303895081907699591e+02;2.737765836245811215e+02
1.850000000000000089e+00;4.492526522892655305e-01;8.995755205856932335e-01;1.361651427726483234e+02;2.708962930649501004e+02
1.851999999999999869e+00;4.686208098637255626e-01;8.900000630664296475e-01;1.420360335677806063e+02;2.679422438437436540e+02
1.854000000000000092e+00;4.887846242387418050e-01;8.805238725258757171e-01;1.478146129408594618e+02;2.651102585938128300e+02
1.855999999999999872e+00;5.039092749377701574e-01;8.718415188800138216e-01;1.534173148551715826e+02;2.617671670851748900e+02
1.858000000000000096e+00;5.243025255339979207e-01;8.602157710319199291e-01;1.590090758940572471e+02;2.587359987738699942e+02
1.859999999999999876e+00;5.421255136884102210e-01;8.489442906640499720e-01;1.645604954113248937e+02;2.551493264617180046e+02
1.862000000000000099e+00;5.624096651545966719e-01;8.361779687548323015e-01;1.701948057483943444e+02;2.517923277302009808e+02
1.863999999999999879e+00;5.807246094845947004e-01;8.251514302912944521e-01;1.752987352397239817e+02;2.482566221892620035e+02
1.866000000000000103e+00;5.990946664473499883e-01;8.116673657185566881e-01;1.807208211219013663e+02;2.444785048460406927e+02
1.867999999999999883e+00;6.148896508408555617e-01;7.999615111786650967e-01;1.861265723603711990e+02;2.403695007449152001e+02
1.870000000000000107e+00;6.277374265932292863e-01;7.880192407834244461e-01;1.910460433317677200e+02;2.363913811134441971e+02
1.871999999999999886e+00;6.459372009729043018e-01;7.729402425513808295e-01;1.963140853294926558e+02;2.324543550723305145e+02
1.874000000000000110e+00;6.651405300396946441e-01;7.594452730708362020e-01;2.014104933031383666e+02;2.283712234759356363e+02
1.875999999999999890e+00;6.827278435493793207e-01;7.444124754299774605e-01;2.062672231693346987e+02;2.241067234151588821e+02
1.878000000000000114e+00;6.984073888218594872e-01;7.292251020490412294e-01;2.109714191365617353e+02;2.197333935906252407e+02
1.879999999999999893e+00;7.139000890990088166e-01;7.141148915808472886e-01;2.156954969420344241e+02;2.152797427152900127e+02
1.882000000000000117e+00;7.280134618101773425e-01;6.983520358385832960e-01;2.203675749354270863e+02;2.106122332487305471e+02
1.883999999999999897e+00;7.438501699363205821e-01;6.816646217864374968e-01;2.249262367398653168e+02;2.058635106880665262e+02
1.886000000000000121e+00;7.579401814253494685e-01;6.653612993948123666e-01;2.291216901420265799e+02;2.010830360955118294e+02
1.887999999999999901e+00;7.694956299234027020e-01;6.496356153691014157e-01;2.334180547101253183e+02;1.960892865727190326e+02
1.890000000000000124e+00;7.827182771938568928e-01;6.333796712015242747e-01;2.375161182692383193e+02;1.912460463481598936e+02
1.891999999999999904e+00;7.962401174187067054e-01;6.180604512763655523e-01;2.416724326049274225e+02;1.863313001239429241e+02
1.894000000000000128e+00;8.085420352808465605e-01;5.990901683829393809e-01;2.457569181195632950e+02;1.809397519554968028e+02
1.895999999999999908e+00;8.210093537936089536e-01;5.830616666752852506e-01;2.495634910934897164e+02;1.756506954324265166e+02
1.898000000000000131e+00;8.338577993123108545e-01;5.645642223814333338e-01;2.533388151389277994e+02;1.703583497275999150e+02
1.899999999999999911e+00;8.456331707506867801e-01;5.460525429417244503e-01;2.567657265519981706e+02;1.653195994274198881e+02
1.902000000000000135e+00;8.563669146435473056e-01;5.286410106855502500e-01;2.601892325802502342e+02;1.594604806623491129e+02
1.903999999999999915e+00;8.676499535444026634e-01;5.089983256289635216e-01;2.636548228975877350e+02;1.538211404143945344e+02
1.906000000000000139e+00;8.766209890836315077e-01;4.934088230430585531e-01;2.667494012749650665e+02;1.481732772464735319e+02
1.907999999999999918e+00;8.857082912126255092e-01;4.745009047273225922e-01;2.701307156001720386e+02;1.422358816431861612e+02
1.910000000000000142e+00;8.997845642611727035e-01;4.546782229360154526e-01;2.728432425269105579e+02;1.369341196223504369e+02
1.911999999999999922e+00;9.058246269441948550e-01;4.348809614336962559e-01;2.760093597596387553e+02;1.308700723060778444e+02
1.914000000000000146e+00;9.103349599510280887e-01;4.189429320581948835e-01;2.786420509529961009e+02;1.247554682628466907e+02
1.915999999999999925e+00;9.239683506859796003e-01;3.976288369773640641e-01;2.811920876963256433e+02;1.189888893611630749e+02
1.917999999999999927e+00;9.311778379665559546e-01;3.798631215091772817e-01;2.836781554967092234e+02;1.130530800563141867e+02
1.919999999999999929e+00;9.414379116129797387e-01;3.566684180170784924e-01;2.861345554007084502e+02;1.071052698569458670e+02
1.921999999999999931e+00;9.433562563013986324e-01;3.375750522766328698e-01;2.885159116357449989e+02;1.006760485946733752e+02
1.923999999999999932e+00;9.490892881789075863e-01;3.201292277309193413e-01;2.904764596891693031e+02;9.445149742937961435e+01
1.925999999999999934e+00;9.577230843265478466e-01;2.984721958072309445e-01;2.923793404979892898e+02;8.827972711229926972e+01
1.927999999999999936e+00;9.649608125848955220e-01;2.777405466988795979e-01;2.943137708192331274e+02;8.227518806352784964e+01
1.929999999999999938e+00;9.659736833154000113e-01;2.596770865195449085e-01;2.960121923640440968e+02;7.592777230429058477e+01
1.931999999999999940e+00;9.743358615312350812e-01;2.388441646301349142e-01;2.977191981421123614e+02;6.949558738260387258e+01
1.933999999999999941e+00;9.799155574142236480e-01;2.169604773962353905e-01;2.991673305318275879e+02;6.326920733683532205e+01
1.935999999999999943e+00;9.812169613456365180e-01;1.992171900851038013e-01;3.005208829705134121e+02;5.672185372757009958e+01
1.937999999999999945e+00;9.843082711853602396e-01;1.795691691002305190e-01;3.016113010365523905e+02;5.029764618299423518e+01
1.939999999999999947e+00;9.866272767427732848e-01;1.598773800934999434e-01;3.027231125462150771e+02;4.396279311287820235e+01
1.941999999999999948e+00;9.905032710809695828e-01;1.389259335205386414e-01;3.035934522121044097e+02;3.759767684602722682e+01
1.943999999999999950e+00;9.927943523470341702e-01;1.179130220645601412e-01;3.043426772998743104e+02;3.100664903058760302e+01
1.945999999999999952e+00;9.912737494298647922e-01;9.867964678196358697e-02;3.051326655193132638e+02;2.443893200859567472e+01
1.947999999999999954e+00;9.974498782298285571e-01;7.713983506322009964e-02;3.055662424668714152e+02;1.798116180012427634e+01
1.949999999999999956e+00;9.941639167173914604e-01;5.857801603062303547e-02;3.058580014635376756e+02;1.143995106330159928e+01
1.951999999999999957e+00;9.959347482640531490e-01;3.661383909216532617e-02;3.061007548810461572e+02;4.769463707079784065e+00
1.953999999999999959e+00;9.985264452354677411e-01;1.262469920876755324e-02;3.063991760913837652e+02;-1.702056525457809499e+00
1.955999999999999961e+00;9.972564074868424111e-01;-6.743306347468435227e-03;3.060755144418131977e+02;-8.390763942150199384e+00
1.957999999999999963e+00;9.965178315129687991e-01;-2.751921664735940826e-02;3.060198375154199084e+02;-1.470954890068113130e+01
1.959999999999999964e+00;9.963262226337095129e-01;-4.787903845519950186e-02;3.057897024297623148e+02;-2.135975489639535851e+01
1.961999999999999966e+00;9.945702897267183484e-01;-6.815740461134497941e-02;3.052900626815932128e+02;-2.775131673726484038e+01
1.963999999999999968e+00;9.922052102205919377e-01;-8.783970282869518753e-02;3.046819947710724250e+02;-3.445078230064393665e+01
1.965999999999999970e+00;9.935914496215912939e-01;-1.090160738371953181e-01;3.037412227698139304e+02;-4.060864059314593533e+01
1.967999999999999972e+00;9.885744865720219599e-01;-1.279631981161181153e-01;3.029525903026793685e+02;-4.720211969382980044e+01
1.969999999999999973e+00;9.852760724574937123e-01;-1.482955599861309204e-01;3.021200626696173686e+02;-5.358718932277254510e+01
1.971999999999999975e+00;9.819976757919658406e-01;-1.695287697784286229e-01;3.009138368916964055e+02;-6.026546749106437062e+01
1.973999999999999977e+00;9.800522887503519964e-01;-1.905648447746314811e-01;2.996257219271370786e+02;-6.642167847873460573e+01
1.975999999999999979e+00;9.706980416636952214e-01;-2.087611144049853762e-01;2.982155542517977551e+02;-7.307993724619400666e+01
1.977999999999999980e+00;9.693540287787406617e-01;-2.288076705913249798e-01;2.966639694461230192e+02;-7.912747563166568909e+01
1.979999999999999982e+00;9.673271777048677578e-01;-2.499626873217149770e-01;2.948697901886695831e+02;-8.539497995668293129e+01
1.981999999999999984e+00;9.567644800751441414e-01;-2.679625737768963623e-01;2.932849067893696997e+02;-9.184319318602761939e+01
1.983999999999999986e+00;9.529553952777607417e-01;-2.897487234962278779e-01;2.913048812694124763e+02;-9.789350327826316800e+01
1.985999999999999988e+00;9.464284085377500100e-01;-3.097806680176981020e-01;2.891087252583732834e+02;-1.041514445023538258e+02
1.987999999999999989e+00;9.414029785628363900e-01;-3.298669744435424045e-01;2.869477531992712329e+02;-1.101302581856380840e+02
1.989999999999999991e+00;9.355280962789620514e-01;-3.499609983987786999e-01;2.846456268668989651e+02;-1.161145711606323374e+02
1.991999999999999993e+00;9.270494779507434391e-01;-3.686961192187427905e-01;2.820139008305625907e+02;-1.220818245776730464e+02
1.993999999999999995e+00;9.198576864537024722e-01;-3.885314482245129653e-01;2.794395150966873302e+02;-1.281760390900293203e+02
1.995999999999999996e+00;9.086065037782493636e-01;-4.070662665339893627e-01;2.766819446409984948e+02;-1.340887487939277776e+02
1.997999999999999998e+00;9.000626883511589904e-01;-4.254565366189332343e-01;2.738736571377724545e+02;-1.397960154386876468e+02
2.000000000000000000e+00;8.952796560565887685e-01;-4.444974739273163666e-01;2.708223270184014950e+02;-1.453211645849359570e+02
2.001999999999999780e+00;8.827646839858213079e-01;-4.638704967521646294e-01;2.678468064923370662e+02;-1.511718450075462101e+02
2.004000000000000004e+00;8.745645610751842103e-01;-4.831159873940561456e-01;2.644639872746380433e+02;-1.568650890606612904e+02
2.005999999999999783e+00;8.618032298140839709e-01;-5.016798485914206740e-01;2.611665277972812191e+02;-1.624481712807232441e+02
2.008000000000000007e+00;8.525175116006004084e-01;-5.205515653436335599e-01;2.578172133227324707e+02;-1.679848120269925005e+02
2.009999999999999787e+00;8.419056626171690372e-01;-5.384430869151745069e-01;2.541047668366572907e+02;-1.731844035217936266e+02
2.012000000000000011e+00;8.261798833259799135e-01;-5.550032413124501574e-01;2.505895958747775296e+02;-1.788573107096908643e+02
2.013999999999999790e+00;8.153255490649014003e-01;-5.741199756280498390e-01;2.467184047861829583e+02;-1.838578937381009268e+02
2.016000000000000014e+00;8.023468126606987383e-01;-5.915480308669408549e-01;2.425894421856181964e+02;-1.892260406990624517e+02
2.017999999999999794e+00;7.908357961813033965e-01;-6.075155781452559189e-01;2.386189077464164825e+02;-1.938804320680785622e+02
2.020000000000000018e+00;7.776064808435469988e-01;-6.250187432370226670e-01;2.346453881972724105e+02;-1.989531704195030670e+02
2.021999999999999797e+00;7.616483247970873283e-01;-6.419914950152427746e-01;2.303278038039987621e+02;-2.041320787001966437e+02
2.024000000000000021e+00;7.477420106146576151e-01;-6.575691551397311319e-01;2.259000175342423518e+02;-2.088931055845163769e+02
2.025999999999999801e+00;7.333018332146953311e-01;-6.752996441305472164e-01;2.215356570809942127e+02;-2.133852588615725381e+02
2.028000000000000025e+00;7.181917294889841319e-01;-6.917607557395385465e-01;2.170011568259455998e+02;-2.181226857033054216e+02
2.029999999999999805e+00;7.025890665494883836e-01;-7.072203292482541759e-01;2.122783059568581336e+02;-2.224972734640105614e+02
2.032000000000000028e+00;6.881190850395461078e-01;-7.227621664653092193e-01;2.073782124035826087e+02;-2.267653495437755851e+02
2.033999999999999808e+00;6.723983002793423314e-01;-7.370742218354193742e-01;2.026516778687279725e+02;-2.313912722223074070e+02
2.036000000000000032e+00;6.557489184739108135e-01;-7.522867300783888656e-01;1.978595675645696019e+02;-2.355001666245651393e+02
2.037999999999999812e+00;6.359417034227166088e-01;-7.641078712142524987e-01;1.924915797099191934e+02;-2.395587284093427058e+02
2.040000000000000036e+00;6.174293962490221555e-01;-7.780572950952091560e-01;1.874600256144429409e+02;-2.434744515103079721e+02
2.041999999999999815e+00;6.042707097914600256e-01;-7.928545454260194081e-01;1.821757286803562010e+02;-2.473689920783924094e+02
2.044000000000000039e+00;5.846892525105699123e-01;-8.070941745353532593e-01;1.768218099519941688e+02;-2.511483979788915235e+02
2.045999999999999819e+00;5.699215584767067799e-01;-8.194363741264286682e-01;1.713997552627597543e+02;-2.548329425181912029e+02
2.048000000000000043e+00;5.503842022695546454e-01;-8.305794011876507232e-01;1.659169967022259016e+02;-2.582669080779124897e+02
2.049999999999999822e+00;5.332561342863528786e-01;-8.424369577702280898e-01;1.605022394714236782e+02;-2.617774837280222187e+02
2.052000000000000046e+00;5.123613823227071151e-01;-8.526036573050707057e-01;1.546754929020522127e+02;-2.648545411140433430e+02
2.053999999999999826e+00;4.942202119338704458e-01;-8.647309048617028981e-01;1.489324354193412034e+02;-2.680633773150540264e+02
2.056000000000000050e+00;4.755336941531267958e-01;-8.769639529676052092e-01;1.433101201498136561e+02;-2.708643457918191189e+02
2.057999999999999829e+00;4.574812110985289060e-01;-8.870787206532101399e-01;1.373982258178385791e+02;-2.739824240828520487e+02
2.060000000000000053e+00;4.365443752726058113e-01;-8.961410419896640445e-01;1.315077227045676125e+02;-2.766831767087131766e+02
2.061999999999999833e+00;4.154860403755363807e-01;-9.033417580411555736e-01;1.256303914537975004e+02;-2.795112568891380533e+02
2.064000000000000057e+00;3.986011422400170257e-01;-9.121042310310878420e-01;1.195039510206688362e+02;-2.820368336560466673e+02
2.065999999999999837e+00;3.794401459888938066e-01;-9.230089715569216313e-01;1.133748850688874654e+02;-2.843477651990307322e+02
2.068000000000000060e+00;3.573549336339422178e-01;-9.304021387210305027e-01;1.074205321813846439e+02;-2.866389411553821560e+02
2.069999999999999840e+00;3.347900588606533279e-01;-9.359974335697993642e-01;1.008940368563969088e+02;-2.888204519912507067e+02
2.072000000000000064e+00;3.153163653396924282e-01;-9.437875888356057619e-01;9.486538318718041296e+01;-2.910587834806006526e+02
2.073999999999999844e+00;2.999935524762603056e-01;-9.520642976411416436e-01;8.847203481816333692e+01;-2.925136312301300450e+02
2.076000000000000068e+00;2.789212617128340455e-01;-9.587292989207328864e-01;8.216240209575735776e+01;-2.941213268913136289e+02
2.077999999999999847e+00;2.572925169571553261e-01;-9.654871089495713488e-01;7.589204704549052849e+01;-2.959293729033106501e+02
2.080000000000000071e+00;2.346409660816042853e-01;-9.695600370936897638e-01;6.929618986922386625e+01;-2.973086164646939551e+02
2.081999999999999851e+00;2.139750820342893878e-01;-9.742379700804996157e-01;6.278350747755820294e+01;-2.988755788897763068e+02
2.084000000000000075e+00;1.938992741141065679e-01;-9.789197713745185769e-01;5.633753561561252354e+01;-2.999262947249887361e+02
2.085999999999999854e+00;1.723156953882471198e-01;-9.835695544101008547e-01;4.975049697103072788e+01;-3.010511603502810658e+02
2.088000000000000078e+00;1.521842324558887183e-01;-9.864237264661559479e-01;4.326286868610209524e+01;-3.020096239156775368e+02
2.089999999999999858e+00;1.292344366907849096e-01;-9.880682290399258605e-01;3.674092553638379144e+01;-3.025909029411837423e+02
2.092000000000000082e+00;1.090467958143915422e-01;-9.908514842922027110e-01;3.007735422800494263e+01;-3.034171127947959121e+02
2.093999999999999861e+00;8.815900231585367675e-02;-9.949535007075429593e-01;2.357702829152957591e+01;-3.039701115311621606e+02
2.096000000000000085e+00;6.643823266356226054e-02;-9.965831941593246146e-01;1.703584586456977235e+01;-3.043115487935763213e+02
2.097999999999999865e+00;4.584877108320817296e-02;-9.991103626407780158e-01;1.036990721512713876e+01;-3.046025063313366559e+02
2.100000000000000089e+00;2.566145812465577686e-02;-9.983393684092212172e-01;3.887227970699075108e+00;-3.049060725772914680e+02
2.101999999999999869e+00;4.158516033447687450e-03;-1.000397306768800565e+00;-2.782835097494308574e+00;-3.047182927269937522e+02
2.104000000000000092e+00;-1.524258989503725695e-02;-1.000981691513344929e+00;-9.538823716586406931e+00;-3.042447484943651830e+02
2.105999999999999872e+00;-3.852037027492943161e-02;-1.003530463944692475e+00;-1.606658560282052406e+01;-3.038832678687106181e+02
2.108000000000000096e+00;-6.120437149466815413e-02;-1.001861540889229074e+00;-2.254611843677198380e+01;-3.036078820431064855e+02
2.109999999999999876e+00;-8.386863759037535559e-02;-1.000702910208507879e+00;-2.912414735416539457e+01;-3.031491362088489723e+02
2.112000000000000099e+00;-1.079904668560798670e-01;-9.973013306290019475e-01;-3.586566364024228193e+01;-3.024743530199750126e+02
2.113999999999999879e+00;-1.238897830134155081e-01;-9.960954771009591369e-01;-4.243909539622344340e+01;-3.013555614684667603e+02
2.116000000000000103e+00;-1.466143354299795643e-01;-9.942031082055647895e-01;-4.876187332070919211e+01;-3.004675763525536922e+02
2.117999999999999883e+00;-1.638039249250650697e-01;-9.935482096262626683e-01;-5.528417986526892491e+01;-2.991822672959661418e+02
2.120000000000000107e+00;-1.877891582676357307e-01;-9.885465543375101527e-01;-6.179478976043687055e+01;-2.979688452430833081e+02
2.121999999999999886e+00;-2.103843836184082772e-01;-9.846460562308548825e-01;-6.826107264187734813e+01;-2.966067564723391001e+02
2.124000000000000110e+00;-2.274746284458460666e-01;-9.816384398912525455e-01;-7.468598057711639626e+01;-2.948567658451227658e+02
2.125999999999999890e+00;-2.529211095275317733e-01;-9.763746279904687020e-01;-8.093099900761859544e+01;-2.935002645589457302e+02
2.128000000000000114e+00;-2.734292493637719423e-01;-9.702689487043618666e-01;-8.731832405536023600e+01;-2.915477122847031524e+02
2.129999999999999893e+00;-2.910535352189632663e-01;-9.667968560616234663e-01;-9.345075790310420416e+01;-2.896104561602859349e+02
2.132000000000000117e+00;-3.123238479515526578e-01;-9.600673540097307557e-01;-9.977598993359092105e+01;-2.876119336909318349e+02
2.133999999999999897e+00;-3.302010004589471248e-01;-9.552911997981657910e-01;-1.060609881212411238e+02;-2.852406500463863495e+02
2.136000000000000121e+00;-3.543176828996208449e-01;-9.477271561614122319e-01;-1.120524448627362943e+02;-2.831499715737342058e+02
2.137999999999999901e+00;-3.727111931432605663e-01;-9.414228726393304436e-01;-1.179506958799122458e+02;-2.805926454357185094e+02
2.140000000000000124e+00;-3.928209694682506248e-01;-9.343236140673273349e-01;-1.241358704042392418e+02;-2.779656335384059389e+02
2.141999999999999904e+00;-4.147321424879340523e-01;-9.246740501377894716e-01;-1.301830898293340795e+02;-2.752115889399541402e+02
2.144000000000000128e+00;-4.341399587176487662e-01;-9.152284574362615777e-01;-1.361754733080938990e+02;-2.720871179749753423e+02
2.145999999999999908e+00;-4.516940274176948766e-01;-9.080440645082450413e-01;-1.418826072962885121e+02;-2.694911057403612062e+02
2.148000000000000131e+00;-4.736229376766508681e-01;-8.977341838475496605e-01;-1.476587732163582132e+02;-2.663369633080209269e+02
2.149999999999999911e+00;-4.963031553557151199e-01;-8.871744247257312699e-01;-1.532901781511863248e+02;-2.635633340527895712e+02
2.152000000000000135e+00;-5.108331423584118181e-01;-8.785816380400394143e-01;-1.589859621496859177e+02;-2.598506022303971577e+02
2.153999999999999915e+00;-5.292199822439271895e-01;-8.686595847495865996e-01;-1.645068147676471995e+02;-2.561942678603974173e+02
2.156000000000000139e+00;-5.470217188735564395e-01;-8.590445496570863204e-01;-1.699817699069507739e+02;-2.526762949106197595e+02
2.157999999999999918e+00;-5.652711389363881400e-01;-8.477999892469881837e-01;-1.755496211414480854e+02;-2.488160213938453182e+02
2.160000000000000142e+00;-5.859088275356887365e-01;-8.339461700349609652e-01;-1.806515305753490281e+02;-2.451314185146963212e+02
2.161999999999999922e+00;-6.053564283697743242e-01;-8.204779240714120681e-01;-1.856239739505623447e+02;-2.414525820642562053e+02
2.164000000000000146e+00;-6.214225419244535642e-01;-8.083896068567897331e-01;-1.909086144539688519e+02;-2.374572174710826289e+02
2.165999999999999925e+00;-6.351611558176072370e-01;-7.959958324607842028e-01;-1.961277443796103057e+02;-2.329995953081484004e+02
2.168000000000000149e+00;-6.535400655172441953e-01;-7.818504308441367456e-01;-2.008211646011147593e+02;-2.289168707395784281e+02
2.169999999999999929e+00;-6.706763210899606698e-01;-7.671755517296207083e-01;-2.057843688619947784e+02;-2.243940008834951243e+02
2.172000000000000153e+00;-6.868350432747907242e-01;-7.530186757124830432e-01;-2.104699122023930613e+02;-2.200543120352129733e+02
2.173999999999999932e+00;-7.011109468139848921e-01;-7.389856828192472582e-01;-2.148327684928734413e+02;-2.153944117607445605e+02
2.176000000000000156e+00;-7.191708479741094617e-01;-7.232199165587978040e-01;-2.194299390922047337e+02;-2.107869725362319002e+02
2.177999999999999936e+00;-7.346299647453189419e-01;-7.090468636526666701e-01;-2.239565715675491901e+02;-2.060339614967999751e+02
2.180000000000000160e+00;-7.525806234736205358e-01;-6.908526027513499645e-01;-2.283232136653361977e+02;-2.011704225490383351e+02
2.181999999999999940e+00;-7.674885953890970836e-01;-6.743990269600517173e-01;-2.323150404191809173e+02;-1.963040504784364089e+02
2.184000000000000163e+00;-7.812001013667665417e-01;-6.575637863522877380e-01;-2.363004982880211742e+02;-1.913667178321006190e+02
2.185999999999999943e+00;-7.932862749639078004e-01;-6.405193885586690783e-01;-2.405034669158770271e+02;-1.860141742149388904e+02
2.188000000000000167e+00;-8.071940058695957765e-01;-6.220885481419236029e-01;-2.444678607827646317e+02;-1.812372342217707626e+02
2.189999999999999947e+00;-8.157779013594200768e-01;-6.065518165794350214e-01;-2.483538132833122347e+02;-1.757245446984385353e+02
2.192000000000000171e+00;-8.337797537039947082e-01;-5.860590175712083738e-01;-2.519173670144356834e+02;-1.701181324281834293e+02
2.193999999999999950e+00;-8.439738395492142331e-01;-5.687614564864862388e-01;-2.551137951198514600e+02;-1.647117098626033851e+02
2.196000000000000174e+00;-8.561707375428451172e-01;-5.518687426369043303e-01;-2.585359882229155915e+02;-1.593023408860442771e+02
2.197999999999999954e+00;-8.683897536461040456e-01;-5.308013252061796194e-01;-2.618477919933350222e+02;-1.537131939068705719e+02
2.200000000000000178e+00;-8.770164904183858079e-01;-5.137432821143556039e-01;-2.651092383149400575e+02;-1.477087001161140165e+02
2.201999999999999957e+00;-8.867063440184173029e-01;-4.948211320019445525e-01;-2.681299426025501589e+02;-1.421151344143781898e+02
2.204000000000000181e+00;-8.998778333095973636e-01;-4.727558679740952452e-01;-2.709318369627313245e+02;-1.365052006751946578e+02
2.205999999999999961e+00;-9.078527692433757679e-01;-4.538470151056058777e-01;-2.736588879346651311e+02;-1.306628553357264479e+02
2.208000000000000185e+00;-9.125246785920104742e-01;-4.358396301847785592e-01;-2.762152820104432749e+02;-1.246592764746355186e+02
2.209999999999999964e+00;-9.237459892604951150e-01;-4.148918075657420101e-01;-2.787568834058371863e+02;-1.185011818276891944e+02
2.212000000000000188e+00;-9.313947640310248355e-01;-3.949393542771569288e-01;-2.810583254646161322e+02;-1.126022229896897642e+02
2.213999999999999968e+00;-9.395144602454884586e-01;-3.738306340076542611e-01;-2.831541562985424889e+02;-1.064128850123325947e+02
2.216000000000000192e+00;-9.463769501972869591e-01;-3.539563652551444006e-01;-2.855011351301573654e+02;-1.002027302451643607e+02
2.217999999999999972e+00;-9.543746739715602834e-01;-3.324654206292486647e-01;-2.873387073604413899e+02;-9.412580810244811858e+01
2.220000000000000195e+00;-9.579127183832660819e-01;-3.112305373976285705e-01;-2.894850327130937444e+02;-8.772687748460646162e+01
2.221999999999999975e+00;-9.598385383017064010e-01;-2.921647744583582562e-01;-2.908708052851635557e+02;-8.147180734691191617e+01
2.224000000000000199e+00;-9.698105956482470091e-01;-2.695542259974759158e-01;-2.922092651327094472e+02;-7.536751333262807862e+01
2.225999999999999979e+00;-9.740074141966685861e-01;-2.491398009573934369e-01;-2.937600107623869121e+02;-6.877204476965249569e+01
2.228000000000000203e+00;-9.803731216941997673e-01;-2.262858956718908632e-01;-2.950270734122960334e+02;-6.260864520743585615e+01
2.229999999999999982e+00;-9.829837541582803206e-01;-2.066114159120648885e-01;-2.962805292739208198e+02;-5.595928655532842555e+01
2.232000000000000206e+00;-9.856943591911774272e-01;-1.839402151562068988e-01;-2.971719282762816192e+02;-4.953465697068141793e+01
2.233999999999999986e+00;-9.887184039425653825e-01;-1.625405844162334246e-01;-2.981873703445822343e+02;-4.307912472010949756e+01
2.236000000000000210e+00;-9.938441056265077123e-01;-1.411517869713297124e-01;-2.985701953723646511e+02;-3.670334519250182836e+01
2.237999999999999989e+00;-9.952204549108909504e-01;-1.201181820618448109e-01;-2.994128063454826361e+02;-3.026369617537904944e+01
2.240000000000000213e+00;-9.969202168486275273e-01;-9.752771226461949550e-02;-2.998277325947441909e+02;-2.328916652366845597e+01
2.241999999999999993e+00;-9.970425805596316859e-01;-7.654266337032931966e-02;-3.002665670738167023e+02;-1.696120775580789797e+01
2.243999999999999773e+00;-9.987691350085476927e-01;-5.459700238047870968e-02;-3.003652458372133083e+02;-1.037615148840400359e+01
2.245999999999999996e+00;-9.964584605102311254e-01;-3.567513858127865228e-02;-3.001701303397795755e+02;-3.698095354093372755e+00
2.248000000000000220e+00;-9.974348216652089150e-01;-1.288180337030568959e-02;-3.001798487556494024e+02;2.731182476112446356e+00
2.250000000000000000e+00;-9.986894724601251827e-01;7.677685110729924427e-03;-2.998045583463126604e+02;9.394071118903140061e+00
2.251999999999999780e+00;-9.950546973358790348e-01;3.335394561332363089e-02;-2.995556037586002844e+02;1.622804305014903292e+01
2.254000000000000004e+00;-9.929237001518809169e-01;5.447691105363165059e-02;-2.990113222813362199e+02;2.256986677008477926e+01
2.256000000000000227e+00;-9.902123462768992468e-01;7.702122608037599572e-02;-2.984430858494141603e+02;2.914962162038134608e+01
2.258000000000000007e+00;-9.882033391461604310e-01;9.941236253923101118e-02;-2.975637568932358477e+02;3.552312106964005523e+01
2.259999999999999787e+00;-9.862451459819634447e-01;1.193832369592087994e-01;-2.965220847101936670e+02;4.223001139583279695e+01
2.262000000000000011e+00;-9.808933904814634008e-01;1.403839025646716476e-01;-2.953509212467390626e+02;4.870341357222569201e+01
2.264000000000000234e+00;-9.795406277229947722e-01;1.638101370933487677e-01;-2.942080635482089974e+02;5.495155359536069284e+01
2.266000000000000014e+00;-9.738489792533228107e-01;1.844404246623680410e-01;-2.928167217810842544e+02;6.165704868174891828e+01
2.267999999999999794e+00;-9.720313336324478692e-01;2.073585103916556760e-01;-2.912561191572264079e+02;6.785191304161723735e+01
2.270000000000000018e+00;-9.660774622717221982e-01;2.296839827887184049e-01;-2.897589091277593525e+02;7.442719473715025913e+01
2.272000000000000242e+00;-9.603456411496187339e-01;2.497292683769984367e-01;-2.879292148144227781e+02;8.048125715660843582e+01
2.274000000000000021e+00;-9.511092527315255785e-01;2.696985828992783385e-01;-2.859764581616435635e+02;8.701565357220593455e+01
2.275999999999999801e+00;-9.466910705804568726e-01;2.893419797549870998e-01;-2.837508621975995311e+02;9.328310086017646086e+01
2.278000000000000025e+00;-9.360885252671445889e-01;3.105180800512228889e-01;-2.814522113592461778e+02;9.953260085005200608e+01
2.280000000000000249e+00;-9.309199908624548048e-01;3.326673542497690095e-01;-2.794122414049577969e+02;1.056588173492061458e+02
2.282000000000000028e+00;-9.237466201152255696e-01;3.538362602481811559e-01;-2.769284481714415733e+02;1.115391246791730282e+02
2.283999999999999808e+00;-9.142550033562446554e-01;3.740596665341101579e-01;-2.741504316247063002e+02;1.177616259179064429e+02
2.286000000000000032e+00;-9.081638022383227149e-01;3.948027685646603446e-01;-2.714677021813088800e+02;1.236171069076882247e+02
2.288000000000000256e+00;-8.953456935888992607e-01;4.166514983488412982e-01;-2.687274061285403377e+02;1.296168474362806364e+02
2.290000000000000036e+00;-8.824929740643033815e-01;4.350725812372011059e-01;-2.655666314080219195e+02;1.357074123087420787e+02
2.291999999999999815e+00;-8.773796926642061234e-01;4.575237840952814383e-01;-2.626120487400282286e+02;1.413212353544663813e+02
2.294000000000000039e+00;-8.663380101456145121e-01;4.770925497072966981e-01;-2.595389980696834868e+02;1.471596202279600050e+02
2.295999999999999819e+00;-8.570715629662812862e-01;4.970633833655293543e-01;-2.560022394041329221e+02;1.526934478324360782e+02
2.298000000000000043e+00;-8.432443211592381971e-01;5.163267801676075797e-01;-2.525944077964221037e+02;1.582496247699983769e+02
2.299999999999999822e+00;-8.278089843765276123e-01;5.347419221340938833e-01;-2.491811602351054376e+02;1.640999389179935974e+02
2.302000000000000046e+00;-8.185343076775094540e-01;5.555466925825565117e-01;-2.453660491289445815e+02;1.693228952928729427e+02
2.303999999999999826e+00;-8.066651310676784536e-01;5.749854024938916286e-01;-2.414034025126915424e+02;1.747460460120623793e+02
2.306000000000000050e+00;-7.906808108201319740e-01;5.919680692034592351e-01;-2.375358262732438561e+02;1.801899258487341058e+02
2.307999999999999829e+00;-7.804117888756458843e-01;6.098355368995812542e-01;-2.331162710842208412e+02;1.849715146114207869e+02
2.310000000000000053e+00;-7.613573623921204847e-01;6.262401458810593624e-01;-2.293757845133316096e+02;1.903149417145205291e+02
2.311999999999999833e+00;-7.487251453547347779e-01;6.440048772281207201e-01;-2.249319746682070615e+02;1.953984130142894458e+02
2.314000000000000057e+00;-7.324602237034343322e-01;6.611727295983929054e-01;-2.206395660272660280e+02;2.003878197842814757e+02
2.315999999999999837e+00;-7.196688730394272815e-01;6.794285554092412971e-01;-2.159404367735089636e+02;2.049352465208282865e+02
2.318000000000000060e+00;-6.994617218725073249e-01;6.967763604833592250e-01;-2.116102156337215092e+02;2.096324269921970540e+02
2.319999999999999840e+00;-6.794230515060849518e-01;7.120502692391027511e-01;-2.072148700624324533e+02;2.147798287025589161e+02
2.322000000000000064e+00;-6.658844416161062707e-01;7.285608830774858991e-01;-2.021383438084932891e+02;2.189923254906999830e+02
2.323999999999999844e+00;-6.552126736401753249e-01;7.475656152744172278e-01;-1.970821891528894128e+02;2.230788435200281015e+02
2.326000000000000068e+00;-6.354456030606180361e-01;7.614500185863041226e-01;-1.921526944920502160e+02;2.277345549407980343e+02
2.327999999999999847e+00;-6.112065688295992283e-01;7.721624243363811591e-01;-1.873651018064819880e+02;2.320709463081519459e+02
2.330000000000000071e+00;-5.965735509618872445e-01;7.868375869710951820e-01;-1.820922704934391163e+02;2.361862277752039176e+02
2.331999999999999851e+00;-5.781431910450367528e-01;8.016910214534801460e-01;-1.768798864515456728e+02;2.399727876489486675e+02
2.334000000000000075e+00;-5.639388579727124817e-01;8.169051450729332142e-01;-1.717491394186107811e+02;2.436672550906784238e+02
2.335999999999999854e+00;-5.430407100886744942e-01;8.284871500511525877e-01;-1.662587667299009411e+02;2.475547881268112178e+02
2.338000000000000078e+00;-5.267460345455862170e-01;8.418132033529838187e-01;-1.607458918423851060e+02;2.511063382996661915e+02
2.339999999999999858e+00;-5.062552012467600449e-01;8.534146537615473482e-01;-1.550935705655851677e+02;2.548037748111955807e+02
2.342000000000000082e+00;-4.882592967181271781e-01;8.669787612941828314e-01;-1.496294129966067885e+02;2.582611539312941886e+02
2.343999999999999861e+00;-4.654036497279395723e-01;8.769070932623760362e-01;-1.436414901586359463e+02;2.613888653826953714e+02
2.346000000000000085e+00;-4.447162122267558360e-01;8.862699759502371544e-01;-1.377383328001279779e+02;2.646221396353951150e+02
2.347999999999999865e+00;-4.276108999433441693e-01;8.972184246290316745e-01;-1.321187397512408097e+02;2.676111635039113708e+02
2.350000000000000089e+00;-4.036878056593071196e-01;9.050587112915969845e-01;-1.262562753796424460e+02;2.706751098113967373e+02
2.351999999999999869e+00;-3.844328181575064063e-01;9.153493678939644829e-01;-1.201856211054109735e+02;2.732961985585729394e+02
2.354000000000000092e+00;-3.664592083567035363e-01;9.244737039548560631e-01;-1.142907675470590050e+02;2.759041585802644931e+02
2.355999999999999872e+00;-3.398458660403177456e-01;9.318153785224861929e-01;-1.079828903744319462e+02;2.784146034344199165e+02
2.358000000000000096e+00;-3.205564452641244677e-01;9.403566777810568045e-01;-1.020384570541922642e+02;2.808574246664614407e+02
2.359999999999999876e+00;-3.012637496165565532e-01;9.463385597713639408e-01;-9.574531095831218863e+01;2.832199993661512281e+02
2.362000000000000099e+00;-2.837304880201650392e-01;9.543101495040280380e-01;-8.929548039575709595e+01;2.851133704249742209e+02
2.363999999999999879e+00;-2.589643983768574742e-01;9.594974246171217303e-01;-8.321400357587499741e+01;2.874043689396406194e+02
2.366000000000000103e+00;-2.388416602989030524e-01;9.663199494054091065e-01;-7.704788773167359750e+01;2.890606328558375253e+02
2.367999999999999883e+00;-2.164179227253775761e-01;9.714506526197341785e-01;-7.077526589538622659e+01;2.909652186828955109e+02
2.370000000000000107e+00;-1.958158008265850347e-01;9.744368712026554302e-01;-6.426377799817157666e+01;2.925994493542576720e+02
2.371999999999999886e+00;-1.733128209847414614e-01;9.782376440493324443e-01;-5.779342843384900164e+01;2.939320789460364836e+02
2.374000000000000110e+00;-1.515868048872845431e-01;9.837530894202585197e-01;-5.150659134161169561e+01;2.950795591438549081e+02
2.375999999999999890e+00;-1.330529747755120895e-01;9.867122489509208005e-01;-4.489406593815443358e+01;2.961307141268908936e+02
2.378000000000000114e+00;-1.093763838939112443e-01;9.900456917402277179e-01;-3.830328091687118075e+01;2.975614862365499107e+02
2.379999999999999893e+00;-8.588793398749454411e-02;9.910403170877902790e-01;-3.209683545547885331e+01;2.985013298149373213e+02
2.382000000000000117e+00;-6.983053335638823855e-02;9.952086339696434303e-01;-2.544537674107213476e+01;2.989846561512341623e+02
2.383999999999999897e+00;-4.845750684860834073e-02;9.967002949572781878e-01;-1.881140015165612311e+01;2.994030753503970459e+02
2.386000000000000121e+00;-2.467102491815103757e-02;9.950455892507099609e-01;-1.222148465079805923e+01;3.001377092120362136e+02
2.387999999999999901e+00;-7.136969945232419631e-04;9.966538267969516918e-01;-5.662865860401263163e+00;3.003636850906950713e+02
2.390000000000000124e+00;2.148028902559720801e-02;9.972653227827915634e-01;1.026308939851884094e+00;3.004278227288608605e+02
2.391999999999999904e+00;4.394363208101260965e-02;9.962770881157062552e-01;7.420688842858011114e+00;3.006284374735687948e+02
2.394000000000000128e+00;6.561193532178363763e-02;9.959621526819605331e-01;1.381303651628467222e+01;3.006209797179544694e+02
2.395999999999999908e+00;8.294178343737347581e-02;9.974813257440857672e-01;2.059360145312266255e+01;3.001309955644550769e+02
2.398000000000000131e+00;1.016204656617805818e-01;9.959890760146722366e-01;2.716766657169442922e+01;2.994448442476509058e+02
2.399999999999999911e+00;1.302745043942658554e-01;9.911846419576001432e-01;3.355786421628742033e+01;2.993396815706183816e+02
2.402000000000000135e+00;1.508401422317333929e-01;9.884621486301006232e-01;4.020580834549043914e+01;2.986527409930293402e+02
2.403999999999999915e+00;1.683968806457625811e-01;9.874314949853009171e-01;4.649283622845432262e+01;2.977173855231566790e+02
2.406000000000000139e+00;1.896695194800487594e-01;9.832801200145739884e-01;5.298898758172778400e+01;2.967409363459518090e+02
2.407999999999999918e+00;2.087440829562659805e-01;9.797053248450326990e-01;5.959506326902483409e+01;2.955115217157853067e+02
2.410000000000000142e+00;2.306041606366594221e-01;9.753168328652519481e-01;6.594292672747391748e+01;2.945341796232418687e+02
2.411999999999999922e+00;2.522429169551951289e-01;9.718336816617501039e-01;7.216331504183544610e+01;2.930598375908415960e+02
2.414000000000000146e+00;2.700752041558396876e-01;9.669493308389389696e-01;7.880912811172530041e+01;2.915599829986522877e+02
2.415999999999999925e+00;2.901910260152432697e-01;9.610392976449049218e-01;8.505539429712976585e+01;2.900017642890322804e+02
2.418000000000000149e+00;3.114887799273193814e-01;9.537164664275129544e-01;9.142619874132188329e+01;2.882970829911453166e+02
2.419999999999999929e+00;3.328187745642355311e-01;9.460775211902625603e-01;9.754482853047613844e+01;2.864556179850572448e+02
2.422000000000000153e+00;3.548438181398172464e-01;9.408694004115012444e-01;1.037538457727638388e+02;2.843167798198077776e+02
2.423999999999999932e+00;3.723102094208346480e-01;9.333870761004752215e-01;1.098073048916769920e+02;2.821223848622503283e+02
2.426000000000000156e+00;3.928404847669958455e-01;9.258677856473914725e-01;1.158559929261259924e+02;2.798470417931968086e+02
2.427999999999999936e+00;4.124589437441092410e-01;9.174553431818660565e-01;1.220747796420039322e+02;2.772389746377685924e+02
2.430000000000000160e+00;4.281668682184497920e-01;9.101539777044402868e-01;1.280519349669448843e+02;2.746118097504734692e+02
2.431999999999999940e+00;4.533065742921059682e-01;8.991568477695439654e-01;1.339571187402124792e+02;2.720081230119048996e+02
2.434000000000000163e+00;4.737093842014699629e-01;8.893385743032258262e-01;1.397293310150147363e+02;2.693531978184577724e+02
2.435999999999999943e+00;4.876378976570220902e-01;8.815781063404527496e-01;1.456434487353749887e+02;2.662404198585232962e+02
2.438000000000000167e+00;5.047057834425821010e-01;8.715787358008905139e-01;1.514042016252422513e+02;2.628908282315746874e+02
2.439999999999999947e+00;5.252900033186136408e-01;8.593249440662024119e-01;1.567273360859686875e+02;2.600609927966223722e+02
2.442000000000000171e+00;5.458077820229876309e-01;8.480018098218188305e-01;1.624277041359582938e+02;2.569651725744257078e+02
2.443999999999999950e+00;5.607565732293207095e-01;8.368431494312659202e-01;1.679041959789668681e+02;2.529345904657152460e+02
2.446000000000000174e+00;5.769740096826291298e-01;8.257884522596764532e-01;1.734831384742863634e+02;2.494080915562492464e+02
2.447999999999999954e+00;5.961963777816660093e-01;8.120656258075154010e-01;1.788495818308085177e+02;2.458180304638510165e+02
2.450000000000000178e+00;6.155577585512247429e-01;8.003908124245603384e-01;1.840698124872562289e+02;2.422265296231307730e+02
2.451999999999999957e+00;6.293839489151932254e-01;7.878125482761240139e-01;1.892625462773613663e+02;2.381746814578166322e+02
2.454000000000000181e+00;6.463593145423389696e-01;7.735081472452957074e-01;1.945267827565108405e+02;2.341863443836490148e+02
2.455999999999999961e+00;6.623059638199139121e-01;7.603512250999470146e-01;1.995406466584032046e+02;2.299919997882367966e+02
2.458000000000000185e+00;6.767796821995167855e-01;7.463337160844426554e-01;2.044220898588703506e+02;2.257038542052694083e+02
2.459999999999999964e+00;6.957207813094157256e-01;7.300418313657528468e-01;2.090932396626089940e+02;2.213159100148403411e+02
2.462000000000000188e+00;7.095786550363872847e-01;7.181026746792509297e-01;2.138540518663784837e+02;2.167351666737246774e+02
2.463999999999999968e+00;7.256543790806004868e-01;7.017875931833406078e-01;2.184062448393679858e+02;2.123760773488069731e+02
2.466000000000000192e+00;7.429464661194687958e-01;6.827063750381436869e-01;2.230480310929753500e+02;2.078248942551936693e+02
2.467999999999999972e+00;7.522176188040345934e-01;6.695807675779191781e-01;2.275195805572548693e+02;2.027928730528096253e+02
2.470000000000000195e+00;7.684900196083525037e-01;6.525322443498586811e-01;2.317290293058536577e+02;1.981835255094595141e+02
2.471999999999999975e+00;7.806823817678741895e-01;6.367193143323632842e-01;2.359496071629623657e+02;1.930511147022778857e+02
2.474000000000000199e+00;7.928709951660654065e-01;6.212284884483401104e-01;2.400063660530658183e+02;1.881149823597042428e+02
2.475999999999999979e+00;8.068329116334085338e-01;6.028964276695349955e-01;2.440197502274780277e+02;1.829662243306976848e+02
2.478000000000000203e+00;8.213345193617493933e-01;5.860126494466001423e-01;2.478493570526370604e+02;1.778719811111957370e+02
2.479999999999999982e+00;8.310033809761467882e-01;5.692865916238989410e-01;2.518418414800533469e+02;1.725545401031386632e+02
2.482000000000000206e+00;8.444540961175057703e-01;5.499729083642447280e-01;2.553035943332314162e+02;1.671211873087884214e+02
2.483999999999999986e+00;8.556727392003651289e-01;5.324785570952106362e-01;2.589536814087743437e+02;1.618678158156708662e+02
2.485999999999999766e+00;8.687494481589542739e-01;5.130234630373725624e-01;2.622742473524988895e+02;1.563934138678606018e+02
2.487999999999999989e+00;8.767734262245315824e-01;4.968547840117837344e-01;2.656235449997686260e+02;1.503800870405811168e+02
2.490000000000000213e+00;8.843569299485249946e-01;4.781794387184769013e-01;2.687070701746670238e+02;1.447376710631333765e+02
2.491999999999999993e+00;8.961096499763655521e-01;4.585094237736674350e-01;2.716994465633609934e+02;1.391484076213690457e+02
2.493999999999999773e+00;9.009928982416915977e-01;4.417851682264985480e-01;2.746156658655543765e+02;1.332350766104813715e+02
2.495999999999999996e+00;9.143655201685119138e-01;4.222754234861861855e-01;2.772807379976646303e+02;1.274095231126675571e+02
2.498000000000000220e+00;9.174299251537888500e-01;4.050647570479903870e-01;2.803307222737282700e+02;1.211056713775421514e+02
2.500000000000000000e+00;9.280963246040384584e-01;3.846140878866444734e-01;2.829495336737791717e+02;1.155536935738814464e+02
2.501999999999999780e+00;9.370932791980098875e-01;3.632253761956459326e-01;2.852759022264069131e+02;1.094933546606720682e+02
2.504000000000000004e+00;9.412059659756157881e-01;3.454625297871063982e-01;2.875659665090894919e+02;1.033171846001451541e+02
2.505999999999999783e+00;9.504297831400677632e-01;3.247875831961289372e-01;2.897639937353529263e+02;9.720200324735672837e+01
2.508000000000000007e+00;9.553808471879767783e-01;3.051773737984226909e-01;2.917941650564782776e+02;9.076415108404873422e+01
2.509999999999999787e+00;9.604806511615878728e-01;2.864197428046155736e-01;2.936752080610627900e+02;8.468684954686639799e+01
2.512000000000000011e+00;9.685330995419999534e-01;2.665200049927404780e-01;2.952852872753369411e+02;7.851721694300245247e+01
2.513999999999999790e+00;9.705628226824346561e-01;2.469489443901994874e-01;2.969738679930949843e+02;7.201372826364411139e+01
2.516000000000000014e+00;9.745500252890769710e-01;2.289121529912873654e-01;2.984756143687175722e+02;6.557450438652097091e+01
2.517999999999999794e+00;9.817564468026864777e-01;2.077645468119955763e-01;3.000187075962642211e+02;5.935920141591275012e+01
2.520000000000000018e+00;9.847119367768060183e-01;1.878683589772439100e-01;3.011025068812646737e+02;5.303596349980868041e+01
2.521999999999999797e+00;9.859684156535577504e-01;1.687909310524048911e-01;3.021326898857662968e+02;4.634440427639473370e+01
2.524000000000000021e+00;9.912781256038878386e-01;1.484962552127566671e-01;3.031486412583309402e+02;4.008171225527233617e+01
2.525999999999999801e+00;9.935317214372962891e-01;1.294480158924970481e-01;3.039936881574576546e+02;3.351103581699602785e+01
2.528000000000000025e+00;9.915370787065583835e-01;1.114216118092069274e-01;3.048223224111368381e+02;2.688309951534998987e+01
2.529999999999999805e+00;9.944700820975846955e-01;8.953480013640910395e-02;3.053338675315541195e+02;2.044713303149081440e+01
2.532000000000000028e+00;1.000832654781782960e+00;6.779689288051658769e-02;3.056583002123214783e+02;1.428449392242938032e+01
2.533999999999999808e+00;9.987691091182554493e-01;4.895808695027249746e-02;3.060094432830773030e+02;7.631225937328362185e+00
2.536000000000000032e+00;9.980446885133030799e-01;2.847389703516321063e-02;3.063850721304350486e+02;8.073372563252270151e-01
2.537999999999999812e+00;9.975180388558932965e-01;5.809185616967475069e-03;3.063212314353935426e+02;-5.876241823871174219e+00
2.540000000000000036e+00;9.938047198599964105e-01;-1.084208498000504596e-02;3.060079599923337241e+02;-1.216432257722500765e+01
2.541999999999999815e+00;9.997756982231645884e-01;-3.455311313189567135e-02;3.056857682726044345e+02;-1.861981284584964413e+01
2.544000000000000039e+00;9.969018893743288867e-01;-5.437821302355502068e-02;3.055632714652944060e+02;-2.526293425327190079e+01
2.545999999999999819e+00;9.962853990703433027e-01;-7.396235053375849189e-02;3.046701160042460970e+02;-3.165415217762738465e+01
2.548000000000000043e+00;9.941765511868949634e-01;-9.350382789171218789e-02;3.041065538584738306e+02;-3.817416193751179776e+01
2.549999999999999822e+00;9.889404302403580482e-01;-1.123974311516041658e-01;3.034078094420082721e+02;-4.481682172093061922e+01
2.552000000000000046e+00;9.904364493094538480e-01;-1.338012067551122841e-01;3.022841951408740897e+02;-5.107056829874044723e+01
2.553999999999999826e+00;9.891081607631454498e-01;-1.547213272648997329e-01;3.012473498687353981e+02;-5.755140604516360270e+01
2.556000000000000050e+00;9.792042318914436771e-01;-1.739135041942022342e-01;3.001620856108980888e+02;-6.405990573805800636e+01
2.557999999999999829e+00;9.757481757968824443e-01;-1.918731195435748049e-01;2.988842652362643548e+02;-7.039901473107113361e+01
2.560000000000000053e+00;9.754253961303664955e-01;-2.126695874802083108e-01;2.973922397495966834e+02;-7.683787333930374075e+01
2.561999999999999833e+00;9.696465554543595156e-01;-2.350916480490134464e-01;2.954777902814353183e+02;-8.278183425688585828e+01
2.564000000000000057e+00;9.680161085453612424e-01;-2.551088219761126763e-01;2.938499082869786321e+02;-8.907049097433380780e+01
2.565999999999999837e+00;9.615135172967512744e-01;-2.736741864952285108e-01;2.918514219249685766e+02;-9.523249022228620220e+01
2.568000000000000060e+00;9.540679376513090393e-01;-2.935007245980851831e-01;2.898591856289655198e+02;-1.017328494260129048e+02
2.569999999999999840e+00;9.429887200117953450e-01;-3.094953388374959147e-01;2.878404802766889361e+02;-1.079179186579978733e+02
2.572000000000000064e+00;9.416636183823676731e-01;-3.340650714835852186e-01;2.854187643876718425e+02;-1.137097357970046403e+02
2.573999999999999844e+00;9.329312181801834303e-01;-3.523861078765485599e-01;2.829584669666458581e+02;-1.199529942985667503e+02
2.576000000000000068e+00;9.243551761575373726e-01;-3.707796604876180124e-01;2.805391801030620513e+02;-1.259141615109365091e+02
2.577999999999999847e+00;9.169222977805155939e-01;-3.904132010641519490e-01;2.777990705000078719e+02;-1.317358326991733861e+02
2.580000000000000071e+00;9.095186139361401967e-01;-4.100913334867356541e-01;2.750045181606845404e+02;-1.374639193915120075e+02
2.581999999999999851e+00;8.986661879157876731e-01;-4.290823849885613273e-01;2.719908144107538419e+02;-1.432903388789000587e+02
2.584000000000000075e+00;8.922743094730524183e-01;-4.488822082871770647e-01;2.690290817016021947e+02;-1.490253514253552112e+02
2.585999999999999854e+00;8.793814388742113852e-01;-4.661326778597414955e-01;2.658405362477071208e+02;-1.548540742419495189e+02
2.588000000000000078e+00;8.725698754826407555e-01;-4.859437945576300377e-01;2.627374340676557836e+02;-1.603957219716564566e+02
2.589999999999999858e+00;8.626795420782304991e-01;-5.056353771486506998e-01;2.590745469433906010e+02;-1.657388662769986070e+02
2.592000000000000082e+00;8.487372090438404237e-01;-5.229313495079532803e-01;2.555566419383910670e+02;-1.712888238791125843e+02
2.593999999999999861e+00;8.369404296464297843e-01;-5.401325016174614024e-01;2.519627825604922577e+02;-1.766036335678360558e+02
2.596000000000000085e+00;8.267648620197723952e-01;-5.589054311258839780e-01;2.482176101534456336e+02;-1.816998661600815126e+02
2.597999999999999865e+00;8.113904157885603041e-01;-5.736301033716701969e-01;2.442723029379180844e+02;-1.873208427789175516e+02
2.600000000000000089e+00;8.018285328597054562e-01;-5.928520334027320704e-01;2.402022199769567976e+02;-1.920520412133382138e+02
2.601999999999999869e+00;7.889649750190553812e-01;-6.108603655763318319e-01;2.362285270546732932e+02;-1.971933652047208057e+02
2.604000000000000092e+00;7.755163904311281886e-01;-6.268620719441923006e-01;2.319347618017370110e+02;-2.018979919770423521e+02
2.605999999999999872e+00;7.620575039559935870e-01;-6.457236142767452947e-01;2.276467800977894456e+02;-2.066746092251879929e+02
2.608000000000000096e+00;7.458121119659979481e-01;-6.616366832891480421e-01;2.232569008178785737e+02;-2.116538514537368769e+02
2.609999999999999876e+00;7.312268190756034958e-01;-6.794039259117174989e-01;2.185672578025069868e+02;-2.161377923075729939e+02
2.612000000000000099e+00;7.183147992066010179e-01;-6.952561702131976329e-01;2.142878481375140325e+02;-2.208878359492212837e+02
2.613999999999999879e+00;7.039355395997479725e-01;-7.109208756901128634e-01;2.092543955673394862e+02;-2.252019183152949040e+02
2.616000000000000103e+00;6.862309975556021291e-01;-7.262769617902488095e-01;2.045720524006330550e+02;-2.296566157816509417e+02
2.617999999999999883e+00;6.697546849023188198e-01;-7.410775498068941092e-01;1.996006533134259655e+02;-2.337145219997138099e+02
2.620000000000000107e+00;6.505373686955842061e-01;-7.543541507333140217e-01;1.945740537940310446e+02;-2.379712496324146684e+02
2.621999999999999886e+00;6.334545400960984729e-01;-7.699197875279619740e-01;1.892985685417119726e+02;-2.419366206168277245e+02
2.624000000000000110e+00;6.167753270318814263e-01;-7.823039514068484968e-01;1.840164928020710420e+02;-2.457667013987439191e+02
2.625999999999999890e+00;5.970599216994441072e-01;-7.967994049084443642e-01;1.789660384233450543e+02;-2.498119517474364670e+02
2.628000000000000114e+00;5.812614467939531959e-01;-8.095954211900482367e-01;1.737146044929888831e+02;-2.534677397276081479e+02
2.629999999999999893e+00;5.632123070618717531e-01;-8.202619309841073791e-01;1.680598169686753351e+02;-2.566860138311655533e+02
2.632000000000000117e+00;5.478677364966875185e-01;-8.349534460806651293e-01;1.625051738516033595e+02;-2.601306956660932315e+02
2.633999999999999897e+00;5.279259683470849396e-01;-8.480375266786530641e-01;1.568048197316511505e+02;-2.634806558208931619e+02
2.636000000000000121e+00;5.073135358643066084e-01;-8.576136894001823441e-01;1.512574343056140265e+02;-2.670628459544449242e+02
2.637999999999999901e+00;4.901703361827214889e-01;-8.692284202722786457e-01;1.453249797313995941e+02;-2.697895754397770816e+02
2.640000000000000124e+00;4.671633982370065330e-01;-8.779037367445058360e-01;1.397270779890413053e+02;-2.729882967501904432e+02
2.641999999999999904e+00;4.497389447418146391e-01;-8.908469327535474269e-01;1.338750009698715076e+02;-2.758432474004742971e+02
2.644000000000000128e+00;4.259147068603233999e-01;-8.980498289038412185e-01;1.279298434212177398e+02;-2.784796302218989581e+02
2.645999999999999908e+00;4.148075478946393058e-01;-9.107823622421035159e-01;1.217611667640390323e+02;-2.807465966020255337e+02
2.648000000000000131e+00;3.922737512679045357e-01;-9.166436403071086536e-01;1.154902529415503949e+02;-2.831417902190861469e+02
2.649999999999999911e+00;3.702704011299902120e-01;-9.257440317499113780e-01;1.096292875380029983e+02;-2.856019415951508904e+02
2.652000000000000135e+00;3.509389245493734211e-01;-9.340489775964014862e-01;1.033471646348712483e+02;-2.878594457467691541e+02
2.653999999999999915e+00;3.277686172231520367e-01;-9.412286262085617361e-01;9.705876204434562737e+01;-2.898029305222087260e+02
2.656000000000000139e+00;3.060826995114284688e-01;-9.483693321026415157e-01;9.116501598868494227e+01;-2.920366229210266056e+02
2.657999999999999918e+00;2.839678606239557923e-01;-9.536795804898006157e-01;8.467404372933792445e+01;-2.936510749649897889e+02
2.660000000000000142e+00;2.606904421377750913e-01;-9.584900074383744251e-01;7.814447566680979662e+01;-2.955305003146827403e+02
2.661999999999999922e+00;2.432775913444960858e-01;-9.649817340596367199e-01;7.186943335158822777e+01;-2.969900004491138361e+02
2.664000000000000146e+00;2.238802696474392062e-01;-9.728828781228768818e-01;6.541398317418544650e+01;-2.983876919271764905e+02
2.665999999999999925e+00;1.984296719289135313e-01;-9.758478670971675317e-01;5.877882097006450834e+01;-2.994540407985730894e+02
2.668000000000000149e+00;1.810202673464009482e-01;-9.814846418643385917e-01;5.244094678479204674e+01;-3.006554287574839464e+02
2.669999999999999929e+00;1.603336598821078762e-01;-9.855026375409641215e-01;4.589479644799980917e+01;-3.014142125459252384e+02
2.672000000000000153e+00;1.395215879087712552e-01;-9.901274762992644529e-01;3.924471258585420941e+01;-3.023964023923539344e+02
2.673999999999999932e+00;1.186140983385684383e-01;-9.931444119748491506e-01;3.266015915627736632e+01;-3.030155214776257822e+02
2.676000000000000156e+00;9.845778497803070461e-02;-9.966568935619181113e-01;2.625092477248186285e+01;-3.037526272245839891e+02
2.677999999999999936e+00;7.512060656953876980e-02;-9.976682925119388923e-01;1.956329099148501527e+01;-3.042002121625581026e+02
2.680000000000000160e+00;5.174845668696067408e-02;-9.981053751381437911e-01;1.309582860176514885e+01;-3.044830078433491849e+02
2.681999999999999940e+00;2.949911420240044005e-02;-9.991167800738554039e-01;6.546036025819911508e+00;-3.047049328129303376e+02
2.684000000000000163e+00;3.880750432891333541e-03;-9.974082165533882938e-01;-2.100976620488149982e-01;-3.046782114268601163e+02
2.685999999999999943e+00;-1.194392924204121589e-02;-1.002141261154688490e+00;-6.973504168186399177e+00;-3.041571629637569458e+02
2.688000000000000167e+00;-3.759025655750595357e-02;-1.001555490595352982e+00;-1.336191368209080998e+01;-3.043219418962946747e+02
2.689999999999999947e+00;-6.109693528199380136e-02;-9.998191522312331880e-01;-1.993370256145505692e+01;-3.038060718299925611e+02
2.692000000000000171e+00;-8.110189498265367447e-02;-1.000336157688737515e+00;-2.645947798720201405e+01;-3.032723617868037991e+02
2.693999999999999950e+00;-1.017944828231165388e-01;-9.984687840573031048e-01;-3.306704518352512423e+01;-3.026621681932055026e+02
2.696000000000000174e+00;-1.208085277745775815e-01;-9.971277429445951634e-01;-3.979263426830641492e+01;-3.016057512128162443e+02
2.697999999999999954e+00;-1.409984780766486423e-01;-9.951344199053344663e-01;-4.644467945787849317e+01;-3.006494909188090787e+02
2.700000000000000178e+00;-1.624545388479974317e-01;-9.924680769303654282e-01;-5.284676878860125271e+01;-2.995839881110199485e+02
2.701999999999999957e+00;-1.865702651618507679e-01;-9.880106345018766500e-01;-5.943621564345210118e+01;-2.986899250613192862e+02
2.704000000000000181e+00;-2.082496447001127571e-01;-9.857821482053953366e-01;-6.577328259403309119e+01;-2.972714816169000187e+02
2.705999999999999961e+00;-2.275587234157201988e-01;-9.814229951370366800e-01;-7.234971973167512260e+01;-2.958276145326468622e+02
2.708000000000000185e+00;-2.499573355542442366e-01;-9.764739635908444848e-01;-7.861084366639303767e+01;-2.941183604994321854e+02
2.709999999999999964e+00;-2.727795330144914265e-01;-9.716012888279598192e-01;-8.485697418801936465e+01;-2.924683021215535632e+02
2.712000000000000188e+00;-2.868912554317628594e-01;-9.679798960576462274e-01;-9.122567883499166896e+01;-2.902146245981129482e+02
2.713999999999999968e+00;-3.146705614590518119e-01;-9.591682739782332323e-01;-9.750962986867799032e+01;-2.886182972682148602e+02
2.716000000000000192e+00;-3.317531460264408483e-01;-9.549193371169876210e-01;-1.035620799088715813e+02;-2.861572537404883292e+02
2.717999999999999972e+00;-3.565031468893366529e-01;-9.472901803040546520e-01;-1.094956934285707746e+02;-2.841752772339903004e+02
2.720000000000000195e+00;-3.789099888359867552e-01;-9.390510117117324418e-01;-1.159439040293235905e+02;-2.813995287088065993e+02
2.721999999999999975e+00;-3.957702820942985422e-01;-9.331842432193317993e-01;-1.219193520051041730e+02;-2.790776521786493731e+02
2.724000000000000199e+00;-4.141004989674563208e-01;-9.256740185070764237e-01;-1.278597010697434655e+02;-2.763045015372200055e+02
2.725999999999999979e+00;-4.326449279767916600e-01;-9.161590717800891515e-01;-1.338261102294916896e+02;-2.733105076738356161e+02
2.728000000000000203e+00;-4.584262109332443158e-01;-9.059600486943404363e-01;-1.395866014404446673e+02;-2.708055519528588206e+02
2.729999999999999982e+00;-4.728900202914634865e-01;-8.979983620477529627e-01;-1.454757751197142284e+02;-2.675526827849618030e+02
2.732000000000000206e+00;-4.942922750414412425e-01;-8.888196855495165138e-01;-1.512337617168456632e+02;-2.646371040702824757e+02
2.733999999999999986e+00;-5.115010426452725190e-01;-8.786166934896840752e-01;-1.567020766696350620e+02;-2.611146330326737370e+02
2.736000000000000210e+00;-5.306953716621999328e-01;-8.670375496336368837e-01;-1.623909890262201543e+02;-2.577990452397453964e+02
2.737999999999999989e+00;-5.506968453772842498e-01;-8.546641436437205641e-01;-1.679758871493101253e+02;-2.539588526685433010e+02
2.740000000000000213e+00;-5.688361430720901835e-01;-8.450184746579694206e-01;-1.732719693907227168e+02;-2.502822920901097916e+02
2.741999999999999993e+00;-5.850868048526296494e-01;-8.347081884222499193e-01;-1.787763518462739114e+02;-2.466338478148907996e+02
2.743999999999999773e+00;-6.043698042356552280e-01;-8.201781175015160352e-01;-1.837032938624869303e+02;-2.428114704906593886e+02
2.745999999999999996e+00;-6.229017046129421420e-01;-8.077987596007421001e-01;-1.889108531905934285e+02;-2.388664611597099281e+02
2.748000000000000220e+00;-6.370060424479075945e-01;-7.953366069582108455e-01;-1.939474485443224694e+02;-2.346696833880832003e+02
2.750000000000000000e+00;-6.546992939627247488e-01;-7.800976467204956410e-01;-1.990511989840951514e+02;-2.304709806050272505e+02
2.751999999999999780e+00;-6.731034359883043550e-01;-7.654818043441978803e-01;-2.039381122948692848e+02;-2.263218674308096183e+02
2.754000000000000004e+00;-6.872941270504313582e-01;-7.507298249426399561e-01;-2.086806235981159716e+02;-2.216533678323987147e+02
2.756000000000000227e+00;-7.062058107635732496e-01;-7.359303410658495359e-01;-2.131335254444328200e+02;-2.174092888920891653e+02
2.758000000000000007e+00;-7.234466670958610290e-01;-7.203394759066494846e-01;-2.175746774939137254e+02;-2.128965681865541626e+02
2.759999999999999787e+00;-7.351271303535845680e-01;-7.066715321220973234e-01;-2.224335419176781556e+02;-2.078063077692737863e+02
2.762000000000000011e+00;-7.506003593574465116e-01;-6.907571658655562441e-01;-2.265246842732749997e+02;-2.032849848604401188e+02
2.764000000000000234e+00;-7.625914660069816886e-01;-6.772413751366038737e-01;-2.306545367748793183e+02;-1.980452386820432480e+02
2.766000000000000014e+00;-7.795715858218126293e-01;-6.568102472554739890e-01;-2.349824022160485129e+02;-1.932954408317478112e+02
2.767999999999999794e+00;-7.937982195651923645e-01;-6.389580126996226017e-01;-2.389979410851135526e+02;-1.880295031114856386e+02
2.770000000000000018e+00;-8.075134462960200654e-01;-6.210986967734377640e-01;-2.429191968695453454e+02;-1.830255547475997560e+02
2.772000000000000242e+00;-8.208254146475301161e-01;-6.048988493913066700e-01;-2.466170997732256183e+02;-1.779394048797839503e+02
2.774000000000000021e+00;-8.329985247858744390e-01;-5.859244894977562179e-01;-2.502036479145160683e+02;-1.725687905441682801e+02
2.775999999999999801e+00;-8.443011311470585145e-01;-5.687266147616915068e-01;-2.537997397791129401e+02;-1.670566494117725824e+02
2.778000000000000025e+00;-8.583583607399999371e-01;-5.489370952382792712e-01;-2.572005289169388789e+02;-1.616748635508155871e+02
2.780000000000000249e+00;-8.665024568873874733e-01;-5.314434845047969480e-01;-2.605891792525825963e+02;-1.557408019890106061e+02
2.782000000000000028e+00;-8.765376557720998552e-01;-5.122593949421208048e-01;-2.637572177002767262e+02;-1.500030420115532479e+02
2.783999999999999808e+00;-8.871733840419817607e-01;-4.927476533453763463e-01;-2.667572668141360168e+02;-1.445487483807386866e+02
2.786000000000000032e+00;-8.932799669081200600e-01;-4.760100744701173947e-01;-2.698195491240764454e+02;-1.384330724714615712e+02
2.788000000000000256e+00;-9.083668073439566948e-01;-4.535552281384685469e-01;-2.725536031601122886e+02;-1.325672021848872646e+02
2.790000000000000036e+00;-9.178501627757871262e-01;-4.342781009825478766e-01;-2.751446903491932403e+02;-1.269010219638186925e+02
2.791999999999999815e+00;-9.236495403298505824e-01;-4.166043587368122303e-01;-2.778692856075151667e+02;-1.207637204981098478e+02
2.794000000000000039e+00;-9.323522628741003349e-01;-3.959173585338955359e-01;-2.802495404936180989e+02;-1.148006815158690159e+02
2.795999999999999819e+00;-9.396476681673119336e-01;-3.753989183897498694e-01;-2.825349606918556447e+02;-1.088746681814016881e+02
2.798000000000000043e+00;-9.476630813985684743e-01;-3.543883312557639109e-01;-2.847405682388111927e+02;-1.026327126381583668e+02
2.799999999999999822e+00;-9.535476701922110943e-01;-3.347908039608108455e-01;-2.866748251530835319e+02;-9.662612705371370225e+01
2.802000000000000046e+00;-9.593648850369668191e-01;-3.121745667424651871e-01;-2.885346493820367186e+02;-9.028028754737820805e+01
2.803999999999999826e+00;-9.633336198704430808e-01;-2.931889580017253971e-01;-2.901741987837653483e+02;-8.383928555932033078e+01
2.806000000000000050e+00;-9.694834005271448785e-01;-2.732030378954766747e-01;-2.917888166025772421e+02;-7.779628507360068568e+01
2.807999999999999829e+00;-9.735408137507868265e-01;-2.513467862877137304e-01;-2.933052059615346820e+02;-7.133878191065541330e+01
2.810000000000000053e+00;-9.782616627894533679e-01;-2.299291304217074838e-01;-2.947503356246959925e+02;-6.479529838548914711e+01
2.811999999999999833e+00;-9.802742352515811941e-01;-2.110751482559000691e-01;-2.958856633638598623e+02;-5.844558378677303523e+01
2.814000000000000057e+00;-9.852900928626020516e-01;-1.890841181985364883e-01;-2.968623416371951294e+02;-5.213860613688647305e+01
2.815999999999999837e+00;-9.899783243783681908e-01;-1.681201843048083511e-01;-2.979226761729025270e+02;-4.588273332233102764e+01
2.818000000000000060e+00;-9.909207071613721496e-01;-1.467301787171668981e-01;-2.984214025090302584e+02;-3.906189867624507883e+01
2.819999999999999840e+00;-9.951700693778789963e-01;-1.244049099523284879e-01;-2.992079539623283608e+02;-3.253069725412964175e+01
2.822000000000000064e+00;-9.932333015375824914e-01;-1.053215790889503040e-01;-2.997477402701304072e+02;-2.591457320421629262e+01
2.823999999999999844e+00;-9.933450119437401415e-01;-8.429842552138441802e-02;-3.001028478544380391e+02;-1.942126055257595496e+01
2.826000000000000068e+00;-9.956810060746443813e-01;-6.212743534225896591e-02;-3.002172276971979272e+02;-1.295528882113856994e+01
2.827999999999999847e+00;-9.960686038967857536e-01;-4.014184040123883884e-02;-3.001536835547813098e+02;-6.349648851236006308e+00
2.830000000000000071e+00;-9.945582243250097321e-01;-2.009039607443724451e-02;-3.003450620423355986e+02;3.045526623586003456e-01
2.831999999999999851e+00;-9.928363254927156101e-01;1.507633832673125739e-03;-3.003144118844509194e+02;6.914653258249852108e+00
2.834000000000000075e+00;-9.935612653315597509e-01;2.618907993838461359e-02;-2.998449272562787655e+02;1.353176585622368044e+01
2.835999999999999854e+00;-9.914151246849114418e-01;4.790321001388329197e-02;-2.992849609923670187e+02;1.999699505960626666e+01
2.838000000000000078e+00;-9.880327092551990376e-01;6.635348375341480753e-02;-2.985522505760108629e+02;2.684019303747511032e+01
2.839999999999999858e+00;-9.868750863335442602e-01;8.917640010284647034e-02;-2.980325948050752913e+02;3.338833814181620596e+01
2.842000000000000082e+00;-9.890895683920912784e-01;1.124666375357636083e-01;-2.969281428757296339e+02;3.961275757157278576e+01
2.843999999999999861e+00;-9.831448542636476162e-01;1.332406940919178273e-01;-2.957959194985752447e+02;4.607643833410825351e+01
2.846000000000000085e+00;-9.812970075616969101e-01;1.560269105475045048e-01;-2.946142083687121840e+02;5.263251993810762031e+01
2.847999999999999865e+00;-9.771854510991133669e-01;1.762898757420509610e-01;-2.932767783111647759e+02;5.892265642591731734e+01
2.850000000000000089e+00;-9.710805887568568773e-01;1.964175101632711362e-01;-2.918030348963201277e+02;6.554665778473057003e+01
2.851999999999999869e+00;-9.667802535192804303e-01;2.165178687872012786e-01;-2.902669771456390322e+02;7.185945143886688413e+01
2.854000000000000092e+00;-9.609259386581407991e-01;2.385680367575633287e-01;-2.886835798229204215e+02;7.831403704274231359e+01
2.855999999999999872e+00;-9.549690465950512186e-01;2.593419250642663432e-01;-2.866538598150273174e+02;8.464320416121803703e+01
2.858000000000000096e+00;-9.497631557433428018e-01;2.803769584285835115e-01;-2.846178035823418782e+02;9.075963768250684893e+01
2.859999999999999876e+00;-9.445579570629261124e-01;3.017123785065705666e-01;-2.824870284551071222e+02;9.686797936647946017e+01
2.862000000000000099e+00;-9.346333886939850455e-01;3.221221960656389660e-01;-2.802270732294961135e+02;1.030358471099819724e+02
2.863999999999999879e+00;-9.302808263097277486e-01;3.434933201404022363e-01;-2.778108718978206753e+02;1.093218692313245128e+02
2.866000000000000103e+00;-9.193001301057350805e-01;3.645404491895077870e-01;-2.752548234813528438e+02;1.155115735882742740e+02
2.867999999999999883e+00;-9.078111496229883670e-01;3.838004428296025727e-01;-2.726345388872597937e+02;1.217621121606050281e+02
2.870000000000000107e+00;-9.021846964424815596e-01;4.051447854187820719e-01;-2.698682739242375419e+02;1.275538850888076894e+02
2.871999999999999886e+00;-8.938516706071878426e-01;4.258758303136038204e-01;-2.668749672645682836e+02;1.331553939209496207e+02
2.874000000000000110e+00;-8.827903734240285516e-01;4.460919241944800717e-01;-2.639454436437018785e+02;1.390995606287885096e+02
2.875999999999999890e+00;-8.731074101519983310e-01;4.646075893177408211e-01;-2.607534538971076472e+02;1.448398595210552742e+02
2.878000000000000114e+00;-8.610683168234002371e-01;4.833289688959118702e-01;-2.571825234131671323e+02;1.506971655600413555e+02
2.879999999999999893e+00;-8.503878884135082084e-01;5.024861033291412316e-01;-2.539948788404713014e+02;1.562574488668653316e+02
2.882000000000000117e+00;-8.389111077639903602e-01;5.226321606969992484e-01;-2.504010627160928379e+02;1.618843385199722036e+02
2.883999999999999897e+00;-8.245299434010890938e-01;5.409341962382603342e-01;-2.467004494553636391e+02;1.671872646344129976e+02
2.886000000000000121e+00;-8.125934170534623302e-01;5.597757998327741458e-01;-2.428914101560680194e+02;1.726528956682452929e+02
2.887999999999999901e+00;-7.998270761480632540e-01;5.789534277951846608e-01;-2.390257351484305559e+02;1.779725750178610610e+02
2.890000000000000124e+00;-7.889920482989022377e-01;5.970548750997020093e-01;-2.351950841393216365e+02;1.830870469734601045e+02
2.891999999999999904e+00;-7.721164069392475460e-01;6.143915750364552508e-01;-2.308477307385405766e+02;1.884278840771715409e+02
2.894000000000000128e+00;-7.617354223930818957e-01;6.330939883691243386e-01;-2.266675448259636028e+02;1.932544283457964980e+02
2.895999999999999908e+00;-7.459667401876226567e-01;6.507224356369201157e-01;-2.223169582815432364e+02;1.982705267556484046e+02
2.898000000000000131e+00;-7.271364785406236875e-01;6.658459161508899493e-01;-2.179140085019653270e+02;2.032878028882926742e+02
2.899999999999999911e+00;-7.146325799340537133e-01;6.826486414573433859e-01;-2.133773598663877351e+02;2.080310823683427373e+02
2.902000000000000135e+00;-6.968584738230730879e-01;7.019234849063993309e-01;-2.087227790148887436e+02;2.125357165311131666e+02
2.903999999999999915e+00;-6.844810059018671122e-01;7.196542020155592967e-01;-2.040570809751968966e+02;2.170266985079150288e+02
2.906000000000000139e+00;-6.630330435537932221e-01;7.324256913011542025e-01;-1.988922738919199560e+02;2.216658143006596333e+02
2.907999999999999918e+00;-6.474848980480707450e-01;7.481608491771899461e-01;-1.942623891564079202e+02;2.260694090715841753e+02
2.910000000000000142e+00;-6.290591976864329249e-01;7.623471431644329721e-01;-1.892092783978937405e+02;2.303934254604503167e+02
2.911999999999999922e+00;-6.133939124438934076e-01;7.778938643567940847e-01;-1.841601190040277345e+02;2.344559208118253082e+02
2.914000000000000146e+00;-5.951487198099730813e-01;7.915894584987128724e-01;-1.788449620882150555e+02;2.383663127658836345e+02
2.915999999999999925e+00;-5.770055907782675186e-01;8.049685258083618677e-01;-1.737048981788940978e+02;2.422774181857307667e+02
2.918000000000000149e+00;-5.599788667116685215e-01;8.194504725529648814e-01;-1.681494006629631315e+02;2.459407620858074495e+02
2.919999999999999929e+00;-5.403076927401915253e-01;8.308723405962000763e-01;-1.631063527037081542e+02;2.498382716559607104e+02
2.922000000000000153e+00;-5.214051774467401978e-01;8.433545862649793889e-01;-1.572387271421051764e+02;2.533452434310924275e+02
2.923999999999999932e+00;-5.000712151581491183e-01;8.546329894945786654e-01;-1.516874855262820461e+02;2.570317470424514568e+02
2.926000000000000156e+00;-4.826779056701261394e-01;8.667552042923272193e-01;-1.459537648032048480e+02;2.600407952969947587e+02
2.927999999999999936e+00;-4.642646467496648333e-01;8.804920076585964761e-01;-1.403366061801107776e+02;2.631980835184530747e+02
2.930000000000000160e+00;-4.399995971237379844e-01;8.875359074969206841e-01;-1.344924174438511670e+02;2.665154739144405767e+02
2.931999999999999940e+00;-4.185915732635926423e-01;8.973076534848770658e-01;-1.286719595791308564e+02;2.696349291083985804e+02
2.934000000000000163e+00;-4.031440598996707259e-01;9.079767702441401411e-01;-1.226728184348753814e+02;2.720275522019521190e+02
2.935999999999999943e+00;-3.820588285304974407e-01;9.185147187313594808e-01;-1.166559318538666332e+02;2.748680448585047316e+02
2.938000000000000167e+00;-3.622277968723668362e-01;9.261439356475991147e-01;-1.104029026817247257e+02;2.773009712258885884e+02
2.939999999999999947e+00;-3.392685548644071014e-01;9.336400861400899753e-01;-1.045669551557426757e+02;2.800561358971752952e+02
2.942000000000000171e+00;-3.190763817692271465e-01;9.414643164434423062e-01;-9.824542888272641505e+01;2.822097568241307499e+02
2.943999999999999950e+00;-2.967118216235896666e-01;9.480874497485967112e-01;-9.190561910040374016e+01;2.845288128002603116e+02
2.946000000000000174e+00;-2.787996437794869609e-01;9.562013956507874335e-01;-8.570416462464731922e+01;2.861876238120836433e+02
2.947999999999999954e+00;-2.564055401806807910e-01;9.615289196705394392e-01;-7.937490683946812453e+01;2.882097564199860926e+02
2.950000000000000178e+00;-2.346449100050293224e-01;9.661867544800269991e-01;-7.307829657291514991e+01;2.901957962093580363e+02
2.951999999999999957e+00;-2.143195520174440427e-01;9.720775978212257140e-01;-6.678263279155730459e+01;2.919427991510469838e+02
2.954000000000000181e+00;-1.911174186654332474e-01;9.770812302829572360e-01;-6.033364562600434056e+01;2.932814467190751202e+02
2.955999999999999961e+00;-1.694700530038981134e-01;9.804472386206557477e-01;-5.379116836473663454e+01;2.945901330676903171e+02
2.958000000000000185e+00;-1.472152925584196692e-01;9.828259026552844668e-01;-4.749657714194334801e+01;2.958241074020946826e+02
2.959999999999999964e+00;-1.296967027635743119e-01;9.888790804824646452e-01;-4.106478538070759043e+01;2.967827108316028557e+02
2.962000000000000188e+00;-1.030830342535432320e-01;9.888268392511732063e-01;-3.443911103634850690e+01;2.979083406188557319e+02
2.963999999999999968e+00;-8.886892328133219610e-02;9.941086109760183254e-01;-2.798819952530159227e+01;2.985408632372264606e+02
2.966000000000000192e+00;-6.303666498979584865e-02;9.949194134967539460e-01;-2.134131706349727509e+01;2.992964203970809081e+02
2.967999999999999972e+00;-4.006311220374898091e-02;9.960009933918767544e-01;-1.484667855830830341e+01;2.998349115522365764e+02
2.970000000000000195e+00;-1.699797835935571572e-02;9.957015396500255022e-01;-8.398422695302468099e+00;3.003345972520546638e+02
2.971999999999999975e+00;2.805449013440577868e-03;9.995670520843640272e-01;-1.779462383994042884e+00;3.004322969406925381e+02
2.974000000000000199e+00;3.016046987158023038e-02;9.971786040436245724e-01;4.933664440640306736e+00;3.006023351322202188e+02
2.975999999999999979e+00;4.889666876891643477e-02;9.974185739788596905e-01;1.158572678204417983e+01;3.002726984373811092e+02
2.978000000000000203e+00;7.338409083013254508e-02;9.955034026182836282e-01;1.805409869963971659e+01;3.005396897166261851e+02
2.979999999999999982e+00;9.139567898732994800e-02;9.954726706531584757e-01;2.444388848967214400e+01;3.002011022621212533e+02
2.982000000000000206e+00;1.134538588849357821e-01;9.936771070345884471e-01;3.098947941597878142e+01;2.995380727067061457e+02
2.983999999999999986e+00;1.360249830895759460e-01;9.910060354094870627e-01;3.753041660477463637e+01;2.989481081730735923e+02
2.985999999999999766e+00;1.548263191435452213e-01;9.885476384862478261e-01;4.394865007148523972e+01;2.980784058114224422e+02
2.987999999999999989e+00;1.756367304007703245e-01;9.858847177077759705e-01;5.060702240612491920e+01;2.971758347237562816e+02
2.990000000000000213e+00;1.994303915276262329e-01;9.811565675449918089e-01;5.684168206395884226e+01;2.964082284099105777e+02
2.991999999999999993e+00;2.197445683539280825e-01;9.777242174442383194e-01;6.342131077062250455e+01;2.950340489627798206e+02
2.993999999999999773e+00;2.375194564249464846e-01;9.747187597322580777e-01;6.971474696551874217e+01;2.935888555380057596e+02
2.995999999999999996e+00;2.605660167785683878e-01;9.697478671734878208e-01;7.621006914591815473e+01;2.923979820460511974e+02
2.998000000000000220e+00;2.810202532754262350e-01;9.626170901468886765e-01;8.241009883975050343e+01;2.907450705743393087e+02
3.000000000000000000e+00;3.058411105673929375e-01;9.547502681083679388e-01;8.885708600004036839e+01;2.892614003494201143e+02
3.001999999999999780e+00;3.239857004232554738e-01;9.506158726490653299e-01;9.508503109805765519e+01;2.871147475656991332e+02
3.004000000000000004e+00;3.407627841659838230e-01;9.446345505852434821e-01;1.012932409982792876e+02;2.850200529391360078e+02
3.005999999999999783e+00;3.643716799690904229e-01;9.379870643821970333e-01;1.072636100509115096e+02;2.830967948396580027e+02
3.008000000000000007e+00;3.819315988368032211e-01;9.303321375531525828e-01;1.134435002640670263e+02;2.805251239383339907e+02
3.009999999999999787e+00;4.075068835413782620e-01;9.190883066157065073e-01;1.197301548601806900e+02;2.784661387324249517e+02
3.012000000000000011e+00;4.261274474672606116e-01;9.118142876885135806e-01;1.256816394007694555e+02;2.758339373327352178e+02
3.013999999999999790e+00;4.417708429286745786e-01;9.039530897935330600e-01;1.316614275768683910e+02;2.730578655752822215e+02
3.016000000000000014e+00;4.651610841143168917e-01;8.924146688763828772e-01;1.373997476886774223e+02;2.704808238846369477e+02
3.017999999999999794e+00;4.816707147431123492e-01;8.851052298477825042e-01;1.432543998549723483e+02;2.673084775790197796e+02
3.020000000000000018e+00;5.029768239951464270e-01;8.735533617201072243e-01;1.488533889306338551e+02;2.644846012319696342e+02
3.021999999999999797e+00;5.198324665782745324e-01;8.643574154047655167e-01;1.548064158061609703e+02;2.612064379398850065e+02
3.024000000000000021e+00;5.369018575577834129e-01;8.523906731210951770e-01;1.604683920845225202e+02;2.578954822368630175e+02
3.025999999999999801e+00;5.556877816768608369e-01;8.408134224325619632e-01;1.659140051660038466e+02;2.546152996012780534e+02
3.028000000000000025e+00;5.729295265739964282e-01;8.286222760825522338e-01;1.713546301597100978e+02;2.509222939674094448e+02
3.029999999999999805e+00;5.901082293307144955e-01;8.159531920341009936e-01;1.768360993360794282e+02;2.472465194816713847e+02
3.032000000000000028e+00;6.079107005704974531e-01;8.039698271231408011e-01;1.819879629351270012e+02;2.434794044359571785e+02
3.033999999999999808e+00;6.271862024169676531e-01;7.898305391965243505e-01;1.873173817666032051e+02;2.397714210340894283e+02
3.036000000000000032e+00;6.446942349741248135e-01;7.766662116863033427e-01;1.921591056438758756e+02;2.357504776891537972e+02
3.037999999999999812e+00;6.631635806765808772e-01;7.611871168427364331e-01;1.974507084288380554e+02;2.317017537341011462e+02
3.040000000000000036e+00;6.769978299967517321e-01;7.490390524542039907e-01;2.024206920828426064e+02;2.274716578145118433e+02
3.041999999999999815e+00;6.916756248228055348e-01;7.343756717015854640e-01;2.072875172844586018e+02;2.231605033586658067e+02
3.044000000000000039e+00;7.086445591970274016e-01;7.202029573095294346e-01;2.120362655111189270e+02;2.187667609538812883e+02
3.045999999999999819e+00;7.233013817095563791e-01;7.033099318878621720e-01;2.169164971535447819e+02;2.139456277893743277e+02
3.048000000000000043e+00;7.356406699045139330e-01;6.872826539556461389e-01;2.214533213188653349e+02;2.093723011978574107e+02
3.049999999999999822e+00;7.545062563264506306e-01;6.698715513295045998e-01;2.256799685844942474e+02;2.048647518522386122e+02
3.052000000000000046e+00;7.686426332988407495e-01;6.532821889527667958e-01;2.299634415439044517e+02;2.000638299921215548e+02
3.053999999999999826e+00;7.817455758030048552e-01;6.386792139217243314e-01;2.342938826020782130e+02;1.952168860767037870e+02
3.056000000000000050e+00;7.941611739708088757e-01;6.209759073482890024e-01;2.385867476218065235e+02;1.902241547313744263e+02
3.057999999999999829e+00;8.069658418470172512e-01;6.039307794227244397e-01;2.424892972855498670e+02;1.849204859087111572e+02
3.060000000000000053e+00;8.193734821980142025e-01;5.868778025992671399e-01;2.465480859895435515e+02;1.799729990958935559e+02
3.061999999999999833e+00;8.249147688869478134e-01;5.734895492148048834e-01;2.503782589686460653e+02;1.742137750820045312e+02
3.064000000000000057e+00;8.434732591296519866e-01;5.515400058150016216e-01;2.539472493387897316e+02;1.693634356811396913e+02
3.065999999999999837e+00;8.523500046416361275e-01;5.353528618376577342e-01;2.576493165684381097e+02;1.635351709967528677e+02
3.068000000000000060e+00;8.649263478249988868e-01;5.155361029374578852e-01;2.610486545240350438e+02;1.582481230472916707e+02
3.069999999999999840e+00;8.765565066710205855e-01;4.977153735628633835e-01;2.641507680012231276e+02;1.528204182979289385e+02
3.072000000000000064e+00;8.818549741946478671e-01;4.794345115418380265e-01;2.677782306111272987e+02;1.469123899582095021e+02
3.073999999999999844e+00;8.938565176916306587e-01;4.613981933646712497e-01;2.706695574679335436e+02;1.411476239713123846e+02
3.076000000000000068e+00;9.007190135282527876e-01;4.426529581559042192e-01;2.736553572739062474e+02;1.353225557573648814e+02
3.077999999999999847e+00;9.106369631888506788e-01;4.229301777665973039e-01;2.764502996711862579e+02;1.295078383317385544e+02
3.080000000000000071e+00;9.183151923014689633e-01;4.064392579947484485e-01;2.791066918175167757e+02;1.237501929624789625e+02
3.081999999999999851e+00;9.280309006246501013e-01;3.853506092219717294e-01;2.816789325255695644e+02;1.176834247774597486e+02
3.084000000000000075e+00;9.317126190407348796e-01;3.666262415770022431e-01;2.843858955944334639e+02;1.116158320819247365e+02
3.085999999999999854e+00;9.400172540195971260e-01;3.447382871078160660e-01;2.866538870731654924e+02;1.055467401941225773e+02
3.088000000000000078e+00;9.474811878832062328e-01;3.257035300579530501e-01;2.888283122574856634e+02;9.944834762741470513e+01
3.089999999999999858e+00;9.532661211119253242e-01;3.072444103063608489e-01;2.909405152254595350e+02;9.323720653942412184e+01
3.092000000000000082e+00;9.602933491325462700e-01;2.863941977024734853e-01;2.928759918951577674e+02;8.698405450232181124e+01
3.093999999999999861e+00;9.670524710242662803e-01;2.654469592779785114e-01;2.947805951375550535e+02;8.095833778083736831e+01
3.096000000000000085e+00;9.709060264485016578e-01;2.477747535662349898e-01;2.964930399192283517e+02;7.463264341473482943e+01
3.097999999999999865e+00;9.718858599950224164e-01;2.305750511247068313e-01;2.980825538291877592e+02;6.809199237213894662e+01
3.100000000000000089e+00;9.767884486299485136e-01;2.081954351522660451e-01;2.995789143715120986e+02;6.170446548804193299e+01
3.101999999999999869e+00;9.855416551900182398e-01;1.866272095158955369e-01;3.007489329302907208e+02;5.534746400805178013e+01
3.104000000000000092e+00;9.862297018177367258e-01;1.675488274652836285e-01;3.017412794183240408e+02;4.902181062940567813e+01
3.105999999999999872e+00;9.884789055311283823e-01;1.472771630076482596e-01;3.028820399659947498e+02;4.259583813560099230e+01
3.108000000000000096e+00;9.887945982594512628e-01;1.279765857068597135e-01;3.038162174940458726e+02;3.574141586130350134e+01
3.109999999999999876e+00;9.916431930865353683e-01;1.085918971195340560e-01;3.045208767050773986e+02;2.918349526110519676e+01
3.112000000000000099e+00;9.941396728872818889e-01;8.700283501573281841e-02;3.052945175477961470e+02;2.297860690111289728e+01
3.113999999999999879e+00;9.968972578295852704e-01;6.776224108128073298e-02;3.057689157243564182e+02;1.658333242982428146e+01
3.116000000000000103e+00;9.969949165343694464e-01;4.692329357615428187e-02;3.059203609777507609e+02;1.009183504142030152e+01
3.117999999999999883e+00;9.973440938120100574e-01;2.750239778941730370e-02;3.063679952063627070e+02;3.223440215994747948e+00
3.120000000000000107e+00;9.968959262804206745e-01;4.747752888825160222e-03;3.064600438690891338e+02;-3.314245833474976255e+00
3.121999999999999886e+00;9.952418785723280426e-01;-1.425527985824954005e-02;3.061363875210009837e+02;-9.801159768518880711e+00
3.124000000000000110e+00;9.964637263738970185e-01;-3.610367808936633394e-02;3.059248136591135108e+02;-1.634411285699758309e+01
3.125999999999999890e+00;9.936313376667038622e-01;-5.503965548357936388e-02;3.056412251233185771e+02;-2.276919770364894902e+01
3.128000000000000114e+00;9.963240543040543518e-01;-7.662899645180594466e-02;3.052529383421039029e+02;-2.924340928270932594e+01
3.129999999999999893e+00;9.936055311167144577e-01;-9.569629167062324027e-02;3.045379545804680106e+02;-3.567111513961918234e+01
3.132000000000000117e+00;9.861711466697892225e-01;-1.136424240053427043e-01;3.037219126605561996e+02;-4.248558686602385137e+01
3.133999999999999897e+00;9.825920909857999153e-01;-1.326552186532689581e-01;3.025560174241289246e+02;-4.887725133532033084e+01
3.136000000000000121e+00;9.863277827339362869e-01;-1.550539546913640154e-01;3.015711922831614515e+02;-5.507635231777297946e+01
3.137999999999999901e+00;9.817380306682748081e-01;-1.756425678341199115e-01;3.005669424058326626e+02;-6.167994868043938084e+01
3.140000000000000124e+00;9.786852160273580292e-01;-1.961953177082029209e-01;2.993300307163542584e+02;-6.801643071220564707e+01
3.141999999999999904e+00;9.747389618338442308e-01;-2.144903475730925158e-01;2.977608112983462547e+02;-7.448347446019951690e+01
3.144000000000000128e+00;9.697233852586617520e-01;-2.331994728036356490e-01;2.960069835550637549e+02;-8.049395357054956435e+01
3.145999999999999908e+00;9.621495017849632791e-01;-2.524689909875115768e-01;2.945182026770218613e+02;-8.701146818936842919e+01
3.148000000000000131e+00;9.572809398299455541e-01;-2.722005479769437075e-01;2.927607539517205737e+02;-9.332263129961519610e+01
3.149999999999999911e+00;9.530998824804045588e-01;-2.919230102497147872e-01;2.906750240373329461e+02;-9.918410797854535588e+01
3.152000000000000135e+00;9.450589610251849404e-01;-3.115769526225689035e-01;2.886423577212447071e+02;-1.054425339251448293e+02
3.153999999999999915e+00;9.392987298944616148e-01;-3.322320186001371245e-01;2.862699724836649580e+02;-1.117049204539335108e+02
3.156000000000000139e+00;9.341841550911109682e-01;-3.522573747855622939e-01;2.838694310753857053e+02;-1.175905576366609040e+02
3.157999999999999918e+00;9.272950993437392153e-01;-3.716754556898987372e-01;2.815181430416372450e+02;-1.236160147143812509e+02
3.160000000000000142e+00;9.150665069589025702e-01;-3.888628932315602027e-01;2.788929839055614366e+02;-1.294525019202193903e+02
3.161999999999999922e+00;9.104431482195594061e-01;-4.103359610108069933e-01;2.760942784636968668e+02;-1.351248305027146444e+02
3.164000000000000146e+00;9.001486021386622127e-01;-4.265789264789908719e-01;2.731710767803986641e+02;-1.410726058507806329e+02
3.165999999999999925e+00;8.937639367625616060e-01;-4.487696090068261645e-01;2.701277121901415512e+02;-1.466251996771263748e+02
3.168000000000000149e+00;8.813141301689138007e-01;-4.640221245278380868e-01;2.668269571096021195e+02;-1.526044609966459689e+02
3.169999999999999929e+00;8.721017201874223801e-01;-4.817894759066707056e-01;2.638875152308776251e+02;-1.581257379059144341e+02
3.172000000000000153e+00;8.641833168938293230e-01;-5.032038628618045184e-01;2.604219936785103187e+02;-1.635578598645431327e+02
3.173999999999999932e+00;8.495811184242963998e-01;-5.191118160515346691e-01;2.569575289507812386e+02;-1.692402575839967653e+02
3.176000000000000156e+00;8.377944978637705820e-01;-5.376483584831038831e-01;2.535411286441135417e+02;-1.746477302666840501e+02
3.177999999999999936e+00;8.307710686716776038e-01;-5.567048968163171851e-01;2.497614056911005207e+02;-1.797317673559941227e+02
3.180000000000000160e+00;8.161456749177056214e-01;-5.720696000421431338e-01;2.459563846957099145e+02;-1.850898619685599158e+02
3.181999999999999940e+00;8.052222443429263299e-01;-5.916336994510812408e-01;2.418824605744769087e+02;-1.902301924568677123e+02
3.184000000000000163e+00;7.908530977247479887e-01;-6.084117319352728703e-01;2.378480749144130186e+02;-1.951453859607432548e+02
3.185999999999999943e+00;7.777503317438421160e-01;-6.243348768897639678e-01;2.336536493483226309e+02;-2.002985213231700925e+02
3.188000000000000167e+00;7.666662533214221309e-01;-6.417986108915478827e-01;2.293775953156995797e+02;-2.050322130448305984e+02
3.189999999999999947e+00;7.484333875661562940e-01;-6.570473797709510677e-01;2.250048238330643358e+02;-2.099476916088510166e+02
3.192000000000000171e+00;7.360115296092414328e-01;-6.751488805118178727e-01;2.204694078066194720e+02;-2.143850014867857112e+02
3.193999999999999950e+00;7.195396579594579567e-01;-6.899588177412773193e-01;2.158865336106003667e+02;-2.191169166301389453e+02
3.196000000000000174e+00;7.050797482274790973e-01;-7.062061146912230747e-01;2.113468623011460181e+02;-2.236435502278974070e+02
3.197999999999999954e+00;6.890854853925388879e-01;-7.200642426325887246e-01;2.064793686953761949e+02;-2.278926654423528930e+02
3.200000000000000178e+00;6.725935059683155748e-01;-7.346405007517070596e-01;2.013580000997796731e+02;-2.321547769099739469e+02
3.201999999999999957e+00;6.561939898012718597e-01;-7.493005929034792789e-01;1.964596388984519422e+02;-2.363925653769063899e+02
3.204000000000000181e+00;6.406468963403376682e-01;-7.639636153050883838e-01;1.911856531648458031e+02;-2.402091755126624832e+02
3.205999999999999961e+00;6.200296910808126283e-01;-7.760644371920931706e-01;1.863465707155048108e+02;-2.444110884874737621e+02
3.208000000000000185e+00;6.059953887380966631e-01;-7.906634454195411443e-01;1.809604350357297733e+02;-2.482405059416276458e+02
3.209999999999999964e+00;5.919063789920181451e-01;-8.052669971150411277e-01;1.755279135096078562e+02;-2.519563427352829308e+02
3.212000000000000188e+00;5.670331485890609535e-01;-8.160200834132632641e-01;1.702549587992973557e+02;-2.558582258475283311e+02
3.213999999999999968e+00;5.527946283211413459e-01;-8.282022296580429099e-01;1.646559863875800716e+02;-2.589656817161481968e+02
3.216000000000000192e+00;5.348436765082494881e-01;-8.413334124816957971e-01;1.591956350265623712e+02;-2.623896709253418749e+02
3.217999999999999972e+00;5.161282244945197828e-01;-8.515782851073228077e-01;1.534895668605429933e+02;-2.656519754645375997e+02
3.220000000000000195e+00;4.983243391489423080e-01;-8.626922192665389399e-01;1.476602784134618105e+02;-2.689194409962568102e+02
3.221999999999999975e+00;4.805086717569689858e-01;-8.746985143224698112e-01;1.419810573483147778e+02;-2.714857982132062943e+02
3.224000000000000199e+00;4.597358055091881890e-01;-8.830353237649817277e-01;1.360935770427863076e+02;-2.745724636436165156e+02
3.225999999999999979e+00;4.430418091566599159e-01;-8.942569020990290829e-01;1.301551685764805484e+02;-2.772872176000412310e+02
3.228000000000000203e+00;4.219062537984958894e-01;-9.028004484066416424e-01;1.242525476245670859e+02;-2.799441303307613680e+02
3.229999999999999982e+00;4.024931970728043984e-01;-9.115646340467098430e-01;1.181950546162366180e+02;-2.825060391425527087e+02
3.232000000000000206e+00;3.829487290673281308e-01;-9.211063964036035889e-01;1.119720435015981650e+02;-2.848659607102480322e+02
3.233999999999999986e+00;3.648046510391212416e-01;-9.298373057926909713e-01;1.056959117540669411e+02;-2.870120943064556513e+02
3.236000000000000210e+00;3.413960087968357371e-01;-9.363064275138854864e-01;9.968437218522717558e+01;-2.893548013339184308e+02
3.237999999999999989e+00;3.209266716274568609e-01;-9.445224987195478539e-01;9.333154764089005084e+01;-2.910758740681936274e+02
3.240000000000000213e+00;3.020452767463556731e-01;-9.511031101129509002e-01;8.713035131918016418e+01;-2.929363760590574657e+02
3.241999999999999993e+00;2.792387683079192162e-01;-9.569465156418391905e-01;8.071465408154175236e+01;-2.948367022893019680e+02
3.243999999999999773e+00;2.606975690083639385e-01;-9.628710184957899321e-01;7.445833274961768211e+01;-2.962754989949696096e+02
3.245999999999999996e+00;2.363808631931903770e-01;-9.681384124833201099e-01;6.800494384434936990e+01;-2.979294885666291179e+02
3.248000000000000220e+00;2.173673679221240496e-01;-9.728575552078853050e-01;6.127661135821197291e+01;-2.989238480103039706e+02
3.250000000000000000e+00;2.008691890898455790e-01;-9.781543930868279446e-01;5.486285054752148937e+01;-3.002010252519119149e+02
3.251999999999999780e+00;1.800887917993344300e-01;-9.842250003306951545e-01;4.832847443091078787e+01;-3.009798836141581546e+02
3.254000000000000004e+00;1.553181596519683794e-01;-9.875015580682180438e-01;4.195024363424138869e+01;-3.022063543442324658e+02
3.256000000000000227e+00;1.345382394129666648e-01;-9.891819316599926859e-01;3.532222226498215889e+01;-3.030095820639564863e+02
3.258000000000000007e+00;1.108669764986551787e-01;-9.913528899326611299e-01;2.879611021246061142e+01;-3.035952636880350610e+02
3.259999999999999787e+00;9.253427989742243898e-02;-9.941177800966858324e-01;2.204675821439441563e+01;-3.038840093744057071e+02
3.262000000000000011e+00;7.065851089477931390e-02;-9.970584396018770112e-01;1.559467994824853676e+01;-3.043983930410989842e+02
3.264000000000000234e+00;5.088952821137844584e-02;-9.981149725508687842e-01;8.940706046771985882e+00;-3.045691063484098322e+02
3.266000000000000014e+00;2.976998258636292041e-02;-9.995906973951329544e-01;2.638756902291113704e+00;-3.046180930667673010e+02
3.267999999999999794e+00;7.991764428903456313e-03;-1.002441657644619122e+00;-4.117659468648391830e+00;-3.046002793974172391e+02
3.270000000000000018e+00;-1.177700635463758104e-02;-1.001964622842685726e+00;-1.100085177918372459e+01;-3.041616160497508190e+02
3.272000000000000242e+00;-3.723202391017708945e-02;-1.001780037128910950e+00;-1.765958717439856329e+01;-3.039812467632604012e+02
3.274000000000000021e+00;-5.823961873474124695e-02;-1.001444322048575142e+00;-2.442900753401855951e+01;-3.033584709782498976e+02
3.275999999999999801e+00;-7.776006415154448903e-02;-1.000604972212249866e+00;-3.072628088338004204e+01;-3.028848708816129829e+02
3.278000000000000025e+00;-1.033997678678522103e-01;-9.987970782394617331e-01;-3.728464463856403199e+01;-3.021046495812705075e+02
3.280000000000000249e+00;-1.251036351478385655e-01;-9.950363506126567170e-01;-4.377328865829144888e+01;-3.011981649913518595e+02
3.282000000000000028e+00;-1.436358950723487238e-01;-9.944274807741546596e-01;-5.034801854607032112e+01;-3.003985295439429137e+02
3.283999999999999808e+00;-1.630118465963101837e-01;-9.918448221863629399e-01;-5.695575734516664568e+01;-2.991740945671236318e+02
3.286000000000000032e+00;-1.845053583385477258e-01;-9.902692811578008847e-01;-6.321656469236387466e+01;-2.977423401263440610e+02
3.288000000000000256e+00;-2.077241523736811646e-01;-9.851569426555102371e-01;-6.967366434484073068e+01;-2.962398428577646428e+02
3.290000000000000036e+00;-2.260197920518819681e-01;-9.809450165849741277e-01;-7.610600999696994506e+01;-2.944912800434781843e+02
3.291999999999999815e+00;-2.459537351445701403e-01;-9.777022646244815096e-01;-8.243863639190035997e+01;-2.928204745258802859e+02
3.294000000000000039e+00;-2.697085605376804418e-01;-9.731149747729531674e-01;-8.863896057993078159e+01;-2.912393528150324187e+02
3.295999999999999819e+00;-2.922975184035989105e-01;-9.657615789019520225e-01;-9.499962736584583922e+01;-2.892403508289754086e+02
3.298000000000000043e+00;-3.098348750719660538e-01;-9.604325119280703316e-01;-1.012921233202106066e+02;-2.869102597712500256e+02
3.299999999999999822e+00;-3.316705992470412312e-01;-9.549306250400094731e-01;-1.073508432461864004e+02;-2.847455191777031587e+02
3.302000000000000046e+00;-3.502054844548584955e-01;-9.492584356968180037e-01;-1.135930454279998258e+02;-2.823721960864619973e+02
3.303999999999999826e+00;-3.741587670359222684e-01;-9.408100240093576483e-01;-1.197155324544891357e+02;-2.801293204851809264e+02
3.306000000000000050e+00;-3.930045577984037086e-01;-9.332373198159193972e-01;-1.254099429548421085e+02;-2.772708454083243623e+02
3.307999999999999829e+00;-4.146026467391045744e-01;-9.262098632334950787e-01;-1.314682408543090446e+02;-2.744556612051926550e+02
3.310000000000000053e+00;-4.352040814856104056e-01;-9.162032504084965945e-01;-1.375268365867530633e+02;-2.717298919466531970e+02
3.311999999999999833e+00;-4.543433512087396986e-01;-9.083798277214383265e-01;-1.432623836828992978e+02;-2.687147331297820756e+02
3.314000000000000057e+00;-4.742797206182972625e-01;-8.970497920043023488e-01;-1.491265788915031010e+02;-2.657897268651782952e+02
3.315999999999999837e+00;-4.906702747922565000e-01;-8.903254167619294446e-01;-1.546172545380935901e+02;-2.622757272486786633e+02
3.318000000000000060e+00;-5.130781937887862743e-01;-8.781866509993057068e-01;-1.601474463377995789e+02;-2.592614101607426846e+02
3.319999999999999840e+00;-5.319663782096437643e-01;-8.680997937606316217e-01;-1.656302742148997140e+02;-2.554133864146020585e+02
3.322000000000000064e+00;-5.499239756188143424e-01;-8.570557165946830480e-01;-1.711487223866230067e+02;-2.516969803065612723e+02
3.323999999999999844e+00;-5.685891269012774973e-01;-8.449593240730146615e-01;-1.766038827647325604e+02;-2.481040860942825077e+02
3.326000000000000068e+00;-5.860339830489740276e-01;-8.332325066795375212e-01;-1.818065461208651072e+02;-2.441478440576151456e+02
3.327999999999999847e+00;-6.057767170874420737e-01;-8.196740268906372862e-01;-1.868118699223794579e+02;-2.403456877028490055e+02
3.330000000000000071e+00;-6.259307187185776389e-01;-8.048211456871475766e-01;-1.919093090652701790e+02;-2.364209094135634075e+02
3.331999999999999851e+00;-6.410733256104842459e-01;-7.901725337627627521e-01;-1.970573360284353157e+02;-2.321241743796293520e+02
3.334000000000000075e+00;-6.604939560923124287e-01;-7.768074173679797578e-01;-2.018905928020679141e+02;-2.279158071254850597e+02
3.335999999999999854e+00;-6.727965414972406633e-01;-7.654692115384015283e-01;-2.066562291880489681e+02;-2.233179690768345154e+02
3.338000000000000078e+00;-6.907498098022448740e-01;-7.495477357614752645e-01;-2.114205366499354000e+02;-2.191490317577652149e+02
3.339999999999999858e+00;-7.064452189496560619e-01;-7.335730801149852320e-01;-2.161368218962265075e+02;-2.143506357472000730e+02
3.342000000000000082e+00;-7.220164261906820702e-01;-7.185911351618905485e-01;-2.205147112526918249e+02;-2.095993973935814552e+02
3.343999999999999861e+00;-7.394038812413328277e-01;-7.024747096518657585e-01;-2.247717893755865646e+02;-2.048520475861586476e+02
3.346000000000000085e+00;-7.536480851141071913e-01;-6.863725798272092282e-01;-2.292472234486967295e+02;-2.000764207610639289e+02
3.347999999999999865e+00;-7.715286393347646765e-01;-6.684583776544555933e-01;-2.334161643116979974e+02;-1.949030337658341807e+02
3.350000000000000089e+00;-7.856947977303078146e-01;-6.495658515650322151e-01;-2.374141045839558046e+02;-1.901501286919410063e+02
3.351999999999999869e+00;-7.969338585991081469e-01;-6.347210618766018220e-01;-2.412817136493726196e+02;-1.850105315568358719e+02
3.354000000000000092e+00;-8.093022055690232142e-01;-6.147742018798802999e-01;-2.451715544543920373e+02;-1.795341117774808311e+02
3.355999999999999872e+00;-8.240813673579012733e-01;-5.976626765724661894e-01;-2.488936166645261778e+02;-1.743908646716559758e+02
3.358000000000000096e+00;-8.360388357362692480e-01;-5.805711890436813238e-01;-2.523699754889663893e+02;-1.688739761725087476e+02
3.359999999999999876e+00;-8.497646519629238338e-01;-5.609534060639338460e-01;-2.559189549578106835e+02;-1.635129059270126959e+02
3.362000000000000099e+00;-8.603874763397578729e-01;-5.419723709306789594e-01;-2.593484634860468532e+02;-1.579960630011759690e+02
3.363999999999999879e+00;-8.698479801408712797e-01;-5.234620776281342369e-01;-2.624642904476054923e+02;-1.524538111028380740e+02
3.366000000000000103e+00;-8.798532463205706033e-01;-5.035897987325771430e-01;-2.657360879455046643e+02;-1.465944459576351733e+02
3.367999999999999883e+00;-8.948796963867172716e-01;-4.806446384592325538e-01;-2.687259122720481628e+02;-1.410801091652050161e+02
3.370000000000000107e+00;-9.072418710456886526e-01;-4.631231186472463124e-01;-2.714144899579211483e+02;-1.351990983296693685e+02
3.371999999999999886e+00;-9.108509003379218205e-01;-4.428296595250693635e-01;-2.742560765324281533e+02;-1.292911657053893464e+02
3.374000000000000110e+00;-9.197360152384754794e-01;-4.235768655005854311e-01;-2.767299366033354318e+02;-1.233195407945044906e+02
3.375999999999999890e+00;-9.309987319121610927e-01;-4.013876899211819560e-01;-2.792017811588423797e+02;-1.174884542846121178e+02
3.378000000000000114e+00;-9.328568029874345635e-01;-3.854544055335397124e-01;-2.815645319588595612e+02;-1.110336056197565284e+02
3.379999999999999893e+00;-9.452929152493938503e-01;-3.619453617968271253e-01;-2.838384620962452800e+02;-1.050752815967320828e+02
3.382000000000000117e+00;-9.503596829104858923e-01;-3.422817730464292607e-01;-2.858843861215563606e+02;-9.882126025431104210e+01
3.383999999999999897e+00;-9.559034630460786497e-01;-3.205507973168958413e-01;-2.878768278512133634e+02;-9.271328210807237724e+01
3.386000000000000121e+00;-9.610305043628082355e-01;-2.987551452443201194e-01;-2.894850354245129438e+02;-8.653125956994635715e+01
3.387999999999999901e+00;-9.688102742936228751e-01;-2.765181862282615199e-01;-2.912695898890916624e+02;-7.999787990731081777e+01
3.390000000000000124e+00;-9.733404155978732097e-01;-2.546218878421753762e-01;-2.929820407828370890e+02;-7.374600160021402928e+01
3.391999999999999904e+00;-9.760063064086633711e-01;-2.348253523862030845e-01;-2.941878684511889332e+02;-6.718184199909697440e+01
3.394000000000000128e+00;-9.817137214407729573e-01;-2.141643820138831311e-01;-2.954092565045802417e+02;-6.099489812090318708e+01
3.395999999999999908e+00;-9.832881981325174436e-01;-1.928297881002129510e-01;-2.966776300614544084e+02;-5.434080423785793812e+01
3.398000000000000131e+00;-9.886826659384618798e-01;-1.712092955160751107e-01;-2.974530918951664944e+02;-4.811679595904446671e+01
3.399999999999999911e+00;-9.955815748156616740e-01;-1.473940169790516341e-01;-2.984318710594602635e+02;-4.170020714137232432e+01
3.402000000000000135e+00;-9.942061268085522485e-01;-1.281755802285768631e-01;-2.989993590915485129e+02;-3.532654156421123304e+01
3.403999999999999915e+00;-9.983445825908503490e-01;-1.039132574952442434e-01;-2.997918477547494831e+02;-2.863318006290582929e+01
3.406000000000000139e+00;-9.965565966116946006e-01;-8.403213012449836650e-02;-2.998628712778487397e+02;-2.214236074348489325e+01
3.407999999999999918e+00;-9.953332945139644616e-01;-6.298401514857573935e-02;-3.004011285628168366e+02;-1.541620858081860490e+01
3.410000000000000142e+00;-9.980914871344739314e-01;-4.216183243891193783e-02;-3.002792756991449323e+02;-8.928882087708185367e+00
3.411999999999999922e+00;-9.977761230285281391e-01;-2.044751788281781030e-02;-3.002561013987041747e+02;-2.599977661966296427e+00
3.414000000000000146e+00;-9.939955359443530813e-01;7.479597669719920735e-04;-3.002329262702951382e+02;4.407418135012292737e+00
3.415999999999999925e+00;-9.929274089347048804e-01;2.463157602926303869e-02;-2.999510876246083626e+02;1.096950324400203414e+01
3.418000000000000149e+00;-9.909737429653556751e-01;4.695678875167541566e-02;-2.995713031650983567e+02;1.759124411615807304e+01
3.419999999999999929e+00;-9.932114695991153264e-01;7.072859285302987575e-02;-2.988984258329504087e+02;2.409567995575104860e+01
3.422000000000000153e+00;-9.942340768585996580e-01;9.398237081324373188e-02;-2.982210127668867017e+02;3.019142387426462193e+01
3.423999999999999932e+00;-9.869754411546944883e-01;1.125782448976358346e-01;-2.972123084866574345e+02;3.700903344252434835e+01
3.426000000000000156e+00;-9.817378905965037372e-01;1.341212562515864404e-01;-2.961556417828621761e+02;4.367600398486326441e+01
3.427999999999999936e+00;-9.795352573577661426e-01;1.558864158439152992e-01;-2.950562455333522962e+02;4.996946787376170107e+01
3.430000000000000160e+00;-9.784519991865618938e-01;1.780879520757279733e-01;-2.939829138600238139e+02;5.636884902731126346e+01
3.431999999999999940e+00;-9.704477598646509273e-01;1.979499786961266827e-01;-2.924516530988899490e+02;6.313824676534358105e+01
3.434000000000000163e+00;-9.629083577969173025e-01;2.177920529668683769e-01;-2.909733075493514320e+02;6.960395954918007533e+01
3.435999999999999943e+00;-9.599433941532986569e-01;2.405258159063272116e-01;-2.892523079144165195e+02;7.584273384304334797e+01
3.438000000000000167e+00;-9.537890583105073095e-01;2.618595041989856265e-01;-2.874322637485917085e+02;8.209534512134425199e+01
3.439999999999999947e+00;-9.500681999303466352e-01;2.834975069360708977e-01;-2.855138626088222509e+02;8.854532640464162796e+01
3.442000000000000171e+00;-9.400143132910973032e-01;3.028577862241185192e-01;-2.832604719402776254e+02;9.495782431899722553e+01
3.443999999999999950e+00;-9.341099469980154169e-01;3.241972568011918243e-01;-2.811054974285125354e+02;1.008197390086454561e+02
3.446000000000000174e+00;-9.280628452039190179e-01;3.444706426254720011e-01;-2.788415228965371853e+02;1.070563695572378009e+02
3.447999999999999954e+00;-9.166266545602814730e-01;3.657101828986482062e-01;-2.760946658553810948e+02;1.131606329708423146e+02
3.450000000000000178e+00;-9.065502491644032990e-01;3.857464342598749263e-01;-2.736798711046991457e+02;1.193964602236919035e+02
3.451999999999999957e+00;-8.982509326245360359e-01;4.069678257103920838e-01;-2.710202784745607687e+02;1.252329041101310452e+02
3.454000000000000181e+00;-8.887564349964967025e-01;4.271880861825699816e-01;-2.682566400649334923e+02;1.313361803561166141e+02
3.455999999999999961e+00;-8.802549627137530308e-01;4.470239682690085314e-01;-2.650544933790772006e+02;1.368409190024230213e+02
3.458000000000000185e+00;-8.724539347804322054e-01;4.684173647351989045e-01;-2.618245418413442849e+02;1.425161966161406042e+02
3.459999999999999964e+00;-8.550549031508083431e-01;4.851195598890837846e-01;-2.586747811498872807e+02;1.487233026776216605e+02
3.462000000000000188e+00;-8.485605107515727941e-01;5.069909061508222070e-01;-2.553576744386697897e+02;1.539751544077085441e+02
3.463999999999999968e+00;-8.377880592045606756e-01;5.252895202531121521e-01;-2.518535615403283714e+02;1.595664033807464648e+02
3.466000000000000192e+00;-8.271073523641924163e-01;5.463317610943533298e-01;-2.481653527445882901e+02;1.649238157214961689e+02
3.467999999999999972e+00;-8.138192962581713985e-01;5.642292180023320558e-01;-2.442568418157904944e+02;1.703185607730033553e+02
3.470000000000000195e+00;-7.972226451842857609e-01;5.812544435663891118e-01;-2.406161547545498820e+02;1.756341688993143464e+02
3.471999999999999975e+00;-7.860684837794127411e-01;6.012951072719315837e-01;-2.365529815644660232e+02;1.810350752124658698e+02
3.474000000000000199e+00;-7.738597852535662458e-01;6.175318023108051779e-01;-2.325052012568384612e+02;1.862930332621169214e+02
3.475999999999999979e+00;-7.604987282226126633e-01;6.364858957490927560e-01;-2.284134448300666520e+02;1.913615754554198247e+02
3.478000000000000203e+00;-7.402893746276120179e-01;6.512471199676734823e-01;-2.239573192920054225e+02;1.966143683178273136e+02
3.479999999999999982e+00;-7.267491858521732961e-01;6.687986239766006147e-01;-2.197556842841615037e+02;2.013035273185404321e+02
3.482000000000000206e+00;-7.120382350741389921e-01;6.858315001001265010e-01;-2.152368658821653753e+02;2.059932167457872367e+02
3.483999999999999986e+00;-6.953675282028120019e-01;7.048296042120021365e-01;-2.105511869065613269e+02;2.107906551536738391e+02
3.485999999999999766e+00;-6.794197166384781106e-01;7.192076673265670461e-01;-2.057256525347525553e+02;2.152130309071988563e+02
3.487999999999999989e+00;-6.642057326388137728e-01;7.358499481769448236e-01;-2.011163904400531521e+02;2.197873625368628723e+02
3.490000000000000213e+00;-6.459684807824934705e-01;7.506384460212682797e-01;-1.964004522209662866e+02;2.243134797768555586e+02
3.491999999999999993e+00;-6.302455204127755950e-01;7.650411000880800172e-01;-1.912740864340061364e+02;2.285644645700342608e+02
3.493999999999999773e+00;-6.078040659293033610e-01;7.798581667380595217e-01;-1.863219564934560708e+02;2.329890177908897044e+02
3.495999999999999996e+00;-5.957448319792302271e-01;7.935192585366104279e-01;-1.809349948564164379e+02;2.367155592779466531e+02
3.498000000000000220e+00;-5.744068804837034747e-01;8.057159937398120642e-01;-1.756318238216648524e+02;2.408762526081711144e+02
3.500000000000000000e+00;-5.575502178223453731e-01;8.190271583449344472e-01;-1.703227384022500814e+02;2.445945022251157752e+02
3.501999999999999780e+00;-5.410270710728178889e-01;8.314209721044829582e-01;-1.647180725491390945e+02;2.481945311815228195e+02
3.504000000000000004e+00;-5.213247219364955942e-01;8.441427302789039633e-01;-1.594199272962348743e+02;2.517803476089260926e+02
3.505999999999999783e+00;-5.023618549190439486e-01;8.559907198860201571e-01;-1.536253504782781079e+02;2.554754235512880882e+02
3.508000000000000007e+00;-4.813144306852269461e-01;8.674700201520592069e-01;-1.481042546764896031e+02;2.587621597445942143e+02
3.509999999999999787e+00;-4.601067578240727873e-01;8.766396643233115293e-01;-1.425615651636092593e+02;2.621753744643671098e+02
3.512000000000000011e+00;-4.443733736785994703e-01;8.906203710102739146e-01;-1.367571087470832083e+02;2.651633329517468951e+02
3.513999999999999790e+00;-4.220710826781280955e-01;8.976965817050036600e-01;-1.308366344011294018e+02;2.681343160982464155e+02
3.516000000000000014e+00;-4.023921807756630775e-01;9.083451548354803951e-01;-1.249195124434461377e+02;2.709934296254401147e+02
3.517999999999999794e+00;-3.810121312570770025e-01;9.161257309694089690e-01;-1.186400121899632722e+02;2.737773306002437721e+02
3.520000000000000018e+00;-3.609059401665156708e-01;9.250689981593550604e-01;-1.129845301194624909e+02;2.766832480107636911e+02
3.521999999999999797e+00;-3.356565921036808176e-01;9.309018686875368820e-01;-1.068964441640231087e+02;2.793145551338229211e+02
3.524000000000000021e+00;-3.203428593687684400e-01;9.407463035015363184e-01;-1.006403064272152648e+02;2.813838933668405389e+02
3.525999999999999801e+00;-2.991961303803690742e-01;9.463980845484361026e-01;-9.433713030144255640e+01;2.837717535429113695e+02
3.528000000000000025e+00;-2.786585699676598638e-01;9.528503335959378484e-01;-8.809664048768317457e+01;2.857949626606109632e+02
3.529999999999999805e+00;-2.568529467214696327e-01;9.605604972541188502e-01;-8.193332192252393043e+01;2.877671326900229474e+02
3.532000000000000028e+00;-2.361421007763176427e-01;9.654134898002807441e-01;-7.569067215482139943e+01;2.896987550934611022e+02
3.533999999999999808e+00;-2.147423258634280907e-01;9.702685906317946030e-01;-6.919019425218422725e+01;2.913487971787757829e+02
3.536000000000000032e+00;-1.902647694726574135e-01;9.737118367786445905e-01;-6.280948023599885488e+01;2.928024071464030271e+02
3.537999999999999812e+00;-1.730871351685502879e-01;9.793775246232303555e-01;-5.613624216173957393e+01;2.942163443104910243e+02
3.540000000000000036e+00;-1.561977742057553686e-01;9.840357641779272635e-01;-5.026023610270560482e+01;2.953429147985385157e+02
3.541999999999999815e+00;-1.314428303759860861e-01;9.869509766274354723e-01;-4.362117776969652994e+01;2.966648470442173675e+02
3.544000000000000039e+00;-1.154201171612490445e-01;9.905442440482875588e-01;-3.693349403841727963e+01;2.974384069700753344e+02
3.545999999999999819e+00;-8.960167489345467751e-02;9.923482871733766419e-01;-3.053708231914644600e+01;2.981030233567381629e+02
3.548000000000000043e+00;-7.216477553566924552e-02;9.966264236589251757e-01;-2.392574237403901094e+01;2.989249850610664794e+02
3.549999999999999822e+00;-4.647404391963765036e-02;9.938622533486831667e-01;-1.771331823539442496e+01;2.998960669127756660e+02
3.552000000000000046e+00;-2.789032379624438104e-02;9.973346817193398106e-01;-1.103036385222844196e+01;3.002070687170431142e+02
3.553999999999999826e+00;-2.657636525492785250e-03;9.969115997782524996e-01;-4.129010824978609939e+00;3.003487692001157257e+02
3.556000000000000050e+00;1.804439302773287040e-02;9.990577473824101551e-01;2.431433701802438563e+00;3.002495788535128440e+02
3.557999999999999829e+00;3.753155126968176630e-02;9.983371576824439098e-01;8.986104436384529492e+00;3.002040854572890680e+02
3.560000000000000053e+00;5.808165110154893396e-02;9.971204874153987152e-01;1.534653989943318209e+01;3.001787281914106984e+02
3.561999999999999833e+00;8.059469796215734672e-02;9.972962550365889189e-01;2.194917462279389753e+01;2.999982423816513233e+02
3.564000000000000057e+00;1.049116564805362140e-01;9.933448141567824408e-01;2.867509531593386640e+01;2.996648646196705386e+02
3.565999999999999837e+00;1.237954322244933791e-01;9.923321637849339405e-01;3.518383415530132652e+01;2.990883277125855102e+02
3.568000000000000060e+00;1.427978370387755491e-01;9.896943615221950319e-01;4.146556418948470224e+01;2.982372860624594182e+02
3.569999999999999840e+00;1.702269690101813338e-01;9.848656718045603053e-01;4.785444182770991972e+01;2.979859118236728364e+02
3.572000000000000064e+00;1.858902892721720768e-01;9.827780860282915310e-01;5.464743061310444716e+01;2.966111376144937140e+02
3.573999999999999844e+00;2.066299724853551401e-01;9.805080642990615658e-01;6.097431721995191367e+01;2.954510885425961533e+02
3.576000000000000068e+00;2.273176411789540885e-01;9.756296886666649959e-01;6.742390672956398134e+01;2.940559311785526688e+02
3.577999999999999847e+00;2.481053388335482945e-01;9.711863941524182531e-01;7.383058310450789463e+01;2.928635947782728977e+02
3.580000000000000071e+00;2.651294527363892151e-01;9.666434241087132895e-01;8.003795803867687653e+01;2.913256629240382836e+02
3.581999999999999851e+00;2.846495221252987595e-01;9.622607917378243059e-01;8.629147593916525238e+01;2.897315979771311731e+02
3.584000000000000075e+00;3.137011959117997906e-01;9.535439175027414782e-01;9.261366676136364617e+01;2.881000352539309688e+02
3.585999999999999854e+00;3.318658999297744439e-01;9.467499170926136909e-01;9.910628137373163327e+01;2.858009252747668825e+02
3.588000000000000078e+00;3.519948549471157984e-01;9.396987808406512821e-01;1.052870012459733289e+02;2.839195923407477267e+02
3.589999999999999858e+00;3.729240679274020698e-01;9.329216700325211331e-01;1.111242849049792767e+02;2.816691382699918336e+02
3.592000000000000082e+00;3.944497251325165821e-01;9.266409134101450951e-01;1.171333930403245347e+02;2.794422689887116462e+02
3.593999999999999861e+00;4.093618544693574113e-01;9.175633794664452836e-01;1.233404467160277562e+02;2.768647531165527198e+02
3.596000000000000085e+00;4.276824587361026109e-01;9.102789309625954894e-01;1.294656678662730087e+02;2.740604743609395655e+02
3.597999999999999865e+00;4.484430664308567960e-01;9.010374911550572685e-01;1.352318007469862096e+02;2.714671611809213232e+02
3.600000000000000089e+00;4.650082234540622861e-01;8.917897406620776124e-01;1.410374869200221326e+02;2.686806217174514018e+02
3.601999999999999869e+00;4.875161629141242514e-01;8.828154041768021543e-01;1.468442331675413755e+02;2.655281006073832941e+02
3.604000000000000092e+00;5.085894532920287592e-01;8.699614729775918542e-01;1.525556587339231669e+02;2.626209419973440049e+02
3.605999999999999872e+00;5.221295552625412340e-01;8.619066313851796446e-01;1.582635885040657513e+02;2.589438708311890309e+02
3.608000000000000096e+00;5.445633142332966248e-01;8.475097740160080217e-01;1.638017120096149029e+02;2.560168976226186714e+02
3.609999999999999876e+00;5.600586359400453462e-01;8.383932002391445426e-01;1.693340855299959742e+02;2.524214384644152744e+02
3.612000000000000099e+00;5.762706397096700739e-01;8.270328257379502279e-01;1.745750846809110612e+02;2.487496932897474267e+02
3.613999999999999879e+00;5.961804400745969179e-01;8.135975688290688623e-01;1.799786652281548243e+02;2.451722257700380396e+02
3.616000000000000103e+00;6.136160250089671697e-01;8.019341695892963084e-01;1.851819681402387516e+02;2.413867401388803557e+02
3.617999999999999883e+00;6.308510550112481630e-01;7.885812538014781437e-01;1.901085205107298464e+02;2.375218600662354618e+02
3.620000000000000107e+00;6.442889885770003433e-01;7.751983835104332421e-01;1.954137194962085005e+02;2.332241488765922952e+02
3.621999999999999886e+00;6.617669112119211050e-01;7.618926816616702347e-01;2.004969834000924607e+02;2.290265916314130550e+02
3.624000000000000110e+00;6.775246193988158083e-01;7.464971513194044173e-01;2.054042940456440647e+02;2.249098027690175172e+02
3.625999999999999890e+00;6.948215062457129276e-01;7.320929940414879766e-01;2.101590214269774606e+02;2.203957813076513048e+02
3.628000000000000114e+00;7.103978992501904788e-01;7.166047862649644884e-01;2.149673508176866505e+02;2.158523386081434694e+02
3.629999999999999893e+00;7.261621206432925524e-01;7.015325802342966544e-01;2.193858330099568263e+02;2.114743045950745852e+02
3.632000000000000117e+00;7.408754935993859814e-01;6.835064691339581833e-01;2.240294590594706676e+02;2.066950236584220306e+02
3.633999999999999897e+00;7.543856597273805864e-01;6.682919163660276940e-01;2.285178306814277107e+02;2.017392360183013409e+02
3.636000000000000121e+00;7.650176111340093454e-01;6.540105190501799282e-01;2.328144304421062429e+02;1.968656442893973804e+02
3.637999999999999901e+00;7.834678047124310485e-01;6.361741088711977410e-01;2.369695510918735692e+02;1.921050904685812100e+02
3.640000000000000124e+00;7.962374506191161050e-01;6.193389079680553522e-01;2.410012598297168154e+02;1.870321764137351579e+02
3.641999999999999904e+00;8.084871227320016285e-01;6.021171872081378940e-01;2.449358092869250925e+02;1.819132305540983907e+02
3.644000000000000128e+00;8.216630354220342269e-01;5.846594771653936817e-01;2.487195345788190934e+02;1.766070979498959730e+02
3.645999999999999908e+00;8.318022315364107522e-01;5.675700697791149496e-01;2.525093371615388662e+02;1.713051579505105906e+02
3.648000000000000131e+00;8.427419969414293721e-01;5.520113608392865912e-01;2.560910462272739778e+02;1.659504396822194963e+02
3.649999999999999911e+00;8.567004107326049445e-01;5.322801708508072549e-01;2.596199580751091958e+02;1.604947832525827494e+02
3.652000000000000135e+00;8.620626777787785411e-01;5.157161708432073111e-01;2.629746356443735067e+02;1.546159925654273763e+02
3.653999999999999915e+00;8.786442286325215623e-01;4.949504147468812287e-01;2.661887325923588605e+02;1.494183416815791929e+02
3.656000000000000139e+00;8.852460922899234586e-01;4.768039876307247349e-01;2.693801502205055272e+02;1.434969293398081049e+02
3.657999999999999918e+00;8.971106593158495457e-01;4.582959645401170623e-01;2.723618951365223211e+02;1.376271398455668873e+02
3.660000000000000142e+00;9.053179968465372429e-01;4.395578865893140508e-01;2.752980173802049535e+02;1.319909510896783331e+02
3.661999999999999922e+00;9.124824870932617404e-01;4.209379994546137427e-01;2.780999253324760048e+02;1.258832753388295060e+02
3.664000000000000146e+00;9.220003429418184293e-01;4.007889337661162399e-01;2.808838816391797764e+02;1.198205737907203883e+02
3.665999999999999925e+00;9.306800933065335624e-01;3.812870188088137158e-01;2.835613171076980166e+02;1.141353207458144396e+02
3.668000000000000149e+00;9.339319535037757802e-01;3.637871348193386645e-01;2.857669949987549671e+02;1.078273373273583502e+02
3.669999999999999929e+00;9.433698034023892953e-01;3.416508435621749551e-01;2.880376098656271324e+02;1.017698359413597302e+02
3.672000000000000153e+00;9.481560112794603645e-01;3.232918563364209907e-01;2.900235511093750915e+02;9.572144041875921516e+01
3.673999999999999932e+00;9.548023504658065264e-01;3.042148330868504336e-01;2.922172488534399690e+02;8.947906181129209813e+01
3.676000000000000156e+00;9.595900600410894876e-01;2.847223742709975580e-01;2.940587987650691844e+02;8.320374494280234501e+01
3.677999999999999936e+00;9.645752421655611197e-01;2.635891940995809812e-01;2.957817935839142365e+02;7.695949579840529964e+01
3.680000000000000160e+00;9.738619871599661915e-01;2.436242380263980434e-01;2.972094324599856918e+02;7.080885303888308613e+01
3.681999999999999940e+00;9.779162756421492242e-01;2.223562055589948516e-01;2.988783136019568474e+02;6.435450180576776802e+01
3.684000000000000163e+00;9.829334553008335362e-01;2.036821666919028662e-01;3.003047153390205608e+02;5.802849012799741502e+01
3.685999999999999943e+00;9.835101375675829871e-01;1.831913138261661855e-01;3.013052845048530912e+02;5.159981991906877141e+01
3.688000000000000167e+00;9.845846354517504562e-01;1.649455750132868270e-01;3.024223379182393501e+02;4.496993720705088293e+01
3.689999999999999947e+00;9.867885511168440482e-01;1.455038418266551559e-01;3.033328050326284711e+02;3.865979291096375903e+01
3.692000000000000171e+00;9.912042707580320799e-01;1.230603079684605694e-01;3.043842547889499883e+02;3.201382386020627280e+01
3.693999999999999950e+00;9.936072921834918636e-01;1.035393876830807552e-01;3.047116939375499669e+02;2.552363895314751829e+01
3.696000000000000174e+00;9.974705445948416349e-01;8.146682609110830753e-02;3.055543629853090692e+02;1.918403601225675459e+01
3.697999999999999954e+00;9.977027908559434888e-01;6.307535174983538995e-02;3.059923703604335969e+02;1.271581336596824485e+01
3.700000000000000178e+00;9.953552262047630217e-01;4.216700276827038685e-02;3.062551630308140034e+02;5.903778253421161359e+00
3.701999999999999957e+00;9.956721014643180601e-01;2.082458648913543958e-02;3.063620596456440239e+02;-8.455283219524659666e-01
3.704000000000000181e+00;9.987528961003050432e-01;-2.325633271878332041e-03;3.060903608778363605e+02;-7.021745428816177359e+00
3.705999999999999961e+00;9.995015776669269325e-01;-2.302093125146895125e-02;3.061868661092775596e+02;-1.361906621105443982e+01
3.708000000000000185e+00;9.988010985879874903e-01;-4.273391602785261978e-02;3.057585226178305788e+02;-2.011584220981945492e+01
3.709999999999999964e+00;9.943389446036798862e-01;-6.078084012295549565e-02;3.054407759915379188e+02;-2.659329026976305954e+01
3.712000000000000188e+00;9.946990933987229777e-01;-8.398542043457017658e-02;3.048297447596229404e+02;-3.330265202991681406e+01
3.713999999999999968e+00;9.944686960803670317e-01;-1.037753603549000092e-01;3.040174521512246884e+02;-3.972017379100574885e+01
3.716000000000000192e+00;9.892478363336797420e-01;-1.210558670357867045e-01;3.031969084040143798e+02;-4.616180696642840786e+01
3.717999999999999972e+00;9.893054871399596939e-01;-1.437359174534116879e-01;3.021334319929525236e+02;-5.258612277701100624e+01
3.720000000000000195e+00;9.842226760057055657e-01;-1.637536392003935970e-01;3.010802227307752332e+02;-5.905247003668487338e+01
3.721999999999999975e+00;9.822938934472414951e-01;-1.835529820674068058e-01;2.996636042392477748e+02;-6.515095618992027937e+01
3.724000000000000199e+00;9.752887282033313454e-01;-2.030968001899622344e-01;2.983024969105459832e+02;-7.192970210184043367e+01
3.725999999999999979e+00;9.722402031578836201e-01;-2.236696115684891351e-01;2.968616475975551907e+02;-7.802779845782072243e+01
3.728000000000000203e+00;9.665813650810468616e-01;-2.439921762135328631e-01;2.953521845203536600e+02;-8.432779554098242158e+01
3.729999999999999982e+00;9.612242333294751528e-01;-2.633587768650282324e-01;2.934321065553557446e+02;-9.070783567715439233e+01
3.732000000000000206e+00;9.580336318612158175e-01;-2.848779814920220921e-01;2.913770139845312883e+02;-9.663965354693432630e+01
3.733999999999999986e+00;9.495167484026854066e-01;-3.046131334956805325e-01;2.894382193321175691e+02;-1.029774834840127085e+02
3.736000000000000210e+00;9.449216722891859987e-01;-3.254350282036456710e-01;2.873197370720248500e+02;-1.090601561339537682e+02
3.737999999999999989e+00;9.362934209899353988e-01;-3.441563868888358746e-01;2.849328607895499772e+02;-1.150529469908873637e+02
3.740000000000000213e+00;9.269950751423475799e-01;-3.630860646477516718e-01;2.824679486228331484e+02;-1.212396229689985176e+02
3.741999999999999993e+00;9.220452474634915907e-01;-3.843707142958024958e-01;2.798840206941366660e+02;-1.272927704214014284e+02
3.743999999999999773e+00;9.136301946068549062e-01;-4.037589184535531617e-01;2.773001029152162573e+02;-1.330203746720753486e+02
3.745999999999999996e+00;9.024366825949832194e-01;-4.204763197962157473e-01;2.745284967950083796e+02;-1.388786477020637449e+02
3.748000000000000220e+00;8.935175500599064069e-01;-4.402377097670536754e-01;2.713574042450317734e+02;-1.446304972669578888e+02
3.750000000000000000e+00;8.866934363595845303e-01;-4.606005701965029120e-01;2.681800429320879857e+02;-1.502272066283281902e+02
3.751999999999999780e+00;8.762752570892425874e-01;-4.779632510833619063e-01;2.650068712830510549e+02;-1.559761516743290599e+02
3.754000000000000004e+00;8.643159479122006772e-01;-4.980273115514159410e-01;2.619960213806045886e+02;-1.616179313551571681e+02
3.756000000000000227e+00;8.555138682573485420e-01;-5.164944649508835806e-01;2.583776257993632726e+02;-1.670206833446282246e+02
3.758000000000000007e+00;8.416788907410520659e-01;-5.341799356944580968e-01;2.548258736937239917e+02;-1.725111274609081704e+02
3.759999999999999787e+00;8.303375807845579937e-01;-5.514591796583591110e-01;2.510122581992680466e+02;-1.776054687990409207e+02
3.762000000000000011e+00;8.167285380764865987e-01;-5.693541363730646454e-01;2.474280594733849625e+02;-1.829679255377912455e+02
3.764000000000000234e+00;8.038491770116461543e-01;-5.877991979185285265e-01;2.435788710725798012e+02;-1.882584814950979535e+02
3.766000000000000014e+00;7.946053785130758884e-01;-6.052598077206873262e-01;2.392902247005442007e+02;-1.932789698652524066e+02
3.767999999999999794e+00;7.774834607764968819e-01;-6.212330537006025555e-01;2.353050015472455812e+02;-1.985358624416517728e+02
3.770000000000000018e+00;7.678486607691794585e-01;-6.399739383327351927e-01;2.310512546187391649e+02;-2.031197454876243285e+02
3.772000000000000242e+00;7.519787574927960794e-01;-6.565192639248984552e-01;2.268407952486190027e+02;-2.079662759688989411e+02
3.774000000000000021e+00;7.379657182463421616e-01;-6.727600648219245194e-01;2.222611808746146949e+02;-2.127067676956448850e+02
3.775999999999999801e+00;7.237506723114998097e-01;-6.893428373076632143e-01;2.177771188733898668e+02;-2.173158968858243441e+02
3.778000000000000025e+00;7.091496165008841501e-01;-7.050343981215623224e-01;2.131205148913170433e+02;-2.218079683185757460e+02
3.780000000000000249e+00;6.896018736914415470e-01;-7.178360149398625989e-01;2.081915486944552072e+02;-2.259313840047851158e+02
3.782000000000000028e+00;6.746741003295336769e-01;-7.337430971642714406e-01;2.034315378502757881e+02;-2.306254851669817185e+02
3.783999999999999808e+00;6.576139163094507634e-01;-7.494989365470632325e-01;1.984537252133620200e+02;-2.346070074005756396e+02
3.786000000000000032e+00;6.407143413752561800e-01;-7.636747836250978860e-01;1.934957072739931903e+02;-2.387590354295273869e+02
3.788000000000000256e+00;6.235093960624475962e-01;-7.762417485716646137e-01;1.882821086436652536e+02;-2.427786489715350058e+02
3.790000000000000036e+00;6.053317058316642907e-01;-7.894912517200977087e-01;1.829951111430142703e+02;-2.469037582260053227e+02
3.791999999999999815e+00;5.907702560981233919e-01;-8.041437360509335885e-01;1.775476189072339821e+02;-2.504134705410382082e+02
3.794000000000000039e+00;5.716861026384030264e-01;-8.165692555513027751e-01;1.722671065841967106e+02;-2.543470869870208730e+02
3.795999999999999819e+00;5.549332465591935160e-01;-8.295704743671568071e-01;1.668049899555788897e+02;-2.577163780087756777e+02
3.798000000000000043e+00;5.346500035923072991e-01;-8.403093662569874889e-01;1.612574097219084308e+02;-2.611496338050786221e+02
3.799999999999999822e+00;5.168722083984798044e-01;-8.519045441335574287e-01;1.557085973739648921e+02;-2.641121379678291987e+02
3.802000000000000046e+00;4.974451499834177670e-01;-8.639885121794428358e-01;1.500404106071260912e+02;-2.674529461728376987e+02
3.803999999999999826e+00;4.783268075538942843e-01;-8.748506201784858050e-01;1.442460495927080046e+02;-2.706596671013679156e+02
3.806000000000000050e+00;4.611001796601993385e-01;-8.863841734141099105e-01;1.384105519335279837e+02;-2.734422058580873909e+02
3.807999999999999829e+00;4.398875832102029371e-01;-8.945773137131588504e-01;1.326642747359228167e+02;-2.764994178723688947e+02
3.810000000000000053e+00;4.202281198425422692e-01;-9.037849896024605645e-01;1.266501369427664940e+02;-2.789050890553918407e+02
3.811999999999999833e+00;4.003485374504281991e-01;-9.126008584202633944e-01;1.205481554240435997e+02;-2.816077571823502694e+02
3.814000000000000057e+00;3.811376069097335284e-01;-9.215677127180006423e-01;1.143945136469922090e+02;-2.839864312143419056e+02
3.815999999999999837e+00;3.591391630076644637e-01;-9.293329657021963675e-01;1.083265330278270966e+02;-2.861721229868201704e+02
3.818000000000000060e+00;3.375549428724489154e-01;-9.359114685224554364e-01;1.019708564323985058e+02;-2.884495843140122702e+02
3.819999999999999840e+00;3.188676498380909607e-01;-9.442110716909537516e-01;9.594172087075239119e+01;-2.905088918349833307e+02
3.822000000000000064e+00;2.969831667876646764e-01;-9.506129311852135055e-01;8.948750140155570421e+01;-2.922944476779582601e+02
3.823999999999999844e+00;2.750173337312457056e-01;-9.565191729995170533e-01;8.334802756039131566e+01;-2.943233921375012301e+02
3.826000000000000068e+00;2.549631878484505121e-01;-9.629694589992066067e-01;7.679394257796666068e+01;-2.958602964380749540e+02
3.827999999999999847e+00;2.364498338337778782e-01;-9.684322727523546614e-01;7.026175163657717349e+01;-2.970523905841238275e+02
3.830000000000000071e+00;2.154891408578281098e-01;-9.735889092657945554e-01;6.394273122738970017e+01;-2.986884413205501687e+02
3.831999999999999851e+00;1.956966110683505122e-01;-9.794352916076197735e-01;5.740627864076476783e+01;-2.998965950549510922e+02
3.834000000000000075e+00;1.748570780172513939e-01;-9.822307528711275992e-01;5.093888251274675838e+01;-3.005247541792373340e+02
3.835999999999999854e+00;1.508887651247225181e-01;-9.849938894207976858e-01;4.438945646559388791e+01;-3.018603984802751938e+02
3.838000000000000078e+00;1.325831590491653167e-01;-9.901805486982805382e-01;3.786995563026594880e+01;-3.025300285887591372e+02
3.839999999999999858e+00;1.093731723963403402e-01;-9.907022234632008040e-01;3.127763485482029182e+01;-3.034163705404915845e+02
3.842000000000000082e+00;8.740166888717766647e-02;-9.934582048766452678e-01;2.471014001650006975e+01;-3.038862367866651084e+02
3.843999999999999861e+00;6.863292022475178666e-02;-9.974543314747149614e-01;1.822053038495460697e+01;-3.042157997485820715e+02
3.846000000000000085e+00;4.714756609562174849e-02;-9.993326804219032633e-01;1.155395184466004466e+01;-3.043635066813772028e+02
3.847999999999999865e+00;2.306018956964493369e-02;-9.986626368760601613e-01;5.005542627468420491e+00;-3.049609950958774220e+02
3.850000000000000089e+00;5.995153939794399880e-03;-9.988017513945017800e-01;-1.636446294591297201e+00;-3.046077021441043939e+02
3.851999999999999869e+00;-1.692096614785688902e-02;-1.002819596563363058e+00;-8.189564970711270320e+00;-3.043293642550671620e+02
3.854000000000000092e+00;-4.436505490165341958e-02;-1.000776837695890764e+00;-1.482321993607176047e+01;-3.042135739978753577e+02
3.855999999999999872e+00;-6.410632638114738269e-02;-9.999316986044982647e-01;-2.156986559193098429e+01;-3.037696995068549199e+02
3.858000000000000096e+00;-8.523245294767987923e-02;-9.999095124581233174e-01;-2.802149856773296932e+01;-3.031164774678783829e+02
3.859999999999999876e+00;-1.058487568873802687e-01;-9.955936887875397323e-01;-3.469036611643196721e+01;-3.025782767060131846e+02
3.862000000000000099e+00;-1.280780149507580457e-01;-9.947595917086105022e-01;-4.115786941392366316e+01;-3.018069506326531837e+02
3.863999999999999879e+00;-1.474285242271106966e-01;-9.921779485620069172e-01;-4.784695582732999952e+01;-3.005321759077417596e+02
3.866000000000000103e+00;-1.685515641408637522e-01;-9.905530068919652376e-01;-5.417709748427654404e+01;-2.996248299055656616e+02
3.867999999999999883e+00;-1.908638255384917937e-01;-9.881325421754564298e-01;-6.045850005579056585e+01;-2.984701085089666890e+02
3.870000000000000107e+00;-2.111649635898837085e-01;-9.834248142397579162e-01;-6.714883618660901732e+01;-2.968756283380151899e+02
3.871999999999999886e+00;-2.311186834458538453e-01;-9.802637737085149183e-01;-7.361091951812935008e+01;-2.954621536555641796e+02
3.874000000000000110e+00;-2.504125635269470740e-01;-9.759003998560891180e-01;-7.994378638904800027e+01;-2.937692035985768371e+02
3.875999999999999890e+00;-2.708004562526403203e-01;-9.724344919699323686e-01;-8.633803488577805751e+01;-2.919355686603696540e+02
3.878000000000000114e+00;-2.900627931597471454e-01;-9.672615566423929945e-01;-9.255453766334437660e+01;-2.897063183841449359e+02
3.879999999999999893e+00;-3.108594078845264286e-01;-9.588114361511260730e-01;-9.882544547380264532e+01;-2.877880977632156032e+02
3.882000000000000117e+00;-3.337170619423447393e-01;-9.551784732310653059e-01;-1.048489834000492209e+02;-2.859097094514555693e+02
3.883999999999999897e+00;-3.521821482415230520e-01;-9.476265605563940486e-01;-1.110288556346701654e+02;-2.836213655980850490e+02
3.886000000000000121e+00;-3.721475077595680081e-01;-9.417708539525243561e-01;-1.172046857080537592e+02;-2.809719354295963853e+02
3.887999999999999901e+00;-3.943599672492806296e-01;-9.346125256754749255e-01;-1.231171787069517620e+02;-2.783323428971053204e+02
3.890000000000000124e+00;-4.112261850265678254e-01;-9.266334385258687689e-01;-1.291086901525869450e+02;-2.757554546510262981e+02
3.891999999999999904e+00;-4.304652688181684894e-01;-9.179106573216566645e-01;-1.352130861291991835e+02;-2.726199431577133510e+02
3.894000000000000128e+00;-4.543735780416580106e-01;-9.079278581207036458e-01;-1.409211804616467703e+02;-2.700426551490019165e+02
3.895999999999999908e+00;-4.728501945749682411e-01;-8.981504306647734026e-01;-1.468153455823447189e+02;-2.669072462684198399e+02
3.898000000000000131e+00;-4.918695146272887841e-01;-8.903030902223800780e-01;-1.524650672997001948e+02;-2.638343925696443648e+02
3.899999999999999911e+00;-5.091628937232191010e-01;-8.801150503923228507e-01;-1.579217840371750867e+02;-2.603705251041669726e+02
3.902000000000000135e+00;-5.295437699586321711e-01;-8.685599369304407569e-01;-1.635296721391333392e+02;-2.568864246017668620e+02
3.903999999999999915e+00;-5.462449668050746165e-01;-8.581039075309677688e-01;-1.689301897986032941e+02;-2.532643020564268284e+02
3.906000000000000139e+00;-5.647348466600503603e-01;-8.479457669532857178e-01;-1.744387337991690288e+02;-2.495115358505676397e+02
3.907999999999999918e+00;-5.863100060765391586e-01;-8.325595056432524288e-01;-1.798357238750791680e+02;-2.457532866821841822e+02
3.910000000000000142e+00;-6.045491897610839604e-01;-8.207120979541089323e-01;-1.849983422024570814e+02;-2.420552228140944351e+02
3.911999999999999922e+00;-6.159544661980533853e-01;-8.115278306910637118e-01;-1.901354652478485434e+02;-2.378145751286594134e+02
3.914000000000000146e+00;-6.347776646234800646e-01;-7.969498562811841991e-01;-1.951212528888594306e+02;-2.337869053903657459e+02
3.915999999999999925e+00;-6.542388000110451740e-01;-7.828737183104241826e-01;-2.000717787923164224e+02;-2.296192936314908764e+02
3.918000000000000149e+00;-6.697899379233256401e-01;-7.686439859728876334e-01;-2.048236252204031587e+02;-2.253378131331432996e+02
3.919999999999999929e+00;-6.886759974358460656e-01;-7.532223678300742353e-01;-2.095869436282862921e+02;-2.207683391176838654e+02
3.922000000000000153e+00;-7.038221267147483085e-01;-7.384957381289414258e-01;-2.141698046908031756e+02;-2.161953077588701149e+02
3.923999999999999932e+00;-7.183887363908777468e-01;-7.237925027659509736e-01;-2.187701651403598646e+02;-2.115021554412773241e+02
3.926000000000000156e+00;-7.333277129424213836e-01;-7.095055556643358186e-01;-2.231548367828769130e+02;-2.068375631222599225e+02
3.927999999999999936e+00;-7.499826844219904531e-01;-6.935931706732623159e-01;-2.276908887299159119e+02;-2.020804379405499844e+02
3.930000000000000160e+00;-7.636657708668228572e-01;-6.777238655295505509e-01;-2.318181857213894546e+02;-1.969667367156251316e+02
3.931999999999999940e+00;-7.817796651281654352e-01;-6.579239615468919222e-01;-2.356895603321297017e+02;-1.923602846216222702e+02
3.934000000000000163e+00;-7.932467857377536458e-01;-6.420582825808941463e-01;-2.396966461156604851e+02;-1.870925868236338374e+02
3.935999999999999943e+00;-8.020082034723783337e-01;-6.266105219146179683e-01;-2.435636135510838756e+02;-1.818450794021421757e+02
3.938000000000000167e+00;-8.139898582632278945e-01;-6.081580751355716297e-01;-2.476037428570577106e+02;-1.764119404010213543e+02
3.939999999999999947e+00;-8.295489109320304255e-01;-5.903698835459390004e-01;-2.510383868157152847e+02;-1.711330475261835886e+02
3.942000000000000171e+00;-8.400338314309756527e-01;-5.723897968448233842e-01;-2.547911028378871947e+02;-1.656661904733936694e+02
3.943999999999999950e+00;-8.541681919171677517e-01;-5.526495601569761940e-01;-2.581263643662560980e+02;-1.600764819898750488e+02
3.946000000000000174e+00;-8.617050828258021600e-01;-5.353146121906464661e-01;-2.613512652313165745e+02;-1.545010199554437804e+02
3.947999999999999954e+00;-8.735948397911181829e-01;-5.158827821364272426e-01;-2.645723469512580550e+02;-1.488169145730078640e+02
3.950000000000000178e+00;-8.850624066560934811e-01;-4.968058441988641993e-01;-2.673907691626902761e+02;-1.431156080830737096e+02
3.951999999999999957e+00;-8.966470244078816876e-01;-4.773921005603790069e-01;-2.701725877992450933e+02;-1.373386358887774747e+02
3.954000000000000181e+00;-9.066552993883567613e-01;-4.581376374198088963e-01;-2.732924721627996405e+02;-1.314207070960177930e+02
3.955999999999999961e+00;-9.132577202423520779e-01;-4.382748836580401819e-01;-2.758878906995277021e+02;-1.256026857336778733e+02
3.958000000000000185e+00;-9.215064919835906920e-01;-4.197452390114648213e-01;-2.783434258257068450e+02;-1.195731595603001267e+02
3.959999999999999964e+00;-9.288555605631740875e-01;-4.000864878211135567e-01;-2.809542359615566056e+02;-1.134296767418854870e+02
3.962000000000000188e+00;-9.381160758930005006e-01;-3.782837818135741381e-01;-2.828322097133717534e+02;-1.074192509963632176e+02
3.963999999999999968e+00;-9.458095298720392563e-01;-3.581893643752025458e-01;-2.851388230280865628e+02;-1.013918325596056889e+02
3.966000000000000192e+00;-9.521315013961343388e-01;-3.384720617395667874e-01;-2.870804893400431297e+02;-9.536848558129400999e+01
3.967999999999999972e+00;-9.587993252553619339e-01;-3.144395854844951321e-01;-2.890300626701295528e+02;-8.893897761815257752e+01
3.970000000000000195e+00;-9.629378957268472927e-01;-2.954014454738572715e-01;-2.907346222806755804e+02;-8.254207433042739694e+01
3.971999999999999975e+00;-9.674389421303519754e-01;-2.748413483684651326e-01;-2.923184899875847691e+02;-7.615306582140667047e+01
3.974000000000000199e+00;-9.755151204252558994e-01;-2.538545000553930064e-01;-2.937188711730063346e+02;-6.996972391973142180e+01
3.975999999999999979e+00;-9.756187209786503223e-01;-2.323142812782913735e-01;-2.948902010906406872e+02;-6.328841456573123025e+01
3.978000000000000203e+00;-9.850141008052284430e-01;-2.100048316766234269e-01;-2.960494470965267624e+02;-5.717237211974145339e+01
3.979999999999999982e+00;-9.894782279465145214e-01;-1.888925442995698645e-01;-2.969961962333060228e+02;-5.077572063813889969e+01
3.982000000000000206e+00;-9.871354373939222882e-01;-1.708657932677720426e-01;-2.980109086896682697e+02;-4.405931409042165825e+01
3.983999999999999986e+00;-9.904129371017184047e-01;-1.464985435747182263e-01;-2.988565537563716816e+02;-3.754370553173026792e+01
3.985999999999999766e+00;-9.912231096593527857e-01;-1.277424753279414182e-01;-2.991937494458515516e+02;-3.109737311292092699e+01
3.987999999999999989e+00;-9.947171863117507673e-01;-1.049190454803795997e-01;-2.998254912414797104e+02;-2.459699047147562467e+01
3.990000000000000213e+00;-9.956358661147926004e-01;-8.488477851876505276e-02;-3.000318273363901653e+02;-1.803509315945304436e+01
3.991999999999999993e+00;-9.982128994421568535e-01;-6.151884060022046186e-02;-3.003121690321426058e+02;-1.170298239051354017e+01
3.993999999999999773e+00;-9.959993841446067586e-01;-4.240363229588058752e-02;-3.003622560990346528e+02;-4.889530005927285039e+00
3.995999999999999996e+00;-9.946557901094108534e-01;-1.992013825637289209e-02;-3.002688102148392204e+02;1.912265606097196313e+00
3.998000000000000220e+00;-9.971020296982802122e-01;1.808584586209466619e-03;-2.998329657058546331e+02;8.212314850578334102e+00
4.000000000000000000e+00;-9.958863008752671941e-01;2.602126038224488250e-02;-2.998314716712784502e+02;1.507034265043885668e+01
4.001999999999999780e+00;-9.917417028168721282e-01;4.753881200732208712e-02;-2.990696385103196917e+02;2.155215821342043014e+01
4.003999999999999559e+00;-9.897688083477355070e-01;6.986960206517939254e-02;-2.981926034445092455e+02;2.791963237182313762e+01
4.006000000000000227e+00;-9.897297812528338401e-01;9.156113388858580504e-02;-2.975660048621697342e+02;3.450089493727443823e+01
4.008000000000000007e+00;-9.877614099106658552e-01;1.138259858805697744e-01;-2.967120274773398592e+02;4.107155824787711396e+01
4.009999999999999787e+00;-9.851699617918802110e-01;1.346615692869350123e-01;-2.956366174203217270e+02;4.753520314705004779e+01
4.011999999999999567e+00;-9.801524652987815278e-01;1.553756238537266632e-01;-2.942574291404814062e+02;5.394596435017214020e+01
4.014000000000000234e+00;-9.750222894221349801e-01;1.761607433791691213e-01;-2.928473945206586109e+02;6.053334439343144879e+01
4.016000000000000014e+00;-9.758805564028245616e-01;2.025217371021038881e-01;-2.915755906002897291e+02;6.669440206251745451e+01
4.017999999999999794e+00;-9.670266873529653751e-01;2.201280511930958084e-01;-2.898584288792908410e+02;7.313279540925763911e+01
4.019999999999999574e+00;-9.598132279645555931e-01;2.401612579287525084e-01;-2.881223001624774156e+02;7.965501072833376384e+01
4.022000000000000242e+00;-9.547412614433182787e-01;2.621811184174484555e-01;-2.862848518121847405e+02;8.567857762419021128e+01
4.024000000000000021e+00;-9.492495560416103206e-01;2.844972381028286756e-01;-2.842150388235457399e+02;9.194087513444326021e+01
4.025999999999999801e+00;-9.419951331688741769e-01;3.043616131852288076e-01;-2.820445045255470404e+02;9.829208179882330398e+01
4.027999999999999581e+00;-9.328143858018240753e-01;3.238744323228404665e-01;-2.794946236294641722e+02;1.047336113006513614e+02
4.030000000000000249e+00;-9.294605111111305940e-01;3.458978577615546279e-01;-2.772048719698473178e+02;1.106486218510267463e+02
4.032000000000000028e+00;-9.192202793179496956e-01;3.702604998094957134e-01;-2.746494433072988386e+02;1.167817562796598594e+02
4.033999999999999808e+00;-9.068127304763468066e-01;3.885073389986371528e-01;-2.718678985787056490e+02;1.226839754320484843e+02
4.035999999999999588e+00;-8.980092914088778633e-01;4.090099158928626188e-01;-2.691689310434560412e+02;1.285560629336133047e+02
4.038000000000000256e+00;-8.913884588030626110e-01;4.302462190350958560e-01;-2.661634499257948505e+02;1.344964443864120653e+02
4.040000000000000036e+00;-8.819126997130115608e-01;4.509022022690430953e-01;-2.632150249616913698e+02;1.403028626869703146e+02
4.041999999999999815e+00;-8.663284628014867872e-01;4.689697120107722550e-01;-2.599973374425489965e+02;1.461782270272729818e+02
4.043999999999999595e+00;-8.566280942953108379e-01;4.897909798366411604e-01;-2.566640546882409240e+02;1.518579858549844062e+02
4.046000000000000263e+00;-8.458224563081355729e-01;5.100301920753066431e-01;-2.531430434131063123e+02;1.575029452700357808e+02
4.048000000000000043e+00;-8.294839452876446861e-01;5.268520515273639182e-01;-2.496286016596258719e+02;1.632309985709485431e+02
4.049999999999999822e+00;-8.220730853388422688e-01;5.465522298737007789e-01;-2.460028533767071508e+02;1.684848811208581196e+02
4.051999999999999602e+00;-8.087411306024734348e-01;5.670626710517997493e-01;-2.420396432348379108e+02;1.739104559177963836e+02
4.054000000000000270e+00;-7.947965470383072661e-01;5.852127037690125766e-01;-2.382135452324621383e+02;1.793169705650928734e+02
4.056000000000000050e+00;-7.828365290744480065e-01;6.025400215967000594e-01;-2.338828999586660871e+02;1.842998485809855254e+02
4.057999999999999829e+00;-7.657379141460223249e-01;6.210603683573090450e-01;-2.300095355951560236e+02;1.894745988980547224e+02
4.059999999999999609e+00;-7.490975443575584869e-01;6.384871232708648758e-01;-2.258569297037876709e+02;1.948042966843322006e+02
4.062000000000000277e+00;-7.406093010844246871e-01;6.575609948372441727e-01;-2.214023219635087969e+02;1.994383274908967962e+02
4.064000000000000057e+00;-7.219465863581326914e-01;6.747971522238287445e-01;-2.169389086555798656e+02;2.042123917254911589e+02
4.065999999999999837e+00;-7.034977654143108605e-01;6.901007461322113956e-01;-2.121837191426609479e+02;2.092073715560451603e+02
4.067999999999999616e+00;-6.889876825676386485e-01;7.091197148882869561e-01;-2.076206639608770388e+02;2.136720487796932559e+02
4.070000000000000284e+00;-6.729984901734947789e-01;7.252507695199467141e-01;-2.030472894510125457e+02;2.182991578083635886e+02
4.072000000000000064e+00;-6.588279150690360408e-01;7.426588969449305910e-01;-1.980674848582163463e+02;2.225963544372993113e+02
4.073999999999999844e+00;-6.369477557330931461e-01;7.563646290649698178e-01;-1.930975476781716793e+02;2.269510760749874407e+02
4.075999999999999623e+00;-6.204033043156255145e-01;7.697747236762756406e-01;-1.879642686893728865e+02;2.311992525094577502e+02
4.078000000000000291e+00;-5.994453884084827155e-01;7.854306683306673253e-01;-1.829547210574077383e+02;2.353326891068033433e+02
4.080000000000000071e+00;-5.849369858737192285e-01;7.979507897085396095e-01;-1.777900614249686555e+02;2.393671971836869830e+02
4.081999999999999851e+00;-5.674476792955454041e-01;8.127566796461935805e-01;-1.723985563340229703e+02;2.430819991418887582e+02
4.083999999999999631e+00;-5.464563252216636524e-01;8.255234354335800884e-01;-1.669626771606457680e+02;2.467526510031540568e+02
4.086000000000000298e+00;-5.274983291527324258e-01;8.376662423673272295e-01;-1.615088472526242072e+02;2.506036093162685177e+02
4.088000000000000078e+00;-5.068800495593193123e-01;8.492333914513958693e-01;-1.559450120192352358e+02;2.542966665932671333e+02
4.089999999999999858e+00;-4.853732156161239542e-01;8.594895942321727489e-01;-1.506177056629369702e+02;2.579971794440346002e+02
4.091999999999999638e+00;-4.703618664725434106e-01;8.723443806771037368e-01;-1.444495267117588924e+02;2.607645691546340458e+02
4.094000000000000306e+00;-4.491566431696891182e-01;8.837612095514313371e-01;-1.388033473568010265e+02;2.641915686103405392e+02
4.096000000000000085e+00;-4.279176794296334907e-01;8.927370759228058228e-01;-1.330517702353598679e+02;2.672008568012309979e+02
4.097999999999999865e+00;-4.085674823310193604e-01;9.033778497784951123e-01;-1.270912404531739384e+02;2.700548907679871036e+02
4.099999999999999645e+00;-3.886822723197851381e-01;9.139254194330602710e-01;-1.211998745037893741e+02;2.730264858055594459e+02
4.102000000000000313e+00;-3.664034960123717100e-01;9.231572203583437997e-01;-1.152076727807002214e+02;2.757144167979864733e+02
4.104000000000000092e+00;-3.422805847828978010e-01;9.299449796426462189e-01;-1.090647746479456544e+02;2.782712018000636931e+02
4.105999999999999872e+00;-3.278806059975077902e-01;9.401518180781487377e-01;-1.031764539640739713e+02;2.803750219211939338e+02
4.107999999999999652e+00;-3.038442941757754090e-01;9.459592081243973771e-01;-9.687513962000696210e+01;2.828212806239010888e+02
4.110000000000000320e+00;-2.817139037456467543e-01;9.510665110036894410e-01;-9.059868009908629460e+01;2.851618991293009913e+02
4.112000000000000099e+00;-2.608667336366149447e-01;9.590308256410351451e-01;-8.430629628646801166e+01;2.869572474733753324e+02
4.113999999999999879e+00;-2.439113726914304559e-01;9.662539152928572017e-01;-7.793831070157551721e+01;2.885874274684241527e+02
4.115999999999999659e+00;-2.187731796861388800e-01;9.699092905784374441e-01;-7.179741451387228324e+01;2.904861144149115830e+02
4.118000000000000327e+00;-1.983888190844024790e-01;9.739479617996256167e-01;-6.515737669273578092e+01;2.919510024504209582e+02
4.120000000000000107e+00;-1.772039645730624779e-01;9.784304291738072923e-01;-5.899884917413442054e+01;2.936642147801082956e+02
4.121999999999999886e+00;-1.557875110069752433e-01;9.831430555009790240e-01;-5.249034847146932492e+01;2.949176626606782747e+02
4.123999999999999666e+00;-1.378104136762145493e-01;9.886474049875243475e-01;-4.611094699328099722e+01;2.959867384309895328e+02
4.126000000000000334e+00;-1.099134769853892524e-01;9.890950802590122715e-01;-3.977522880868615829e+01;2.972981652626406799e+02
4.128000000000000114e+00;-8.720088668922412745e-02;9.898203069349664762e-01;-3.302769176546251373e+01;2.981321148076157215e+02
4.129999999999999893e+00;-6.785787881277650924e-02;9.936212469423232330e-01;-2.648369526513885575e+01;2.987869983908888116e+02
4.131999999999999673e+00;-4.846324659614265756e-02;9.957340626605011291e-01;-1.983229348270148762e+01;2.994455905107465128e+02
4.134000000000000341e+00;-2.684128225189167868e-02;9.982322677989122761e-01;-1.343683372386746910e+01;2.997498861722224319e+02
4.136000000000000121e+00;-3.400875615199403824e-03;9.979694173587578820e-01;-6.899344643803701160e+00;3.001518796423721938e+02
4.137999999999999901e+00;1.456978993359788789e-02;9.995907988185894766e-01;-3.152109281115535871e-02;3.002652407162759687e+02
4.139999999999999680e+00;3.977771608677914406e-02;9.975355870256172874e-01;6.217665415080412927e+00;3.003487689985357179e+02
4.142000000000000348e+00;6.416224784395010983e-02;9.968444226029056221e-01;1.260633464955783722e+01;3.006485723981496108e+02
4.144000000000000128e+00;8.202307638071110185e-02;9.972381509962270352e-01;1.933786152597710739e+01;3.001160809689773714e+02
4.145999999999999908e+00;1.059556619812901390e-01;9.933340720666166135e-01;2.592870250782764785e+01;3.000810279096456838e+02
4.147999999999999687e+00;1.254638739456828134e-01;9.913944056687047368e-01;3.260645700009412451e+01;2.993456456452864245e+02
4.150000000000000355e+00;1.461622293271548356e-01;9.883808724911915533e-01;3.913960679303498580e+01;2.988444335771700935e+02
4.152000000000000135e+00;1.654670894221368926e-01;9.878234929285920618e-01;4.555456998568369897e+01;2.978255411472287051e+02
4.153999999999999915e+00;1.870187652306252168e-01;9.848664890738220157e-01;5.184451131115353206e+01;2.967633175948071766e+02
4.155999999999999694e+00;2.087489578804904711e-01;9.798861644034086993e-01;5.838429664175318123e+01;2.959367553084240399e+02
4.158000000000000362e+00;2.321918820485620039e-01;9.747884885757234219e-01;6.490922096770569283e+01;2.948102292946110765e+02
4.160000000000000142e+00;2.520260217801405522e-01;9.714190659458674659e-01;7.110110588024916467e+01;2.934739481806159915e+02
4.161999999999999922e+00;2.697455639382748682e-01;9.659827103671350113e-01;7.757950380516034272e+01;2.918301205231338145e+02
4.163999999999999702e+00;2.963033274926314964e-01;9.580127798841727715e-01;8.389097616524102818e+01;2.905599917087803306e+02
4.166000000000000369e+00;3.143856824384231308e-01;9.531062284814308949e-01;9.024700097281130695e+01;2.886777442693866647e+02
4.168000000000000149e+00;3.323528341779029005e-01;9.475390245715493709e-01;9.658477559419749525e+01;2.865325006175598901e+02
4.169999999999999929e+00;3.570469299612449299e-01;9.397865651514261121e-01;1.025692450878547106e+02;2.848677548064598568e+02
4.171999999999999709e+00;3.752178076709795085e-01;9.333236520217867982e-01;1.086659900654994573e+02;2.825382948880881031e+02
4.174000000000000377e+00;3.943456548302803344e-01;9.253866781897288618e-01;1.149148677410402968e+02;2.801061776740515370e+02
4.176000000000000156e+00;4.139054845957413908e-01;9.172659216508159963e-01;1.210155776390871836e+02;2.777603231218005249e+02
4.177999999999999936e+00;4.310810123632839996e-01;9.096698251729871121e-01;1.271061110548901780e+02;2.747963292243308615e+02
4.179999999999999716e+00;4.523252147138497881e-01;9.008060338542153156e-01;1.328315427810900360e+02;2.724751023105637842e+02
4.182000000000000384e+00;4.755157717377873072e-01;8.884482005854907882e-01;1.386538237610245403e+02;2.698635993435696037e+02
4.184000000000000163e+00;4.918158885632940569e-01;8.784960930063629991e-01;1.445502312449908686e+02;2.669482182342497936e+02
4.185999999999999943e+00;5.122523063745187955e-01;8.683231200351008150e-01;1.503828705897662417e+02;2.637228691521610244e+02
4.187999999999999723e+00;5.269434149923594157e-01;8.573604983636098353e-01;1.563240521396517693e+02;2.602651080063143922e+02
4.190000000000000391e+00;5.479980813522385974e-01;8.456649843856161031e-01;1.615808423575807922e+02;2.572762811012722750e+02
4.192000000000000171e+00;5.649737025779844046e-01;8.364104113415138375e-01;1.669350675039817986e+02;2.537125075795856901e+02
4.193999999999999950e+00;5.775801982620729635e-01;8.251554017016274889e-01;1.724655256376521493e+02;2.499961385460123324e+02
4.195999999999999730e+00;5.951121084933020944e-01;8.123210704115152447e-01;1.779638252148081961e+02;2.464017059070182825e+02
4.198000000000000398e+00;6.161336625163997827e-01;7.985069898813268452e-01;1.832489793806731200e+02;2.426935635167001237e+02
4.200000000000000178e+00;6.321224681180457328e-01;7.858702679196025720e-01;1.882806060092103451e+02;2.388064962739099428e+02
4.201999999999999957e+00;6.443189980567765041e-01;7.735631616883074102e-01;1.936668192407806259e+02;2.346258798563938797e+02
4.203999999999999737e+00;6.625323356143955067e-01;7.584661799250425052e-01;1.986390078998622926e+02;2.306458148141052789e+02
4.206000000000000405e+00;6.835344189095163836e-01;7.438090780052580842e-01;2.035650168992331146e+02;2.266634277331367571e+02
4.208000000000000185e+00;6.958817561654487838e-01;7.299659280640867776e-01;2.083354619895276869e+02;2.220666511480957865e+02
4.209999999999999964e+00;7.145887353676283471e-01;7.141468796418908305e-01;2.129886451135297136e+02;2.176876695530524444e+02
4.211999999999999744e+00;7.250245796050418523e-01;6.994886183720757655e-01;2.176707784933977052e+02;2.129892217407619341e+02
4.214000000000000412e+00;7.439703230239322895e-01;6.809164920594670267e-01;2.222274846679467259e+02;2.086218497369244176e+02
4.216000000000000192e+00;7.571197166276670831e-01;6.658535288765441429e-01;2.267824144836886830e+02;2.037902246221840983e+02
4.217999999999999972e+00;7.703523587337213208e-01;6.491636934245244017e-01;2.311500199634776322e+02;1.989185574811965580e+02
4.219999999999999751e+00;7.818614982422901205e-01;6.343683497858551013e-01;2.353124508513916737e+02;1.938860806090272604e+02
4.222000000000000419e+00;7.924708912988005505e-01;6.190380649017457326e-01;2.396303728071667081e+02;1.887122677797401593e+02
4.224000000000000199e+00;8.088892163025297455e-01;6.008078122541639088e-01;2.433853210826493410e+02;1.839884068057637876e+02
4.225999999999999979e+00;8.206411579588523963e-01;5.838807774739032119e-01;2.473854899327464523e+02;1.784845075712494804e+02
4.227999999999999758e+00;8.355899083379318970e-01;5.661109960389663076e-01;2.510368988407755353e+02;1.734269665369081963e+02
4.230000000000000426e+00;8.458209811536537837e-01;5.489933036374516906e-01;2.547788432558728289e+02;1.681800075548040638e+02
4.232000000000000206e+00;8.558063545851632981e-01;5.308846691506765580e-01;2.581955556915439161e+02;1.626511805567597264e+02
4.233999999999999986e+00;8.661382481635921948e-01;5.134539327435992950e-01;2.617081064967075008e+02;1.569357935920195075e+02
4.235999999999999766e+00;8.783119228022002734e-01;4.940711988921651643e-01;2.650180442671418177e+02;1.513606048026345547e+02
4.238000000000000433e+00;8.859108965907391831e-01;4.780624084532596463e-01;2.682068885254068391e+02;1.456544575424904906e+02
4.240000000000000213e+00;8.963107103009676502e-01;4.588815798422293257e-01;2.711979278926802976e+02;1.399902055219935733e+02
4.241999999999999993e+00;9.027588146033712624e-01;4.402808012312555697e-01;2.741984679805319729e+02;1.341002957543705065e+02
4.243999999999999773e+00;9.104800157254271387e-01;4.222549735665150905e-01;2.772792413546869739e+02;1.282365391605843854e+02
4.246000000000000441e+00;9.182693078126430430e-01;4.049668140534164462e-01;2.798832828457722144e+02;1.222854588133932623e+02
4.248000000000000220e+00;9.302524848596303020e-01;3.836290537350607321e-01;2.825468496946350001e+02;1.165050142944764957e+02
4.250000000000000000e+00;9.320350389838015781e-01;3.663940831108561946e-01;2.848301765734252058e+02;1.102808293913254403e+02
4.251999999999999780e+00;9.410185742601665515e-01;3.449599412391260445e-01;2.871322552992826900e+02;1.042281278075856505e+02
4.253999999999999559e+00;9.475281693259975935e-01;3.261427187755194246e-01;2.892783149611293538e+02;9.832142808455861882e+01
4.256000000000000227e+00;9.559199048705353530e-01;3.049166951912335444e-01;2.914766533330670200e+02;9.210263580792495475e+01
4.258000000000000007e+00;9.635046186014536440e-01;2.863401006106073288e-01;2.933220709587736224e+02;8.586292108059052453e+01
4.259999999999999787e+00;9.673854542600578421e-01;2.672821577467593412e-01;2.950808914155746834e+02;7.952257200638321422e+01
4.262000000000000455e+00;9.711818118779079745e-01;2.478726479365521429e-01;2.969419083800036105e+02;7.300184717747569607e+01
4.264000000000000234e+00;9.741503484374808286e-01;2.286851047332275066e-01;2.984169151016440651e+02;6.674031015889515572e+01
4.266000000000000014e+00;9.773400040445963111e-01;2.098238948095306200e-01;2.998835101959438134e+02;6.006670055171531430e+01
4.267999999999999794e+00;9.819119665102477024e-01;1.906896325442029028e-01;3.009309140681639860e+02;5.398284480864360546e+01
4.269999999999999574e+00;9.832387563189811663e-01;1.700081360254977192e-01;3.019752393936851718e+02;4.731465881517270589e+01
4.272000000000000242e+00;9.870601602723760859e-01;1.504899274121400399e-01;3.029355056874626939e+02;4.103617974588986783e+01
4.274000000000000021e+00;9.945312237643587627e-01;1.291894404297720123e-01;3.039335434030211331e+02;3.465821831289976274e+01
4.275999999999999801e+00;9.963917062188624163e-01;1.104049906142526016e-01;3.045958690466312078e+02;2.822223682978401982e+01
4.278000000000000469e+00;9.956478550640357472e-01;9.036525774940369626e-02;3.051141060449489260e+02;2.168840483566422250e+01
4.280000000000000249e+00;9.938892773618164256e-01;7.176262580624467868e-02;3.056315738972821805e+02;1.490549428173210700e+01
4.282000000000000028e+00;9.947373927993463649e-01;5.001710087465251198e-02;3.059619290357424006e+02;8.601465630027927745e+00
4.283999999999999808e+00;9.969589906519041866e-01;3.089922153444527031e-02;3.061452957283642036e+02;1.937105531248707990e+00
4.285999999999999588e+00;1.000591894930585202e+00;7.248438293027614603e-03;3.063123231892348599e+02;-4.692341718908908277e+00
4.288000000000000256e+00;9.965871606183002163e-01;-1.369321574642888215e-02;3.062670408751827154e+02;-1.119799058527261870e+01
4.290000000000000036e+00;9.953612126889520573e-01;-3.228694748896353967e-02;3.058602277308575026e+02;-1.766559348309899491e+01
4.291999999999999815e+00;9.961657734806974585e-01;-5.209374123330625522e-02;3.054496843503286527e+02;-2.413195485883521840e+01
4.293999999999999595e+00;9.938179025161255620e-01;-7.236303363702982494e-02;3.051207876235887966e+02;-3.097623956171057813e+01
4.296000000000000263e+00;9.966684296527802411e-01;-9.402432726940679331e-02;3.042186770032523100e+02;-3.703587594461986043e+01
4.298000000000000043e+00;9.933901148740387210e-01;-1.123016828886643503e-01;3.035139963788034834e+02;-4.359367016899245328e+01
4.299999999999999822e+00;9.865606291913062709e-01;-1.300152576982765429e-01;3.025537901470719930e+02;-5.029358608408103493e+01
4.301999999999999602e+00;9.873625217694556033e-01;-1.516145621952338096e-01;3.015177132159946041e+02;-5.649100952819203769e+01
4.304000000000000270e+00;9.808446680465399137e-01;-1.695446676654132345e-01;3.003255150578502253e+02;-6.284626289855500403e+01
4.306000000000000050e+00;9.813527431374605703e-01;-1.925153316856522689e-01;2.991130945817124598e+02;-6.917729051033789744e+01
4.307999999999999829e+00;9.751589070289892192e-01;-2.109476474654612965e-01;2.973989280627876042e+02;-7.566143725935941688e+01
4.309999999999999609e+00;9.677613782836248513e-01;-2.294504489222443655e-01;2.958969890806844205e+02;-8.187391876954893633e+01
4.312000000000000277e+00;9.652914863006829549e-01;-2.506493342693641990e-01;2.942149041793694551e+02;-8.800642625716363909e+01
4.314000000000000057e+00;9.609443141284399470e-01;-2.690457461726301625e-01;2.922737546665525770e+02;-9.476517734312714936e+01
4.315999999999999837e+00;9.539959201268063405e-01;-2.903004034313127479e-01;2.903098824200891386e+02;-1.006564432903409880e+02
4.317999999999999616e+00;9.502611967684106986e-01;-3.098017032020744521e-01;2.880956226974003584e+02;-1.066607360101481845e+02
4.320000000000000284e+00;9.418985446465073519e-01;-3.298986850388804237e-01;2.858890282959443994e+02;-1.127201130907708091e+02
4.322000000000000064e+00;9.363858726487555018e-01;-3.493937196448578253e-01;2.834675358727578214e+02;-1.186663233364994596e+02
4.323999999999999844e+00;9.277208757935613281e-01;-3.686230816723133907e-01;2.808533635765034546e+02;-1.248033884169401944e+02
4.325999999999999623e+00;9.217882763416088698e-01;-3.890320273080842273e-01;2.782004476681017309e+02;-1.306598522245169534e+02
4.328000000000000291e+00;9.104640952809779364e-01;-4.064418801240907153e-01;2.755334120437440220e+02;-1.365727201179144572e+02
4.330000000000000071e+00;9.020127965618499610e-01;-4.259402351424945721e-01;2.724915434921723545e+02;-1.423213779312912095e+02
4.331999999999999851e+00;8.944326012484287158e-01;-4.438457219792817376e-01;2.693458741945819952e+02;-1.479456474574176639e+02
4.333999999999999631e+00;8.851292970274273753e-01;-4.626157363467928718e-01;2.663124906095855522e+02;-1.536434841896310104e+02
4.336000000000000298e+00;8.765557866081372662e-01;-4.812096606759184714e-01;2.629679254101075685e+02;-1.592978329861452380e+02
4.338000000000000078e+00;8.645685549870952835e-01;-5.007142883117357002e-01;2.596401120333319454e+02;-1.646532765388786856e+02
4.339999999999999858e+00;8.490267472868128218e-01;-5.159230138296748702e-01;2.561194001150511212e+02;-1.703158725764790802e+02
4.341999999999999638e+00;8.444697003742603902e-01;-5.361456955031326244e-01;2.524421527891144592e+02;-1.755493257921719987e+02
4.344000000000000306e+00;8.281090920515973286e-01;-5.525729938823646936e-01;2.488554678503095943e+02;-1.812275100034956665e+02
4.346000000000000085e+00;8.207418398877150967e-01;-5.732399029393591139e-01;2.449664451892154773e+02;-1.861204373010025677e+02
4.347999999999999865e+00;8.069338162757894173e-01;-5.901895327264778945e-01;2.411432722674974798e+02;-1.913278164491490259e+02
4.349999999999999645e+00;7.898450103733206662e-01;-6.051442187454798560e-01;2.368558946700727006e+02;-1.963092706740293920e+02
4.352000000000000313e+00;7.766597359450635452e-01;-6.232931537276085177e-01;2.328450998976099982e+02;-2.012250374550330605e+02
4.354000000000000092e+00;7.643435194477484762e-01;-6.399098668388468747e-01;2.283756558046482610e+02;-2.062014047054800017e+02
4.355999999999999872e+00;7.496249732646383945e-01;-6.562663086326906425e-01;2.239403774977053274e+02;-2.108445090700149080e+02
4.357999999999999652e+00;7.341204730885130258e-01;-6.728696664673833316e-01;2.194577205096518924e+02;-2.157089471588101333e+02
4.360000000000000320e+00;7.236726374990489763e-01;-6.903547222088988189e-01;2.147898026333891153e+02;-2.199721531453918146e+02
4.362000000000000099e+00;7.075242337751592725e-01;-7.052103205443369660e-01;2.101440251936067511e+02;-2.246501193998174131e+02
4.363999999999999879e+00;6.893279524756134036e-01;-7.191344497280505177e-01;2.052236069128658471e+02;-2.289213503092577469e+02
4.365999999999999659e+00;6.766368958422730451e-01;-7.371999036511893699e-01;2.003889772525148487e+02;-2.330473624635000647e+02
4.368000000000000327e+00;6.546635439335990458e-01;-7.491464208996803098e-01;1.953822012911274157e+02;-2.372744312124426074e+02
4.370000000000000107e+00;6.382421695084389279e-01;-7.623342435306545983e-01;1.902278751888722752e+02;-2.414906170463555100e+02
4.371999999999999886e+00;6.261673443751264445e-01;-7.775979683277995935e-01;1.850099919650544393e+02;-2.451560306880620317e+02
4.373999999999999666e+00;6.073831467166166398e-01;-7.916533462589944170e-01;1.797382909568794389e+02;-2.488436012834808366e+02
4.376000000000000334e+00;5.867806450178518762e-01;-8.046404582170276765e-01;1.742782384567694294e+02;-2.528268357746604522e+02
4.378000000000000114e+00;5.680894274243152298e-01;-8.164993776397053704e-01;1.689988046679838476e+02;-2.565109171505937411e+02
4.379999999999999893e+00;5.541616139267315777e-01;-8.294190661177015533e-01;1.634918830329831110e+02;-2.596219475023204950e+02
4.381999999999999673e+00;5.334782316422328474e-01;-8.417009824945065333e-01;1.578422794876228750e+02;-2.630293872301455167e+02
4.384000000000000341e+00;5.183869429370144832e-01;-8.533147489084150772e-01;1.521643354439470386e+02;-2.661672014600700322e+02
4.386000000000000121e+00;4.958810856862372884e-01;-8.634141667564950717e-01;1.464384614275169270e+02;-2.694092211296839992e+02
4.387999999999999901e+00;4.778744326525024566e-01;-8.750671740488117356e-01;1.406172590940079203e+02;-2.722552967972370084e+02
4.389999999999999680e+00;4.578425272947150293e-01;-8.843710511859853574e-01;1.346366563281287085e+02;-2.752049059257195722e+02
4.392000000000000348e+00;4.395005753023845108e-01;-8.943428488907343432e-01;1.289374047712156823e+02;-2.780191857876477002e+02
4.394000000000000128e+00;4.217987680561781083e-01;-9.045128304186562662e-01;1.226899187992841007e+02;-2.804476295416098992e+02
4.395999999999999908e+00;3.993574977205131549e-01;-9.143358160318735273e-01;1.168242264450351513e+02;-2.830332338201718585e+02
4.397999999999999687e+00;3.798878418310516758e-01;-9.225740846718135657e-01;1.106385248474557557e+02;-2.853172189407027304e+02
4.400000000000000355e+00;3.595711256020272528e-01;-9.297479444720071484e-01;1.042540987226313263e+02;-2.875160562807724887e+02
4.402000000000000135e+00;3.380002372343308692e-01;-9.378365512313155961e-01;9.828820624790317595e+01;-2.896208550060551943e+02
4.403999999999999915e+00;3.182344495885518487e-01;-9.447291552030039341e-01;9.198334356455946192e+01;-2.916844285745926300e+02
4.405999999999999694e+00;2.993109759028503292e-01;-9.527045272401002407e-01;8.571836545657593831e+01;-2.934230014094997614e+02
4.408000000000000362e+00;2.745202253070458953e-01;-9.573588516086779521e-01;7.944054387815870655e+01;-2.952014367331488529e+02
4.410000000000000142e+00;2.576460570339408895e-01;-9.633483522712994462e-01;7.298675874096382188e+01;-2.964418721469275511e+02
4.411999999999999922e+00;2.325997848303841542e-01;-9.700460812569907665e-01;6.652399127991228056e+01;-2.981522786635590592e+02
4.413999999999999702e+00;2.144544744028550887e-01;-9.756871695692703739e-01;6.002584947998231968e+01;-2.993315182218173618e+02
4.416000000000000369e+00;1.887182874440281877e-01;-9.775549548380290110e-01;5.344707035612218249e+01;-3.005262342243715921e+02
4.418000000000000149e+00;1.709201624351636417e-01;-9.830406540200300469e-01;4.708707878664073831e+01;-3.014654429252681211e+02
4.419999999999999929e+00;1.506617327732161227e-01;-9.870228140810409778e-01;4.036611791041978847e+01;-3.021825996291195224e+02
4.421999999999999709e+00;1.274817818300985617e-01;-9.910258462447767425e-01;3.385205266834281446e+01;-3.031535928608914219e+02
4.424000000000000377e+00;1.065875761805183120e-01;-9.931649220667717604e-01;2.729246481870607610e+01;-3.035870977200794414e+02
4.426000000000000156e+00;8.390073409490642065e-02;-9.955283963388075197e-01;2.087274263735237056e+01;-3.041319262666591499e+02
4.427999999999999936e+00;6.219675288753363784e-02;-9.952571049724211472e-01;1.415650638064552069e+01;-3.043516314232467153e+02
4.429999999999999716e+00;4.039198178424401736e-02;-9.976187959917626191e-01;7.395716675753969405e+00;-3.045446095141866181e+02
4.432000000000000384e+00;2.097449317637278821e-02;-1.000742777701968844e+00;9.952854201124667899e-01;-3.047494657853551416e+02
4.434000000000000163e+00;-9.943575808357303907e-04;-1.000447581936683150e+00;-5.631081212546462211e+00;-3.045052748583653965e+02
4.435999999999999943e+00;-2.597012881468240691e-02;-1.000922945144586240e+00;-1.240007998485242169e+01;-3.044110110386230872e+02
4.437999999999999723e+00;-4.757728497201789419e-02;-1.000196716348121795e+00;-1.891507813096082558e+01;-3.036724586919990543e+02
4.440000000000000391e+00;-6.871930807210109571e-02;-1.000429536548958609e+00;-2.556116605981799950e+01;-3.032441556021387896e+02
4.442000000000000171e+00;-9.013203098113059530e-02;-9.995993264683509238e-01;-3.213391827629151010e+01;-3.026785005165354505e+02
4.443999999999999950e+00;-1.123516679608742991e-01;-9.968147182252057314e-01;-3.874070380088004129e+01;-3.019494894460664227e+02
4.445999999999999730e+00;-1.310612861525751738e-01;-9.970484292091841283e-01;-4.502347401485279477e+01;-3.008848506705714385e+02
4.448000000000000398e+00;-1.549371415906954375e-01;-9.926239511496349754e-01;-5.166928887914190227e+01;-3.000020316096918123e+02
4.450000000000000178e+00;-1.796105032728468609e-01;-9.889958286846545210e-01;-5.803103325899692067e+01;-2.988659288127061586e+02
4.451999999999999957e+00;-1.957791830955151746e-01;-9.863694254563213359e-01;-6.481159087031332433e+01;-2.972343439410916517e+02
4.453999999999999737e+00;-2.207981441885403517e-01;-9.820615238327221608e-01;-7.099997591868159930e+01;-2.960237046490041166e+02
4.456000000000000405e+00;-2.384824285383112252e-01;-9.789423119863862599e-01;-7.756307779889451126e+01;-2.943954557034420532e+02
4.458000000000000185e+00;-2.580154191018438903e-01;-9.748023781836314683e-01;-8.398026821179040269e+01;-2.925931211182033280e+02
4.459999999999999964e+00;-2.815510461770129313e-01;-9.681227861146091129e-01;-9.022505002014176512e+01;-2.907444626399359890e+02
4.461999999999999744e+00;-3.034977530125891332e-01;-9.629263870067964470e-01;-9.632308446570304739e+01;-2.888613191153782509e+02
4.464000000000000412e+00;-3.214407747502827650e-01;-9.573998533580621029e-01;-1.025987609077189546e+02;-2.863267458750661945e+02
4.466000000000000192e+00;-3.454847694891579613e-01;-9.492756501067631802e-01;-1.086792018900341219e+02;-2.844949731848746524e+02
4.467999999999999972e+00;-3.675328766757945953e-01;-9.435057296533774229e-01;-1.146362143915823708e+02;-2.820368258730963476e+02
4.469999999999999751e+00;-3.874678692817721815e-01;-9.363428163468686671e-01;-1.209179706003270383e+02;-2.794659015561661022e+02
4.472000000000000419e+00;-4.067342474577729794e-01;-9.286912823080626378e-01;-1.267036142906736842e+02;-2.767865582838345517e+02
4.474000000000000199e+00;-4.248096733643195178e-01;-9.226536279749822933e-01;-1.327291639188228487e+02;-2.738529620956551298e+02
4.475999999999999979e+00;-4.446864903092041521e-01;-9.120048580276304273e-01;-1.386167866780589293e+02;-2.710399849945030155e+02
4.477999999999999758e+00;-4.620163400781909790e-01;-9.036459983876584667e-01;-1.445303321805340033e+02;-2.679762871820443024e+02
4.480000000000000426e+00;-4.848644693314757004e-01;-8.918549570739383592e-01;-1.501450858043075414e+02;-2.649364463661597142e+02
4.482000000000000206e+00;-5.090554685306734051e-01;-8.801833308128996780e-01;-1.556287383339403334e+02;-2.616895876507589378e+02
4.483999999999999986e+00;-5.225387214145403858e-01;-8.715045965883728707e-01;-1.613466033580708370e+02;-2.581022825668073892e+02
4.485999999999999766e+00;-5.423112724211014424e-01;-8.608626904741198960e-01;-1.668419639185275116e+02;-2.547576779985942608e+02
4.487999999999999545e+00;-5.597633456231160265e-01;-8.505863587823707661e-01;-1.722824006638878132e+02;-2.508897643088051268e+02
4.490000000000000213e+00;-5.789779723311305748e-01;-8.378708790993087963e-01;-1.777787448846116263e+02;-2.472265843881257865e+02
4.491999999999999993e+00;-5.952285407742282652e-01;-8.248606139020999706e-01;-1.829185358382840718e+02;-2.432268553644530016e+02
4.493999999999999773e+00;-6.167393635402127483e-01;-8.110359841901748634e-01;-1.880434056982483639e+02;-2.393923755912797446e+02
4.496000000000000441e+00;-6.305423205050704194e-01;-7.985606548691153161e-01;-1.931239342847882767e+02;-2.352181291661415798e+02
4.498000000000000220e+00;-6.509357148631653711e-01;-7.857073855287367570e-01;-1.978023344722709282e+02;-2.313599293812170004e+02
4.500000000000000000e+00;-6.686604225022473313e-01;-7.695125309478619835e-01;-2.029772512945882283e+02;-2.268347794016311241e+02
4.501999999999999780e+00;-6.839058660502490561e-01;-7.553933741685786574e-01;-2.077945591851104723e+02;-2.227526751939370229e+02
4.503999999999999559e+00;-6.969282372028851036e-01;-7.426338706389539190e-01;-2.124358596826598955e+02;-2.180068912918646333e+02
4.506000000000000227e+00;-7.160001252432905972e-01;-7.255262753499970296e-01;-2.169562085049196014e+02;-2.134301010565552019e+02
4.508000000000000007e+00;-7.354497960385331101e-01;-7.090739104320806785e-01;-2.215076313979799636e+02;-2.089185183899527658e+02
4.509999999999999787e+00;-7.501362379184089990e-01;-6.926645822938259922e-01;-2.258749783205344954e+02;-2.040505808162684218e+02
4.511999999999999567e+00;-7.618285653864367291e-01;-6.792182322345446943e-01;-2.301726757828280370e+02;-1.989957935792920409e+02
4.514000000000000234e+00;-7.762606245599875665e-01;-6.611206462946888074e-01;-2.343037605090634656e+02;-1.939066208431387963e+02
4.516000000000000014e+00;-7.914964595416587034e-01;-6.416679030629122149e-01;-2.382563804691321252e+02;-1.890067843134539203e+02
4.517999999999999794e+00;-8.020760985988133474e-01;-6.247027152056963129e-01;-2.422664800651092776e+02;-1.837890381978259597e+02
4.519999999999999574e+00;-8.162754868078385684e-01;-6.070410406511167478e-01;-2.461898379071560612e+02;-1.785825423941721795e+02
4.522000000000000242e+00;-8.332430036804989726e-01;-5.882473773813854390e-01;-2.497592243912705783e+02;-1.733671404843617267e+02
4.524000000000000021e+00;-8.420504282801735130e-01;-5.705678423890322426e-01;-2.533509438730685304e+02;-1.678462185608683512e+02
4.525999999999999801e+00;-8.536842446198118495e-01;-5.520464889417365795e-01;-2.567998604955248538e+02;-1.620900011852241107e+02
4.527999999999999581e+00;-8.645946852129373639e-01;-5.342816185277783347e-01;-2.600716051686039805e+02;-1.566462371659991675e+02
4.530000000000000249e+00;-8.719949360483122414e-01;-5.147116021921341877e-01;-2.633852451642067649e+02;-1.510399035130755578e+02
4.532000000000000028e+00;-8.870772892522016395e-01;-4.950311351238448898e-01;-2.664611197106689247e+02;-1.451884267910128870e+02
4.533999999999999808e+00;-8.961417968538516465e-01;-4.768812580886282460e-01;-2.693173489585714719e+02;-1.394652318485127296e+02
4.535999999999999588e+00;-9.056614540552295756e-01;-4.570773828963421437e-01;-2.718641540511710559e+02;-1.337961500697054760e+02
4.538000000000000256e+00;-9.164554695515516602e-01;-4.346171626391693299e-01;-2.746674251996416274e+02;-1.278676211370834324e+02
4.540000000000000036e+00;-9.269040054450172761e-01;-4.150132529552360561e-01;-2.773696647244677251e+02;-1.220743100608686973e+02
4.541999999999999815e+00;-9.314470322048794548e-01;-3.948383247867475188e-01;-2.798848167456694682e+02;-1.158285215060075473e+02
4.543999999999999595e+00;-9.397099472674568243e-01;-3.759747225345279609e-01;-2.821328674289700871e+02;-1.098892091380826770e+02
4.546000000000000263e+00;-9.458471072523974010e-01;-3.546560797488080286e-01;-2.844036919697593930e+02;-1.037398483362701143e+02
4.548000000000000043e+00;-9.537005898837866980e-01;-3.337171777766362313e-01;-2.863679395293519292e+02;-9.749082374032542475e+01
4.549999999999999822e+00;-9.603895154357848796e-01;-3.117298932717038618e-01;-2.884403572018925956e+02;-9.125486580812523130e+01
4.551999999999999602e+00;-9.628217596821884161e-01;-2.911800522381171596e-01;-2.901278096224559135e+02;-8.494857384226898489e+01
4.554000000000000270e+00;-9.720978773850339483e-01;-2.691383060072478628e-01;-2.914715917739787301e+02;-7.885687845583750288e+01
4.556000000000000050e+00;-9.732034183718833997e-01;-2.507707824021656595e-01;-2.930725624278983332e+02;-7.244618134740446180e+01
4.557999999999999829e+00;-9.805952352344325940e-01;-2.286422566715411442e-01;-2.944661123587708857e+02;-6.612317772516749415e+01
4.559999999999999609e+00;-9.815494603721035549e-01;-2.078345345583885728e-01;-2.957271136701632486e+02;-5.942622407154891562e+01
4.562000000000000277e+00;-9.875914402086374277e-01;-1.852748597037622569e-01;-2.967389507039889054e+02;-5.319609113064957739e+01
4.564000000000000057e+00;-9.895751099715834886e-01;-1.652303354742636898e-01;-2.976991038295225280e+02;-4.673198680419899631e+01
4.565999999999999837e+00;-9.921286545268269697e-01;-1.434418798973507714e-01;-2.985529973759876157e+02;-4.019713209159605327e+01
4.567999999999999616e+00;-9.904447508025293612e-01;-1.233220778239469129e-01;-2.991997285141506495e+02;-3.362316632272884220e+01
4.570000000000000284e+00;-9.931496489050735121e-01;-1.014836643840806713e-01;-2.996176564080577123e+02;-2.698381931174345283e+01
4.572000000000000064e+00;-9.958804589858731848e-01;-8.083912361474412944e-02;-2.998606279727197261e+02;-2.057713817957102620e+01
4.573999999999999844e+00;-9.931061057948671333e-01;-5.875736090847458876e-02;-3.002000331734989800e+02;-1.378839511843804289e+01
4.575999999999999623e+00;-9.965741570565423979e-01;-3.814359973424143180e-02;-3.000490218115495509e+02;-7.539553491760047521e+00
4.578000000000000291e+00;-9.962769532252501170e-01;-1.596382764505980059e-02;-3.002090043526246745e+02;-1.028421808490772360e+00
4.580000000000000071e+00;-9.950514824484116838e-01;5.485477779259255102e-03;-3.002104992940212469e+02;5.984315222393513878e+00
4.581999999999999851e+00;-9.939725591164982887e-01;3.014584130647023422e-02;-2.998912797070819920e+02;1.257430123903674613e+01
4.583999999999999631e+00;-9.940859652820843717e-01;5.169563913745830325e-02;-2.994165449061874256e+02;1.898079658903767353e+01
4.586000000000000298e+00;-9.932385850628996371e-01;7.309688414697987358e-02;-2.987630951920476718e+02;2.542804018426473078e+01
4.588000000000000078e+00;-9.885678984107487688e-01;9.451552253971595707e-02;-2.979802532894451588e+02;3.205673050496302778e+01
4.589999999999999858e+00;-9.873179337301891678e-01;1.171941634767343920e-01;-2.972369837381776847e+02;3.862366099867307412e+01
4.591999999999999638e+00;-9.801288624473614153e-01;1.372722861136520811e-01;-2.962005153747492727e+02;4.523113130988912900e+01
4.594000000000000306e+00;-9.800823375556625416e-01;1.579920702164581692e-01;-2.948812228866132727e+02;5.143197015450734000e+01
4.596000000000000085e+00;-9.778876693391893582e-01;1.796638000221736919e-01;-2.934682809811542370e+02;5.793440510290550804e+01
4.597999999999999865e+00;-9.718791796378007941e-01;2.009878697704653716e-01;-2.920611371045579858e+02;6.432665561318717096e+01
4.599999999999999645e+00;-9.654900163960246084e-01;2.201179111571517077e-01;-2.905917146190200810e+02;7.101881995894972022e+01
4.602000000000000313e+00;-9.590198254103974307e-01;2.402580545094715192e-01;-2.887965790375836832e+02;7.717246013002925054e+01
4.604000000000000092e+00;-9.542618419832298304e-01;2.631023669948376331e-01;-2.870348296511021999e+02;8.343024089064174120e+01
4.605999999999999872e+00;-9.502202493580664822e-01;2.839892934807535796e-01;-2.850287917173158689e+02;8.954000706362747053e+01
4.607999999999999652e+00;-9.398291080317433543e-01;3.041402690786291774e-01;-2.829527448433706240e+02;9.595390873385360919e+01
4.610000000000000320e+00;-9.356694466414159361e-01;3.255745128525796006e-01;-2.807145976112817038e+02;1.022768421697504095e+02
4.612000000000000099e+00;-9.266751877496423040e-01;3.470882938431462117e-01;-2.782835107363370071e+02;1.080560049462496863e+02
4.613999999999999879e+00;-9.178953847740055627e-01;3.673810429125336507e-01;-2.757860029394547610e+02;1.144639677345836901e+02
4.615999999999999659e+00;-9.114497824159487616e-01;3.885670087355369007e-01;-2.730924010633249281e+02;1.203920569451924365e+02
4.618000000000000327e+00;-8.977984776874720074e-01;4.065056148590856511e-01;-2.704948748158228113e+02;1.263877817911684645e+02
4.620000000000000107e+00;-8.894006471470102815e-01;4.263460924631868321e-01;-2.675512091279543938e+02;1.323653085310041888e+02
4.621999999999999886e+00;-8.801008869382205280e-01;4.472025398746185543e-01;-2.644088733879162874e+02;1.382254404466471840e+02
4.623999999999999666e+00;-8.718524600840792393e-01;4.662028459471955766e-01;-2.612215022838680625e+02;1.438238378733837521e+02
4.626000000000000334e+00;-8.611275811615231035e-01;4.871460257957153095e-01;-2.578450163865418858e+02;1.493740095115958297e+02
4.628000000000000114e+00;-8.479690449412673470e-01;5.056460923505571303e-01;-2.544308885000085070e+02;1.552395269202408485e+02
4.629999999999999893e+00;-8.369633384364328910e-01;5.241798601197042995e-01;-2.510413885436588259e+02;1.608868756650375360e+02
4.631999999999999673e+00;-8.263335413264811802e-01;5.454736498062339178e-01;-2.472816229078673587e+02;1.662613306677779974e+02
4.634000000000000341e+00;-8.081425197418052875e-01;5.615087757491975529e-01;-2.434757580894737146e+02;1.718322552095824278e+02
4.636000000000000121e+00;-7.975465905450642712e-01;5.799024208202776531e-01;-2.396838574973209290e+02;1.771160599727466831e+02
4.637999999999999901e+00;-7.868970713250192928e-01;5.983285716045690927e-01;-2.357030978212023342e+02;1.822329603587517397e+02
4.639999999999999680e+00;-7.703024369353219658e-01;6.153746129736415993e-01;-2.318241848479589464e+02;1.875319389991454386e+02
4.642000000000000348e+00;-7.583682107074414258e-01;6.346170007906645205e-01;-2.274104476974114846e+02;1.925642271660854590e+02
4.644000000000000128e+00;-7.447592119333255045e-01;6.522145282777599418e-01;-2.231871793564918391e+02;1.973329541760828931e+02
4.645999999999999908e+00;-7.282721566773078248e-01;6.687329631989056278e-01;-2.184519242240580184e+02;2.022724320983933808e+02
4.647999999999999687e+00;-7.127590309557365611e-01;6.854545047132509783e-01;-2.141035808288887097e+02;2.070264266098267285e+02
4.650000000000000355e+00;-6.972027668010866153e-01;7.018564435723606554e-01;-2.095598476475738039e+02;2.119323052994433567e+02
4.652000000000000135e+00;-6.835877336339512000e-01;7.192298702371388019e-01;-2.048191103650044624e+02;2.164076770304446597e+02
4.653999999999999915e+00;-6.654384581866803483e-01;7.342014714526914343e-01;-2.000747799575749184e+02;2.209412714303537086e+02
4.655999999999999694e+00;-6.483431541207786974e-01;7.499057841000072999e-01;-1.949984550465261179e+02;2.252776153929137877e+02
4.658000000000000362e+00;-6.328946435836614315e-01;7.655560148617246430e-01;-1.899169340465591915e+02;2.295306423325402534e+02
4.660000000000000142e+00;-6.116289581483644877e-01;7.779378488599059116e-01;-1.850744691529708632e+02;2.338239446271120983e+02
4.661999999999999922e+00;-5.971109919888707429e-01;7.938045599610361602e-01;-1.798206441383539982e+02;2.378228190955182129e+02
4.663999999999999702e+00;-5.775340096875866136e-01;8.056369236214659946e-01;-1.743987590547794468e+02;2.416883799779967887e+02
4.666000000000000369e+00;-5.544184800976530436e-01;8.181592980350538280e-01;-1.692515633057135460e+02;2.458015712737885110e+02
4.668000000000000149e+00;-5.364013623154492150e-01;8.309827410960929361e-01;-1.637107503508746333e+02;2.492262815612020290e+02
4.669999999999999929e+00;-5.207858952868231750e-01;8.429699384580299215e-01;-1.581391600946424489e+02;2.527932150528856710e+02
4.671999999999999709e+00;-5.043003905055478686e-01;8.563275136770736040e-01;-1.524378911762489679e+02;2.563182898044231592e+02
4.674000000000000377e+00;-4.835893927028055428e-01;8.687579015204487387e-01;-1.470630104974208336e+02;2.595951473195571566e+02
4.676000000000000156e+00;-4.608690428576752707e-01;8.768313764580982772e-01;-1.410843152878647118e+02;2.629057883195083036e+02
4.677999999999999936e+00;-4.443304595697553649e-01;8.885964504992726054e-01;-1.352372665231340818e+02;2.657179543514046145e+02
4.679999999999999716e+00;-4.255919675290561477e-01;8.999017089623452259e-01;-1.296005567219967247e+02;2.689055598584386644e+02
4.682000000000000384e+00;-4.003309121733127363e-01;9.068273045577566194e-01;-1.235252685586289800e+02;2.719730061032511230e+02
4.684000000000000163e+00;-3.812743517652804615e-01;9.157120392966676681e-01;-1.175138238224926681e+02;2.746379550510217200e+02
4.685999999999999943e+00;-3.579078136419902023e-01;9.228021890206570266e-01;-1.113834110282652716e+02;2.772666115444216075e+02
4.687999999999999723e+00;-3.387028506018643359e-01;9.318113630251667612e-01;-1.054281468741026373e+02;2.796536193384073385e+02
4.690000000000000391e+00;-3.201852517365436634e-01;9.400723756937680031e-01;-9.928219890915913481e+01;2.819110742837350472e+02
4.692000000000000171e+00;-3.001923065686063485e-01;9.489271645784146392e-01;-9.301588529230406266e+01;2.840980218585672219e+02
4.693999999999999950e+00;-2.776159726797127747e-01;9.556512709480842194e-01;-8.700290297307108744e+01;2.862145007815159943e+02
4.695999999999999730e+00;-2.578049419370934681e-01;9.608698573891756300e-01;-8.042189034059683195e+01;2.881642242419285367e+02
4.698000000000000398e+00;-2.399096884053749101e-01;9.685157026066116837e-01;-7.413596826878503521e+01;2.896995054136860972e+02
4.700000000000000178e+00;-2.153475378750364655e-01;9.721587551935699789e-01;-6.781239803061444604e+01;2.916614646940258240e+02
4.701999999999999957e+00;-1.961883398430143977e-01;9.762848958759449136e-01;-6.140056433732386409e+01;2.931284890437036097e+02
4.703999999999999737e+00;-1.716049612972805893e-01;9.800664388913207237e-01;-5.500041238812366373e+01;2.943342272138178259e+02
4.706000000000000405e+00;-1.506386206298466202e-01;9.833446543339394719e-01;-4.857268255502091847e+01;2.955973121104925099e+02
4.708000000000000185e+00;-1.303484157330134230e-01;9.866720655378188320e-01;-4.210157311877715358e+01;2.967431731714478360e+02
4.709999999999999964e+00;-1.123538668527890722e-01;9.909397262506154380e-01;-3.558110978811912872e+01;2.976189239532571946e+02
4.711999999999999744e+00;-8.757402340483302905e-02;9.921786887166528235e-01;-2.897505869128655220e+01;2.984774621059062270e+02
4.714000000000000412e+00;-6.357309432017600737e-02;9.933907856312078621e-01;-2.245152038238816061e+01;2.992031894862432750e+02
4.716000000000000192e+00;-4.244673466821077129e-02;9.956288239464428091e-01;-1.609231504828912662e+01;2.998505734265453384e+02
4.717999999999999972e+00;-2.288442194416402675e-02;9.984200312516688935e-01;-9.593307847442471115e+00;3.001846940681376736e+02
4.719999999999999751e+00;3.489840194817863360e-03;9.983445766525840259e-01;-3.096112461299186602e+00;3.006172503578063697e+02
4.722000000000000419e+00;2.500294710162141026e-02;9.966303683376083189e-01;3.979540676442338221e+00;3.004390094404294587e+02
4.724000000000000199e+00;4.766557900041344664e-02;9.962744712599190811e-01;1.015503620414013497e+01;3.005516223312695843e+02
4.725999999999999979e+00;6.357483932534849225e-02;9.980632600665032550e-01;1.695263059236228642e+01;3.002115434721385441e+02
4.727999999999999758e+00;8.541123506407308219e-02;9.968032980144043709e-01;2.346432048447788787e+01;3.000474661531232528e+02
4.730000000000000426e+00;1.047495029637949271e-01;9.931016373557337573e-01;3.003197374734970282e+01;2.994694571792040847e+02
4.732000000000000206e+00;1.290737927409600361e-01;9.908753702321362322e-01;3.644751183638145164e+01;2.991226394566735962e+02
4.733999999999999986e+00;1.478823845442774343e-01;9.906677859705217415e-01;4.310332556919087210e+01;2.980224644203192383e+02
4.735999999999999766e+00;1.719388337297158287e-01;9.864270622646100772e-01;4.948666496072688403e+01;2.974145350552192326e+02
4.738000000000000433e+00;1.919704706623194257e-01;9.839119649587043659e-01;5.578803258304693458e+01;2.962493314151867594e+02
4.740000000000000213e+00;2.140270883419804204e-01;9.776996538000106707e-01;6.234142038708242950e+01;2.953406772474152149e+02
4.741999999999999993e+00;2.362034366152690468e-01;9.735563174523372831e-01;6.889046262780770746e+01;2.940521977412216756e+02
4.743999999999999773e+00;2.552236756409178575e-01;9.702800449765550672e-01;7.517444818365831338e+01;2.924181296799623624e+02
4.746000000000000441e+00;2.760493123377435465e-01;9.641966175085865398e-01;8.143740665850275207e+01;2.908928330112003096e+02
4.748000000000000220e+00;2.968252251345053216e-01;9.589416915926085583e-01;8.767473927451968052e+01;2.891748246714151946e+02
4.750000000000000000e+00;3.191247817773962270e-01;9.513604413301850471e-01;9.397391787302072430e+01;2.875335024005487981e+02
4.751999999999999780e+00;3.378506191007513704e-01;9.464225243049156910e-01;1.003582686493170399e+02;2.855866761755131620e+02
4.753999999999999559e+00;3.551925253181758002e-01;9.404536377712519046e-01;1.065310667634281998e+02;2.832476264810790099e+02
4.756000000000000227e+00;3.768646628333712778e-01;9.321575612944219547e-01;1.127217492763672624e+02;2.810799590565849257e+02
4.758000000000000007e+00;3.958304183275232480e-01;9.249007541627276563e-01;1.185931743232065827e+02;2.786752626125136203e+02
4.759999999999999787e+00;4.202361996352010354e-01;9.151807293207147032e-01;1.244650996116215538e+02;2.763732594840143975e+02
4.762000000000000455e+00;4.364224169822431554e-01;9.064761325183141594e-01;1.307474396380573580e+02;2.735053848325577519e+02
4.764000000000000234e+00;4.552576539825367030e-01;8.975023038285240284e-01;1.366314194408980427e+02;2.706661373151531507e+02
4.766000000000000014e+00;4.745270192152332700e-01;8.879449554547240719e-01;1.423108906869800876e+02;2.676642304204700622e+02
4.767999999999999794e+00;4.956364343993043819e-01;8.768975163190807498e-01;1.482527103688714192e+02;2.648224778279154634e+02
4.769999999999999574e+00;5.147735183477905041e-01;8.661403170327769407e-01;1.537710056160642580e+02;2.617088527290271713e+02
4.772000000000000242e+00;5.310459782941241436e-01;8.550565884632833624e-01;1.596229172224647925e+02;2.584667964599003085e+02
4.774000000000000021e+00;5.499130222391490630e-01;8.434058522393639290e-01;1.649830943195998998e+02;2.551126754115168751e+02
4.775999999999999801e+00;5.691695276225929856e-01;8.324379787214845061e-01;1.703616904818302942e+02;2.517721321773927343e+02
4.778000000000000469e+00;5.882360663284363911e-01;8.198181648545681544e-01;1.759126449972054047e+02;2.478885000426864735e+02
4.780000000000000249e+00;6.057285852357423561e-01;8.067004503195395193e-01;1.811512211635844949e+02;2.442599787936090650e+02
4.782000000000000028e+00;6.205246683718601552e-01;7.947121624910211679e-01;1.864772207737539134e+02;2.404278893488259712e+02
4.783999999999999808e+00;6.383599854972227261e-01;7.821762861139489598e-01;1.915564180893883020e+02;2.365194030004163324e+02
4.785999999999999588e+00;6.542832286219109061e-01;7.678958998213005760e-01;1.967327319899751501e+02;2.322723819105892744e+02
4.788000000000000256e+00;6.688909299150028742e-01;7.533203837931268243e-01;2.018124906906968761e+02;2.280064600904282202e+02
4.790000000000000036e+00;6.844120226754347724e-01;7.409680337555597518e-01;2.064861287102205551e+02;2.238325240409725723e+02
4.791999999999999815e+00;7.048743121088811847e-01;7.228611988279084466e-01;2.111857376213764041e+02;2.197836099421229790e+02
4.793999999999999595e+00;7.173305613705677208e-01;7.089275057851388562e-01;2.161427281700733545e+02;2.149297239272329989e+02
4.796000000000000263e+00;7.294260834380921210e-01;6.929155478594705153e-01;2.206640968319951241e+02;2.100972315872694196e+02
4.798000000000000043e+00;7.487451431436148441e-01;6.754289041651352354e-01;2.250460079480070874e+02;2.057068015892182302e+02
4.799999999999999822e+00;7.604684625715785184e-01;6.612508829170791191e-01;2.292346597218590318e+02;2.007987976937621966e+02
4.801999999999999602e+00;7.750562722256357784e-01;6.431445807569950990e-01;2.336835809772377104e+02;1.958897569478540106e+02
4.804000000000000270e+00;7.886040397332072516e-01;6.284449883397399406e-01;2.377561269355681759e+02;1.908168927256719769e+02
4.806000000000000050e+00;7.998616876064245096e-01;6.124331085436323097e-01;2.417591309082852149e+02;1.855778665988682121e+02
4.807999999999999829e+00;8.131434543605744469e-01;5.940543488403512429e-01;2.459728243851736238e+02;1.806237637994502165e+02
4.809999999999999609e+00;8.268123734995176388e-01;5.763799795728817843e-01;2.496232430116466219e+02;1.755275763271490348e+02
4.812000000000000277e+00;8.383514025988896279e-01;5.587317843081087698e-01;2.533627048557064541e+02;1.701616178435884308e+02
4.814000000000000057e+00;8.502576637098029355e-01;5.405376636915325550e-01;2.568664733311028954e+02;1.645753450381345715e+02
4.815999999999999837e+00;8.592671355892689267e-01;5.226516942282763978e-01;2.603168056848847982e+02;1.592118680550413785e+02
4.817999999999999616e+00;8.709471008152576132e-01;5.042990655578832859e-01;2.638091907116967150e+02;1.537174597968676721e+02
4.820000000000000284e+00;8.792529422899280078e-01;4.875132496342310939e-01;2.671207005396686327e+02;1.478043367938997221e+02
4.822000000000000064e+00;8.925491350915049082e-01;4.660961355914493010e-01;2.701672229978793212e+02;1.423410915381575137e+02
4.823999999999999844e+00;9.007425261301367225e-01;4.480379728546095564e-01;2.732642151611486270e+02;1.364177339106679199e+02
4.825999999999999623e+00;9.067825577621633215e-01;4.303658220694502323e-01;2.760197978589122840e+02;1.306332676796053249e+02
4.828000000000000291e+00;9.184461187067094468e-01;4.100661943858096015e-01;2.788639403780272801e+02;1.246216307133931451e+02
4.830000000000000071e+00;9.261005063673248827e-01;3.906797273931658099e-01;2.813655298861077085e+02;1.189302326326235288e+02
4.831999999999999851e+00;9.331853229089970281e-01;3.715019840534913853e-01;2.838805990341064671e+02;1.126635029175420470e+02
4.833999999999999631e+00;9.406991609661959908e-01;3.523819595868940557e-01;2.861710145848015827e+02;1.065967932293279716e+02
4.836000000000000298e+00;9.518470889768824161e-01;3.295278133463138137e-01;2.885769078412990893e+02;1.006602601132336190e+02
4.838000000000000078e+00;9.539027937900523835e-01;3.119054872397285516e-01;2.907746669038828031e+02;9.443945986929489322e+01
4.839999999999999858e+00;9.580636107456319550e-01;2.936411418104153959e-01;2.927332538172810246e+02;8.813074423448844641e+01
4.841999999999999638e+00;9.634169736387383498e-01;2.746190341825804904e-01;2.943070844481308086e+02;8.192227588764428958e+01
4.844000000000000306e+00;9.700314782059104024e-01;2.526212289005921319e-01;2.960664475009401713e+02;7.565008641910748111e+01
4.846000000000000085e+00;9.740847697288759210e-01;2.339419291690484903e-01;2.976946722018461173e+02;6.935108726368810039e+01
4.847999999999999865e+00;9.783587674313574123e-01;2.143321835639344641e-01;2.992252815245615238e+02;6.277547616270432940e+01
4.849999999999999645e+00;9.816416883371811286e-01;1.929143726471583831e-01;3.005914559294413948e+02;5.645841799797149463e+01
4.852000000000000313e+00;9.832603911393679175e-01;1.737083090435470045e-01;3.015934691056342558e+02;4.979559182041167986e+01
4.854000000000000092e+00;9.885107646692761207e-01;1.534278069232068997e-01;3.026317697730018494e+02;4.364062657108244991e+01
4.855999999999999872e+00;9.909639812011359350e-01;1.326984435618346336e-01;3.036669655478993377e+02;3.712796677259158429e+01
4.857999999999999652e+00;9.936737796038361825e-01;1.138054722391576290e-01;3.044711260280815281e+02;3.057231392747515741e+01
4.860000000000000320e+00;9.950525026810694840e-01;9.424540891729431269e-02;3.052106252971076401e+02;2.428311350834247051e+01
4.862000000000000099e+00;9.965566253655137041e-01;7.477941686139370769e-02;3.054155316652799002e+02;1.773652243231190084e+01
4.863999999999999879e+00;9.979436342741430099e-01;5.178569604820854044e-02;3.059767806536892749e+02;1.107262414578497101e+01
4.865999999999999659e+00;9.994915330836919853e-01;3.020392008727320124e-02;3.062826298141743564e+02;4.694946694622187167e+00
4.868000000000000327e+00;9.976501979386446228e-01;9.247162341885268103e-03;3.063917529948796528e+02;-2.049031359206029190e+00
4.870000000000000107e+00;9.967287777781018709e-01;-1.033310352670958193e-02;3.061534615900729364e+02;-8.640632066464110750e+00
4.871999999999999886e+00;9.972150055903432619e-01;-3.041278803468335651e-02;3.060539864405792514e+02;-1.519495692167617129e+01
4.873999999999999666e+00;9.992540178606740264e-01;-5.242241236393402337e-02;3.057340228127144997e+02;-2.149671180669589177e+01
4.876000000000000334e+00;9.959697054085779877e-01;-7.161552292034649436e-02;3.052418046622748307e+02;-2.809066937592619340e+01
4.878000000000000114e+00;9.905415741912803052e-01;-8.940976109024709184e-02;3.044518249685589240e+02;-3.469229078386580056e+01
4.879999999999999893e+00;9.903268744535329571e-01;-1.088134701799066822e-01;3.036068194305078691e+02;-4.115254839557046296e+01
4.881999999999999673e+00;9.903440096128461878e-01;-1.324038964361698711e-01;3.029280813405054005e+02;-4.755039546629753744e+01
4.884000000000000341e+00;9.880113080032011386e-01;-1.511001329469787713e-01;3.018846254946485033e+02;-5.371730490560972981e+01
4.886000000000000121e+00;9.825272095619261847e-01;-1.699115155128191335e-01;3.010089154291741806e+02;-6.037600381442682362e+01
4.887999999999999901e+00;9.778690943342830399e-01;-1.892855515033087244e-01;2.996613769278363861e+02;-6.694349556916276356e+01
4.889999999999999680e+00;9.733198069974869915e-01;-2.096010246165369573e-01;2.981813785217457280e+02;-7.327990494985129999e+01
4.892000000000000348e+00;9.751817674620456566e-01;-2.325102898401703866e-01;2.965547191862208365e+02;-7.915905245049076200e+01
4.894000000000000128e+00;9.653998773271400546e-01;-2.496015203174651587e-01;2.945865784647240844e+02;-8.567002944082733507e+01
4.895999999999999908e+00;9.596428481021845869e-01;-2.682994815336102734e-01;2.928826953394996622e+02;-9.191833487302280048e+01
4.897999999999999687e+00;9.541373547582084891e-01;-2.885704073962082061e-01;2.910185931313815786e+02;-9.825784807555967859e+01
4.900000000000000355e+00;9.498601287776352597e-01;-3.089231417283592740e-01;2.889108776530050591e+02;-1.044931870738181772e+02
4.902000000000000135e+00;9.430630913402959781e-01;-3.291873707946679217e-01;2.869217142039240684e+02;-1.102804497494391143e+02
4.903999999999999915e+00;9.327309741700492429e-01;-3.489135945128670757e-01;2.844141870086712061e+02;-1.166641230099374269e+02
4.905999999999999694e+00;9.266061814139361363e-01;-3.681402760049184986e-01;2.820816388323711408e+02;-1.225441965311711527e+02
4.908000000000000362e+00;9.183170479777734707e-01;-3.873025212658830485e-01;2.793255911551522672e+02;-1.285294961649987613e+02
4.910000000000000142e+00;9.105335908188691985e-01;-4.051091556513469749e-01;2.765098994347285952e+02;-1.343003283616135946e+02
4.911999999999999922e+00;9.031448398386588972e-01;-4.248091495294137876e-01;2.737320829585980846e+02;-1.401417940942042719e+02
4.913999999999999702e+00;8.958788249051048425e-01;-4.424016670138004592e-01;2.705242314881148786e+02;-1.455228815564879596e+02
4.916000000000000369e+00;8.867284632892890039e-01;-4.628883595201843670e-01;2.676858017622420221e+02;-1.516119068412716899e+02
4.918000000000000149e+00;8.754042963074313288e-01;-4.808496880808273422e-01;2.643342133596592021e+02;-1.572653314486319118e+02
4.919999999999999929e+00;8.632405592024621210e-01;-4.990464971840210540e-01;2.610203104934375915e+02;-1.628377999058631644e+02
4.921999999999999709e+00;8.535057246441638545e-01;-5.177509242304967341e-01;2.575396192786048459e+02;-1.683308922284861069e+02
4.924000000000000377e+00;8.397931457218830165e-01;-5.355362370073869505e-01;2.540614702143568593e+02;-1.736696925500760926e+02
4.926000000000000156e+00;8.291575872381793388e-01;-5.534373951358888544e-01;2.503304590342712288e+02;-1.790003074061282007e+02
4.927999999999999936e+00;8.165608472541601159e-01;-5.698384337169860592e-01;2.464853335158065022e+02;-1.842718154529011372e+02
4.929999999999999716e+00;8.068089484700446956e-01;-5.896455238196810500e-01;2.426791186838963768e+02;-1.892926280434488433e+02
4.932000000000000384e+00;7.916450061142001893e-01;-6.041052207126960116e-01;2.383676896248352364e+02;-1.941983625733751921e+02
4.934000000000000163e+00;7.796564596401064362e-01;-6.218490515250449935e-01;2.343619560392404821e+02;-1.995245276477380116e+02
4.935999999999999943e+00;7.664039268502860214e-01;-6.396693818313241575e-01;2.301848873613822946e+02;-2.042322679106047758e+02
4.937999999999999723e+00;7.547880475576208559e-01;-6.570297593720282325e-01;2.256425409981873145e+02;-2.089551452790321378e+02
4.940000000000000391e+00;7.368792194045394872e-01;-6.722138638796186783e-01;2.212496552403614203e+02;-2.137513921366573300e+02
4.942000000000000171e+00;7.235030272941879170e-01;-6.891546370259847842e-01;2.167314826794828946e+02;-2.183273590376253992e+02
4.943999999999999950e+00;7.068387485648575108e-01;-7.025922307318346327e-01;2.119680893052581325e+02;-2.228855966309683367e+02
4.945999999999999730e+00;6.915755815388833216e-01;-7.189588058953753080e-01;2.071023410659828130e+02;-2.272961666391314282e+02
4.948000000000000398e+00;6.790298072780431848e-01;-7.341483068106058330e-01;2.021814715681329631e+02;-2.312524397690988280e+02
4.950000000000000178e+00;6.533021436612960198e-01;-7.460065897292456061e-01;1.973854399732661307e+02;-2.358874321327695611e+02
4.951999999999999957e+00;6.393172365602823870e-01;-7.614121070996504592e-01;1.921178347892068530e+02;-2.398175638934281437e+02
4.953999999999999737e+00;6.244622710016480838e-01;-7.743664736603991239e-01;1.871769759544414455e+02;-2.436981783666099091e+02
4.956000000000000405e+00;6.055220635832472276e-01;-7.877391206486129560e-01;1.818625254602729626e+02;-2.475971238291389795e+02
4.958000000000000185e+00;5.917386178968067068e-01;-8.027573375192152971e-01;1.764108249769930410e+02;-2.510790994662182243e+02
4.959999999999999964e+00;5.727357797713839016e-01;-8.155276631412202715e-01;1.711351652414488171e+02;-2.549119249824474593e+02
4.961999999999999744e+00;5.539699709714480669e-01;-8.266492431937345620e-01;1.655891585597296398e+02;-2.585462644044235390e+02
4.964000000000000412e+00;5.396840660941799594e-01;-8.410135867156611766e-01;1.600441494518752847e+02;-2.618206871426291968e+02
4.966000000000000192e+00;5.214044457873707739e-01;-8.525311487411322275e-01;1.544444960260321125e+02;-2.650012155615206098e+02
4.967999999999999972e+00;5.004601803135447780e-01;-8.622781500776219854e-01;1.487736022323822453e+02;-2.682025992087397981e+02
4.969999999999999751e+00;4.787011775197679286e-01;-8.720571591673828005e-01;1.430164558712174028e+02;-2.711493836185451300e+02
4.972000000000000419e+00;4.628804643545745279e-01;-8.829720441291982747e-01;1.371458962509030926e+02;-2.740851150738498632e+02
4.974000000000000199e+00;4.424935072299877592e-01;-8.931652423103783045e-01;1.312032999350604712e+02;-2.770261120684629645e+02
4.975999999999999979e+00;4.228293711336422733e-01;-9.027469844873123872e-01;1.251668511085307784e+02;-2.795417593600872124e+02
4.977999999999999758e+00;4.040677548575478117e-01;-9.121609719301302377e-01;1.190523339383828443e+02;-2.820613718173707412e+02
4.980000000000000426e+00;3.807198677831720168e-01;-9.179666414455331935e-01;1.130113642441031487e+02;-2.846518423269508276e+02
4.982000000000000206e+00;3.644565556060098133e-01;-9.286088989373402214e-01;1.067943718395482335e+02;-2.867311189947951107e+02
4.983999999999999986e+00;3.455522241490358026e-01;-9.366856917386847670e-01;1.007076497358587801e+02;-2.888063261719989896e+02
4.985999999999999766e+00;3.194778769349572167e-01;-9.427514865195835148e-01;9.449326267922621980e+01;-2.909636700918451879e+02
4.987999999999999545e+00;2.999336075750631547e-01;-9.493709045699730842e-01;8.822362797632182208e+01;-2.927602923150586207e+02
4.990000000000000213e+00;2.810890642913420612e-01;-9.565898049631782474e-01;8.161034808096415816e+01;-2.944571083941011125e+02
4.991999999999999993e+00;2.597317936970772734e-01;-9.613469790609467935e-01;7.549095343798644819e+01;-2.961135824044916944e+02
4.993999999999999773e+00;2.431661890514194846e-01;-9.685250136419096822e-01;6.877485795513187838e+01;-2.972982152152761159e+02
4.996000000000000441e+00;2.191474734733485641e-01;-9.730805613415624000e-01;6.243135463889342418e+01;-2.989520690148505651e+02
4.998000000000000220e+00;1.972547839917222767e-01;-9.770615940163061008e-01;5.597246050168055120e+01;-2.999908953428594032e+02
5.000000000000000000e+00;1.753356627256200950e-01;-9.811553060151437800e-01;4.950858832598920856e+01;-3.010377925430236701e+02
5.001999999999999780e+00;1.538507323987618469e-01;-9.847215145070358222e-01;4.302242329978379587e+01;-3.021759189309539124e+02
5.003999999999999559e+00;1.337336274885806697e-01;-9.891903479075508931e-01;3.650876769097060048e+01;-3.029212420120506408e+02
5.006000000000000227e+00;1.120542093940940925e-01;-9.928361613308884781e-01;3.003499666826685299e+01;-3.035603758977237021e+02
5.008000000000000007e+00;9.307343416202300268e-02;-9.954090297062853088e-01;2.332589032176357691e+01;-3.040228146193879866e+02
5.009999999999999787e+00;7.476264756701678227e-02;-9.976562674819444698e-01;1.642155544738062289e+01;-3.040814526947805234e+02
5.011999999999999567e+00;5.338591763123186340e-02;-9.990211192196373213e-01;9.988590976707685698e+00;-3.044741010810328703e+02
5.014000000000000234e+00;2.812642396547447229e-02;-9.998408234563316288e-01;3.586083398131072464e+00;-3.048229445670054929e+02
5.016000000000000014e+00;9.194949627915668250e-03;-1.001255203036517383e+00;-2.958389407517086234e+00;-3.046002796925425855e+02
5.017999999999999794e+00;-1.615630611231918395e-02;-1.001469830306745745e+00;-9.861196919966062069e+00;-3.044458937149263420e+02
5.019999999999999574e+00;-3.783920315625925734e-02;-1.001872374199648252e+00;-1.636323701200985070e+01;-3.040035156150837565e+02
5.022000000000000242e+00;-5.839718675494300765e-02;-9.999041213438101261e-01;-2.304938270208169726e+01;-3.036405430885000669e+02
5.024000000000000021e+00;-7.831352744741394700e-02;-1.000594677351147599e+00;-2.965238963343525569e+01;-3.029828568939519187e+02
5.025999999999999801e+00;-1.010542254211553442e-01;-9.989392549345431638e-01;-3.616837965829050461e+01;-3.021417661477472620e+02
5.027999999999999581e+00;-1.252466252536683089e-01;-9.954906753293591981e-01;-4.260331728076624813e+01;-3.015278066872216982e+02
5.030000000000000249e+00;-1.450960861373113142e-01;-9.930565145125107573e-01;-4.917505748934883769e+01;-3.005336612095038049e+02
5.032000000000000028e+00;-1.654168215565991473e-01;-9.903555988034034030e-01;-5.549379205921594860e+01;-2.994651727516674100e+02
5.033999999999999808e+00;-1.839251029547792626e-01;-9.878279519793119468e-01;-6.205129993585874359e+01;-2.979131476086756152e+02
5.035999999999999588e+00;-2.075484956675738568e-01;-9.852160052761282927e-01;-6.854253450050472907e+01;-2.964329632560971959e+02
5.038000000000000256e+00;-2.281732755471105045e-01;-9.810142727565553944e-01;-7.494093862087144942e+01;-2.949028155460335370e+02
5.040000000000000036e+00;-2.489715428334426384e-01;-9.754528843184747666e-01;-8.129486299243470171e+01;-2.932692218377036966e+02
5.041999999999999815e+00;-2.693972526712913318e-01;-9.718047748284789344e-01;-8.768289863269816919e+01;-2.915588570502017092e+02
5.043999999999999595e+00;-2.874563753929413323e-01;-9.677138018154558541e-01;-9.401797670753664704e+01;-2.895502534243074706e+02
5.046000000000000263e+00;-3.113112551380323167e-01;-9.608757549898656602e-01;-1.001752610369621692e+02;-2.876126824450463459e+02
5.048000000000000043e+00;-3.316050594919975891e-01;-9.544809607267973339e-01;-1.063089807604843173e+02;-2.852042133393416634e+02
5.049999999999999822e+00;-3.525679156249245105e-01;-9.476112485156636955e-01;-1.124803085612265932e+02;-2.829328476616231001e+02
5.051999999999999602e+00;-3.703590733930239298e-01;-9.409613624081856198e-01;-1.185100156113564509e+02;-2.802096469084727914e+02
5.054000000000000270e+00;-3.932747804033114858e-01;-9.338654978874447732e-01;-1.243807134039632558e+02;-2.780615921741078864e+02
5.056000000000000050e+00;-4.138024534044512093e-01;-9.266464455773192332e-01;-1.303054929866697194e+02;-2.753276616530646947e+02
5.057999999999999829e+00;-4.327458244818059852e-01;-9.162822971289529272e-01;-1.361973721443276020e+02;-2.722716601210042313e+02
5.059999999999999609e+00;-4.539749444001682233e-01;-9.069496818066697941e-01;-1.422262396593297638e+02;-2.692439813228963317e+02
5.062000000000000277e+00;-4.719202634477600578e-01;-8.990628751630140858e-01;-1.481253931112478597e+02;-2.661932680519782934e+02
5.064000000000000057e+00;-4.916126975195691529e-01;-8.882065510449341783e-01;-1.536555521561990361e+02;-2.629117232649638822e+02
5.065999999999999837e+00;-5.132427842209674740e-01;-8.779686491767184631e-01;-1.593716236760262177e+02;-2.597038782521768780e+02
5.067999999999999616e+00;-5.312884127398584955e-01;-8.673696553164615963e-01;-1.647701423186894658e+02;-2.563194390962697753e+02
5.070000000000000284e+00;-5.490885735015316182e-01;-8.569582960391176618e-01;-1.702985946290964705e+02;-2.525130784437023408e+02
5.072000000000000064e+00;-5.683951991344980970e-01;-8.459342992686350593e-01;-1.755639420060921907e+02;-2.490545739768803628e+02
5.073999999999999844e+00;-5.874973913926677671e-01;-8.318409144484613105e-01;-1.808000566090807411e+02;-2.451560215659653181e+02
5.075999999999999623e+00;-6.042771536654510944e-01;-8.182989442102679423e-01;-1.860822548765533782e+02;-2.410885916094735819e+02
5.078000000000000291e+00;-6.232088094291590163e-01;-8.075465818545165542e-01;-1.911655928420829866e+02;-2.369573620959819493e+02
5.080000000000000071e+00;-6.423184985277106129e-01;-7.935869775592860886e-01;-1.960448662718380604e+02;-2.329585339794291485e+02
5.081999999999999851e+00;-6.538073816977553188e-01;-7.802477076592074789e-01;-2.009928770864396199e+02;-2.285272031888605966e+02
5.083999999999999631e+00;-6.730017673743933226e-01;-7.659713708724786851e-01;-2.058144954775035842e+02;-2.243947669789028510e+02
5.086000000000000298e+00;-6.869478165842324291e-01;-7.525021787988447342e-01;-2.105459219348760485e+02;-2.198182715044279121e+02
5.088000000000000078e+00;-7.011855739763308559e-01;-7.377824664411121169e-01;-2.150991619331730931e+02;-2.151194705451628693e+02
5.089999999999999858e+00;-7.213281511282808589e-01;-7.203509679716633141e-01;-2.198429300323989537e+02;-2.104910168025724033e+02
5.091999999999999638e+00;-7.352314026256321355e-01;-7.056268722496590318e-01;-2.241491053628353711e+02;-2.057244710449342620e+02
5.094000000000000306e+00;-7.525726045780134488e-01;-6.886223851743273894e-01;-2.285457638629057442e+02;-2.009341405842128552e+02
5.096000000000000085e+00;-7.690007048694716962e-01;-6.715213365357488584e-01;-2.325713498011201921e+02;-1.961432324213578795e+02
5.097999999999999865e+00;-7.807768232885154980e-01;-6.538829593941634100e-01;-2.366333834513136480e+02;-1.910427425665723717e+02
5.099999999999999645e+00;-7.974776706017401295e-01;-6.358615771228415259e-01;-2.407123127396803284e+02;-1.858330482840930813e+02
5.102000000000000313e+00;-8.070612991258538926e-01;-6.198150911339065372e-01;-2.445369690484731109e+02;-1.805912083047857379e+02
5.104000000000000092e+00;-8.212891687554593201e-01;-6.015149431396726865e-01;-2.482269145571903550e+02;-1.753688420535650039e+02
5.105999999999999872e+00;-8.332454254584625852e-01;-5.840690116725337777e-01;-2.518918494054394728e+02;-1.699571051317934405e+02
5.107999999999999652e+00;-8.458159097200288468e-01;-5.648062940450234715e-01;-2.554116930045335323e+02;-1.644876925868345836e+02
5.110000000000000320e+00;-8.560246441221253111e-01;-5.465736383943765597e-01;-2.587175402581406729e+02;-1.588736531758137573e+02
5.112000000000000099e+00;-8.676479459046564369e-01;-5.276734173524463278e-01;-2.621733018443586616e+02;-1.533931193372328607e+02
5.113999999999999879e+00;-8.776429618193146709e-01;-5.090502865615188499e-01;-2.652224644125608393e+02;-1.476179794455732974e+02
5.115999999999999659e+00;-8.914758124235524495e-01;-4.875599416438927136e-01;-2.682828778868432664e+02;-1.419441106522697567e+02
5.118000000000000327e+00;-8.993193382150332926e-01;-4.704366921770097854e-01;-2.709813015778693739e+02;-1.358682939808585957e+02
5.120000000000000107e+00;-9.099220149018790726e-01;-4.495998092453336592e-01;-2.739181470886416037e+02;-1.303589644295068695e+02
5.121999999999999886e+00;-9.173752960336022388e-01;-4.299693322276228469e-01;-2.762370033560836760e+02;-1.243410596537146091e+02
5.123999999999999666e+00;-9.242824287828890206e-01;-4.100684390220554754e-01;-2.787718638374823286e+02;-1.183127370940703997e+02
5.126000000000000334e+00;-9.326491274936457021e-01;-3.895153716059930327e-01;-2.812320551127533577e+02;-1.122035147528115715e+02
5.128000000000000114e+00;-9.420803238879325026e-01;-3.690947616098095851e-01;-2.833989804697213231e+02;-1.063618171179058862e+02
5.129999999999999893e+00;-9.476286438722650862e-01;-3.485577593379495243e-01;-2.855512929261112731e+02;-9.980909964464133566e+01
5.131999999999999673e+00;-9.556289019041808164e-01;-3.279178714578400156e-01;-2.875587455931157024e+02;-9.382978617817447287e+01
5.134000000000000341e+00;-9.633577945477094229e-01;-3.038935232341582471e-01;-2.894146949772390371e+02;-8.749392143000457622e+01
5.136000000000000121e+00;-9.673527864811545252e-01;-2.840965626478832440e-01;-2.910600942508202706e+02;-8.124782563786098422e+01
5.137999999999999901e+00;-9.709441821966215969e-01;-2.627981244213637435e-01;-2.925750910985203745e+02;-7.485934462892274155e+01
5.139999999999999680e+00;-9.758985375700806042e-01;-2.430150353955388698e-01;-2.941325140591744116e+02;-6.840664615065324483e+01
5.142000000000000348e+00;-9.812895352123977011e-01;-2.208771177099177474e-01;-2.952447203143084948e+02;-6.226724415767190379e+01
5.144000000000000128e+00;-9.825754700721128776e-01;-1.994439094265643975e-01;-2.964016843794333909e+02;-5.548773540615966482e+01
5.145999999999999908e+00;-9.835210173907078524e-01;-1.795481463666647459e-01;-2.972953063338560469e+02;-4.902693889351825618e+01
5.147999999999999687e+00;-9.904512419218782782e-01;-1.571911575284881679e-01;-2.982090564517771440e+02;-4.265860788896720379e+01
5.150000000000000355e+00;-9.957733316930597045e-01;-1.347880195689255545e-01;-2.989350605057849180e+02;-3.634673154539500217e+01
5.152000000000000135e+00;-9.949584626894634187e-01;-1.137047945717169217e-01;-2.994883155034692095e+02;-2.957522664939856583e+01
5.153999999999999915e+00;-9.924320413257043949e-01;-9.413609533485554903e-02;-3.000049142752607736e+02;-2.296936156877594470e+01
5.155999999999999694e+00;-9.982681771494291700e-01;-7.147816520192103174e-02;-3.000819155422028643e+02;-1.652171826918073094e+01
5.158000000000000362e+00;-1.000233985609909393e+00;-4.849382525694154872e-02;-3.004467301776634827e+02;-1.012553374814875795e+01
5.160000000000000142e+00;-9.999812564386996172e-01;-2.718237071145348030e-02;-3.002934796834999815e+02;-3.352628079334584843e+00
5.161999999999999922e+00;-9.982625031227343460e-01;-6.571119030974759481e-03;-3.002471305597348419e+02;3.270105610489518533e+00
5.163999999999999702e+00;-9.945566557316904976e-01;1.414757877349430773e-02;-2.998053047289897108e+02;9.972906495827272622e+00
5.166000000000000369e+00;-9.944242806091663223e-01;3.965237588459012696e-02;-2.995989649004971511e+02;1.642375350527816025e+01
5.168000000000000149e+00;-9.946240064000463343e-01;6.082644430451415035e-02;-2.989672102552608521e+02;2.286418978848241679e+01
5.169999999999999929e+00;-9.893866098291326239e-01;8.127524921918800882e-02;-2.983204645234113741e+02;2.959901180184785829e+01
5.171999999999999709e+00;-9.873653226679302009e-01;1.038167876578741655e-01;-2.975480561716964871e+02;3.614789752066290873e+01
5.174000000000000377e+00;-9.858169265032193929e-01;1.251767613836584636e-01;-2.966058389174813783e+02;4.244604656299689793e+01
5.176000000000000156e+00;-9.854484332195287966e-01;1.474690527299106491e-01;-2.952507013103471536e+02;4.892094515439367797e+01
5.177999999999999936e+00;-9.769898555201906865e-01;1.676874466147529330e-01;-2.938879194704694555e+02;5.530456069183880174e+01
5.179999999999999716e+00;-9.738509281764866632e-01;1.882730680289145808e-01;-2.927157305602488009e+02;6.196864428087095433e+01
5.182000000000000384e+00;-9.657605354408783649e-01;2.091952178968904952e-01;-2.912950279300584384e+02;6.861956543822724086e+01
5.184000000000000163e+00;-9.641640344375501659e-01;2.326061363416504213e-01;-2.894064608889880788e+02;7.476584429394326037e+01
5.185999999999999943e+00;-9.561770223776582256e-01;2.522786252500459625e-01;-2.876979562046595902e+02;8.101929258351154317e+01
5.187999999999999723e+00;-9.540148216860389052e-01;2.755650780789460907e-01;-2.858035468698854515e+02;8.712776696367292573e+01
5.190000000000000391e+00;-9.434826166319713048e-01;2.934060867811366657e-01;-2.836557884855275802e+02;9.348923961651156844e+01
5.192000000000000171e+00;-9.336327732008677938e-01;3.147345062430854101e-01;-2.815248422097660068e+02;1.001299110955063441e+02
5.193999999999999950e+00;-9.331596813972649063e-01;3.383781501568900452e-01;-2.790489876062599706e+02;1.058934991196336597e+02
5.195999999999999730e+00;-9.207441545236498825e-01;3.578331467382285802e-01;-2.767179499664910622e+02;1.120452892743985558e+02
5.198000000000000398e+00;-9.133916812349948122e-01;3.788932304448174304e-01;-2.740785002347804493e+02;1.180330988904870253e+02
5.200000000000000178e+00;-9.048786387791049046e-01;3.995355700832429746e-01;-2.713447886645614062e+02;1.239998235178167931e+02
5.201999999999999957e+00;-8.973594394703496846e-01;4.222173224424927152e-01;-2.686704410911700052e+02;1.300543937358870892e+02
5.203999999999999737e+00;-8.841965032227255827e-01;4.407371189453918037e-01;-2.654151698155123995e+02;1.359088571178612597e+02
5.206000000000000405e+00;-8.737841340240179999e-01;4.606865356039689385e-01;-2.624867936693528918e+02;1.416429044996110633e+02
5.208000000000000185e+00;-8.619464850183720106e-01;4.793285735158837602e-01;-2.592794391987557674e+02;1.475465928066947185e+02
5.209999999999999964e+00;-8.502067974256561911e-01;4.981043383296989147e-01;-2.559482261896816340e+02;1.531697773545793950e+02
5.211999999999999744e+00;-8.411745035215748567e-01;5.196227314874442005e-01;-2.524292676697593834e+02;1.586545033395682935e+02
5.214000000000000412e+00;-8.276282253188425031e-01;5.386763416972033536e-01;-2.487599782433756843e+02;1.643853370760571693e+02
5.216000000000000192e+00;-8.150179774686767686e-01;5.571753918137914985e-01;-2.451647978402621959e+02;1.698950667308492655e+02
5.217999999999999972e+00;-8.027843689288468587e-01;5.757559495342911005e-01;-2.412869731557090631e+02;1.749862860832743650e+02
5.219999999999999751e+00;-7.911175807149213313e-01;5.940952605300086065e-01;-2.373637656040945672e+02;1.803685721086076796e+02
5.222000000000000419e+00;-7.762968288832206021e-01;6.119997798569658531e-01;-2.332560570727500817e+02;1.854562992648493491e+02
5.224000000000000199e+00;-7.637307555937813408e-01;6.299898516548412264e-01;-2.289840840611100248e+02;1.904657540517968641e+02
5.225999999999999979e+00;-7.448510869570711401e-01;6.463770761509487484e-01;-2.247364554239599670e+02;1.954471853550788296e+02
5.227999999999999758e+00;-7.309969821479361807e-01;6.646087882355024012e-01;-2.204131545930121376e+02;2.004343077606396548e+02
5.230000000000000426e+00;-7.146018510742546681e-01;6.799423815100567037e-01;-2.160404938274148776e+02;2.054106298858393131e+02
5.232000000000000206e+00;-6.986245709604492760e-01;6.974191439599016773e-01;-2.112707697831827431e+02;2.099420479803082458e+02
5.233999999999999986e+00;-6.845373305903608152e-01;7.155098631689795763e-01;-2.067420608236019177e+02;2.147505978190028202e+02
5.235999999999999766e+00;-6.631491919547136682e-01;7.279655321496535381e-01;-2.017806332560286364e+02;2.192965476367607209e+02
5.238000000000000433e+00;-6.508646229608694433e-01;7.463337632411258804e-01;-1.969707108831584605e+02;2.236729489663003676e+02
5.240000000000000213e+00;-6.307595034577203608e-01;7.601121105852616244e-01;-1.920856274715968368e+02;2.281060777316495205e+02
5.241999999999999993e+00;-6.156316124410458057e-01;7.756173089469140525e-01;-1.870010515097674784e+02;2.320207701274044609e+02
5.243999999999999773e+00;-5.987355107423727452e-01;7.894588936541711011e-01;-1.817062738174493859e+02;2.359938217329474242e+02
5.246000000000000441e+00;-5.794381687663603397e-01;8.031477359102039415e-01;-1.765314891145581555e+02;2.399840078797115552e+02
5.248000000000000220e+00;-5.630367977432696458e-01;8.165518838202101559e-01;-1.712316958117861816e+02;2.438565857243540904e+02
5.250000000000000000e+00;-5.409245356318990172e-01;8.278358461711314842e-01;-1.657774029660867541e+02;2.479206780001582047e+02
5.251999999999999780e+00;-5.230580203336888667e-01;8.410143555347817657e-01;-1.603519588525114159e+02;2.514175444956348713e+02
5.253999999999999559e+00;-5.025573064884525376e-01;8.519000627689854444e-01;-1.547033182537856533e+02;2.551799801002309209e+02
5.256000000000000227e+00;-4.903755427226615393e-01;8.664756267786579702e-01;-1.490608798201166678e+02;2.582723835361366582e+02
5.258000000000000007e+00;-4.699288005874161511e-01;8.772421753399027855e-01;-1.432797681717764249e+02;2.613380036919930944e+02
5.259999999999999787e+00;-4.457410853218341518e-01;8.871248613461654164e-01;-1.376884615140645565e+02;2.647903413544376576e+02
5.262000000000000455e+00;-4.299629089126876247e-01;8.978229428498950560e-01;-1.317425015864351110e+02;2.676208775968281088e+02
5.264000000000000234e+00;-4.053497083536319323e-01;9.058856196158947549e-01;-1.259018779109428152e+02;2.707162079880183683e+02
5.266000000000000014e+00;-3.874172603695137940e-01;9.152332836116061632e-01;-1.199384862338236388e+02;2.733507366887428134e+02
5.267999999999999794e+00;-3.650634549949599572e-01;9.238329609273566723e-01;-1.138644256081351642e+02;2.760804449836290360e+02
5.269999999999999574e+00;-3.433494143815395416e-01;9.305892987769317504e-01;-1.077916130454842261e+02;2.785729377743166992e+02
5.272000000000000242e+00;-3.211319439965826805e-01;9.397087551393772387e-01;-1.018584967696025814e+02;2.810254497896984844e+02
5.274000000000000021e+00;-3.009750555986815956e-01;9.459369493973636134e-01;-9.540650017382908743e+01;2.833417032764389774e+02
5.275999999999999801e+00;-2.800381029118225173e-01;9.535457585968053484e-01;-8.919715512964543791e+01;2.855635345190088401e+02
5.278000000000000469e+00;-2.622826855611420371e-01;9.604256803712614143e-01;-8.289780679940068353e+01;2.873312195342967925e+02
5.280000000000000249e+00;-2.398682745777383496e-01;9.645527014469585936e-01;-7.676116552944914417e+01;2.892449818700676474e+02
5.282000000000000028e+00;-2.194779510220905561e-01;9.712232447513402533e-01;-7.033341690096202115e+01;2.909144730520018811e+02
5.283999999999999808e+00;-1.958162441827679956e-01;9.753043286710768589e-01;-6.380524357565186477e+01;2.925225949128796969e+02
5.285999999999999588e+00;-1.757896169206177306e-01;9.806866106364576785e-01;-5.743324100813940447e+01;2.937671821447846696e+02
5.288000000000000256e+00;-1.543982141326568081e-01;9.829884777299444654e-01;-5.111913948222812820e+01;2.952601017934362631e+02
5.290000000000000036e+00;-1.284980447270026027e-01;9.835565615243389015e-01;-4.458303394447781898e+01;2.966752905646143290e+02
5.291999999999999815e+00;-1.127219152926197399e-01;9.906282818392847522e-01;-3.807927175506257100e+01;2.973227860547327737e+02
5.293999999999999595e+00;-9.167110430123287523e-02;9.933153179593983140e-01;-3.166243558079428766e+01;2.981917858006926849e+02
5.296000000000000263e+00;-7.081586649661039679e-02;9.949713419618880783e-01;-2.499962734426892297e+01;2.987139067061485207e+02
5.298000000000000043e+00;-4.683230216319084899e-02;9.951888834297116793e-01;-1.848068758685344903e+01;2.995373260712794945e+02
5.299999999999999822e+00;-2.668419792862942314e-02;9.963138289041030271e-01;-1.193921791921926356e+01;3.001690325277349416e+02
5.301999999999999602e+00;-3.897148621295003744e-03;9.980965281508312748e-01;-5.198241214513582342e+00;3.003114796925252108e+02
5.304000000000000270e+00;1.923999075253143148e-02;9.970031186968759673e-01;1.529492403523409205e+00;3.004203647962619925e+02
5.306000000000000050e+00;4.037806133260388869e-02;9.988617131904854451e-01;7.784617467639090016e+00;3.003084965011902341e+02
5.307999999999999829e+00;5.987465294389506670e-02;9.972366309531640605e-01;1.438347150886925796e+01;3.003495150416027855e+02
5.309999999999999609e+00;8.060276572485122748e-02;9.964835731791668039e-01;2.081373718443634857e+01;3.002451035256131036e+02
5.312000000000000277e+00;1.006352363050353055e-01;9.948142444511812732e-01;2.738473715778578210e+01;2.995656680514113077e+02
5.314000000000000057e+00;1.220889899599061634e-01;9.916297326605668649e-01;3.407213408729915471e+01;2.990398486849209121e+02
5.315999999999999837e+00;1.435382213916502059e-01;9.906733041684357977e-01;4.037141148487862807e+01;2.983551373639444364e+02
5.317999999999999616e+00;1.659419290018507298e-01;9.865625173089205280e-01;4.697216175630934742e+01;2.977569198028395476e+02
5.320000000000000284e+00;1.888896628670699851e-01;9.830469663497829469e-01;5.327623481021183949e+01;2.968550707175623984e+02
5.322000000000000064e+00;2.112236909783523076e-01;9.780377369353157047e-01;5.972279483716302906e+01;2.959061681310556082e+02
5.323999999999999844e+00;2.296316270967417861e-01;9.754953598425866179e-01;6.627916239730495818e+01;2.946102806584024165e+02
5.325999999999999623e+00;2.476582163522635105e-01;9.713178425697212015e-01;7.268534750048111448e+01;2.930911744792467175e+02
5.328000000000000291e+00;2.683069480562114695e-01;9.668678999675319741e-01;7.914673906615699650e+01;2.916622183811920763e+02
5.330000000000000071e+00;2.930701044465169325e-01;9.595624332246662780e-01;8.542538413629515048e+01;2.902293839374733579e+02
5.331999999999999851e+00;3.089067013072236412e-01;9.553668611601938698e-01;9.158172711805320887e+01;2.880358427962511882e+02
5.333999999999999631e+00;3.281898384190652940e-01;9.494045950573637427e-01;9.796821110301331714e+01;2.860689323487434876e+02
5.336000000000000298e+00;3.513451093021784932e-01;9.404143035883475443e-01;1.038753374428054315e+02;2.842167318287636135e+02
5.338000000000000078e+00;3.703445214879584890e-01;9.345197559489248906e-01;1.102176355621004831e+02;2.819021130296851538e+02
5.339999999999999858e+00;3.920030402746241815e-01;9.268480131543356260e-01;1.162481269862928457e+02;2.796424148996550798e+02
5.341999999999999638e+00;4.130302249993011432e-01;9.180381022039698635e-01;1.223265578834722618e+02;2.774055397223563091e+02
5.344000000000000306e+00;4.316994612888918614e-01;9.096792509556390627e-01;1.283089163985042092e+02;2.746125539030329605e+02
5.346000000000000085e+00;4.506613364346389039e-01;8.997508353649757984e-01;1.341997078866012885e+02;2.718011527487900594e+02
5.347999999999999865e+00;4.674387676445939666e-01;8.917112367861002031e-01;1.400411262717425984e+02;2.690385831814404582e+02
5.349999999999999645e+00;4.831076190180243479e-01;8.824278688791056258e-01;1.458482343008111854e+02;2.658031636303111327e+02
5.352000000000000313e+00;5.090533861374653135e-01;8.684202551819805160e-01;1.516548122441146802e+02;2.629984881728817072e+02
5.354000000000000092e+00;5.274285475770239540e-01;8.585586301710774748e-01;1.574164795192966153e+02;2.598441429939178988e+02
5.355999999999999872e+00;5.424069716568251653e-01;8.483323146661767566e-01;1.628819730771497802e+02;2.564865547531617835e+02
5.357999999999999652e+00;5.629666764415585112e-01;8.369227303319156652e-01;1.683274599727651832e+02;2.529772315143761716e+02
5.360000000000000320e+00;5.813431308520524698e-01;8.238701101566741070e-01;1.737176168158732992e+02;2.496011116887677019e+02
5.362000000000000099e+00;6.000738608953661846e-01;8.099062963402667847e-01;1.791192729855982577e+02;2.459849046245186912e+02
5.363999999999999879e+00;6.117567802845533809e-01;8.013707103266860532e-01;1.844678329387093640e+02;2.418882175834889381e+02
5.365999999999999659e+00;6.308345620541314647e-01;7.869823495248157164e-01;1.894607205746927434e+02;2.378797232816000360e+02
5.368000000000000327e+00;6.493565872847266718e-01;7.725987178578863634e-01;1.945350371289157465e+02;2.338920725314087008e+02
5.370000000000000107e+00;6.611496804723928644e-01;7.596454035364785806e-01;1.996531555482729914e+02;2.296901742847288972e+02
5.371999999999999886e+00;6.777495131988671151e-01;7.453162489833820015e-01;2.046012961484574930e+02;2.256484336714859182e+02
5.373999999999999666e+00;6.959715398609154224e-01;7.314418528336408265e-01;2.094844861654490273e+02;2.211218426964029220e+02
5.376000000000000334e+00;7.103855072461151554e-01;7.157841237058787387e-01;2.142990834241180949e+02;2.165463102174583696e+02
5.378000000000000114e+00;7.266792060044686696e-01;7.007564719140632059e-01;2.188129256642779126e+02;2.120297589602019741e+02
5.379999999999999893e+00;7.392058939488131974e-01;6.837309089216876412e-01;2.230989384303676673e+02;2.074830227951199504e+02
5.381999999999999673e+00;7.584906677101261874e-01;6.689572953171513126e-01;2.274694386872814391e+02;2.029256065361184653e+02
5.384000000000000341e+00;7.710250461797623078e-01;6.520349537012766206e-01;2.317627009575684554e+02;1.978939940166401641e+02
5.386000000000000121e+00;7.813979528246723927e-01;6.369724632598722236e-01;2.361200993916676794e+02;1.928343123212505930e+02
5.387999999999999901e+00;7.919907506769809924e-01;6.211506330385151431e-01;2.402470533916146564e+02;1.876122231087500154e+02
5.389999999999999680e+00;8.077522100394128879e-01;6.029117922334479296e-01;2.442229989352037194e+02;1.825714522567606650e+02
5.392000000000000348e+00;8.159644896792350721e-01;5.867753774519075538e-01;2.481839954455604982e+02;1.771596003000685755e+02
5.394000000000000128e+00;8.311418902096970873e-01;5.701560544749393333e-01;2.518806700548903734e+02;1.720612561692263398e+02
5.395999999999999908e+00;8.425021555932122874e-01;5.515471625970942426e-01;2.553715200203251356e+02;1.668898926194790988e+02
5.397999999999999687e+00;8.536509730433786691e-01;5.329735357264395734e-01;2.590506748608197540e+02;1.614472050820227196e+02
5.400000000000000355e+00;8.615455112782919311e-01;5.159286528549962281e-01;2.623615115935634776e+02;1.556910195320547530e+02
5.402000000000000135e+00;8.778020819736557234e-01;4.953264521123300623e-01;2.656004270229807958e+02;1.503755881509767391e+02
5.403999999999999915e+00;8.860222934774814041e-01;4.768722591537900013e-01;2.688829860270756740e+02;1.445452824907127365e+02
5.405999999999999694e+00;8.925488031420719670e-01;4.596764767939159890e-01;2.720854307600147877e+02;1.386162651871386515e+02
5.408000000000000362e+00;9.023896325035876131e-01;4.408633478529661032e-01;2.750827443947738402e+02;1.327336726412425492e+02
5.410000000000000142e+00;9.122499584276034801e-01;4.215497573044802992e-01;2.777089595785033680e+02;1.270742145764166509e+02
5.411999999999999922e+00;9.227170920382384844e-01;4.024753583345197505e-01;2.804096440418361453e+02;1.211342422269261334e+02
5.413999999999999702e+00;9.281034722798491288e-01;3.838516749804868344e-01;2.830507568218987444e+02;1.150460586071730802e+02
5.416000000000000369e+00;9.360086311859383557e-01;3.635808781294015413e-01;2.853503113009841172e+02;1.090668897546344454e+02
5.418000000000000149e+00;9.403779216943199959e-01;3.444587455215550875e-01;2.876373920256207271e+02;1.028756270231372838e+02
5.419999999999999929e+00;9.466578691179250438e-01;3.251567274083475567e-01;2.897431643658883331e+02;9.675061631764067727e+01
5.421999999999999709e+00;9.551873142043391107e-01;3.032585595221861108e-01;2.918930581609920409e+02;9.050833717680589530e+01
5.424000000000000377e+00;9.608590582627598575e-01;2.863357219845182877e-01;2.937487982475648778e+02;8.408036977381829047e+01
5.426000000000000156e+00;9.645912707041860434e-01;2.662512732808356986e-01;2.954280037025399679e+02;7.804689155250908073e+01
5.427999999999999936e+00;9.692442293013838750e-01;2.465664072671603646e-01;2.971663357845598057e+02;7.154111402629487770e+01
5.429999999999999716e+00;9.791848784933389060e-01;2.246904105163956833e-01;2.985246541725496172e+02;6.568137891906211223e+01
5.432000000000000384e+00;9.804234077544944359e-01;2.056697194197275869e-01;3.000551114691150474e+02;5.887900121883743765e+01
5.434000000000000163e+00;9.851360516804058554e-01;1.844943648001013403e-01;3.012673990465511338e+02;5.253542077174192571e+01
5.435999999999999943e+00;9.866641302836246519e-01;1.664060515182368416e-01;3.024022836078828504e+02;4.608998693307246697e+01
5.437999999999999723e+00;9.920515214179171926e-01;1.458437921825205819e-01;3.034412252585935903e+02;3.966695480110178806e+01
5.440000000000000391e+00;9.942071853749313570e-01;1.242153543696737500e-01;3.040449259422588852e+02;3.325811299195870419e+01
5.442000000000000171e+00;9.945604830834874344e-01;1.054061676029206807e-01;3.046545241711515928e+02;2.672351703702769754e+01
5.443999999999999950e+00;9.995154097550719152e-01;8.462216086414299510e-02;3.054333489910328581e+02;2.035605249496401825e+01
5.445999999999999730e+00;9.937538869628834703e-01;6.672424290073292186e-02;3.058966046948606277e+02;1.342939599405033313e+01
5.448000000000000398e+00;9.910935849245550155e-01;4.665386880484208298e-02;3.063056420368918111e+02;6.737014048019313250e+00
5.450000000000000178e+00;9.931613888896928533e-01;2.643708625874065590e-02;3.064808322071613702e+02;2.548732101363607727e-01
5.451999999999999957e+00;1.000114749201042263e+00;1.526010514336627604e-04;3.062752062128485022e+02;-6.028271278248037213e+00
5.453999999999999737e+00;9.948449992248485918e-01;-1.822819953077219751e-02;3.062462548531137259e+02;-1.277692882001503172e+01
5.456000000000000405e+00;9.973736593726790778e-01;-3.781404414529460078e-02;3.058097468628894262e+02;-1.915938141806235606e+01
5.458000000000000185e+00;9.958204781631740943e-01;-5.833477723289180045e-02;3.055758938140026544e+02;-2.570538322250274632e+01
5.459999999999999964e+00;9.959334078697082981e-01;-7.870256402325012668e-02;3.048297439688939789e+02;-3.213418869881417095e+01
5.461999999999999744e+00;9.928945872853798260e-01;-9.878470116027834869e-02;3.041162074823109833e+02;-3.854054270348123623e+01
5.464000000000000412e+00;9.905431091260513687e-01;-1.188249280154622251e-01;3.031664635686133806e+02;-4.511696409342106051e+01
5.466000000000000192e+00;9.888455201790039562e-01;-1.396552567351312946e-01;3.024668991293233375e+02;-5.142708640720682212e+01
5.467999999999999972e+00;9.859731113818124282e-01;-1.603266711188432725e-01;3.013335071155997866e+02;-5.787628521816018434e+01
5.469999999999999751e+00;9.798022740135143849e-01;-1.789354412235829861e-01;3.000521421326306495e+02;-6.435692358427635895e+01
5.472000000000000419e+00;9.778349296603039420e-01;-1.989625749223088991e-01;2.986910853034064530e+02;-7.072981823272608892e+01
5.474000000000000199e+00;9.755047608131978132e-01;-2.208936430635928816e-01;2.972242991787417736e+02;-7.702879640908506076e+01
5.475999999999999979e+00;9.685221641438934714e-01;-2.392592444877507385e-01;2.955223934530502561e+02;-8.326885979241816926e+01
5.477999999999999758e+00;9.640470312002836772e-01;-2.588638083863456507e-01;2.939004585246636339e+02;-8.951007019544883292e+01
5.480000000000000426e+00;9.572787476987359989e-01;-2.776291834077556642e-01;2.919503156503273544e+02;-9.595374174084925301e+01
5.482000000000000206e+00;9.491966201333779107e-01;-2.973134014877052977e-01;2.898495120148348860e+02;-1.019664618432159955e+02
5.483999999999999986e+00;9.448609052295990907e-01;-3.180642296183993634e-01;2.875317552176511526e+02;-1.080981531981771866e+02
5.485999999999999766e+00;9.394809091669372725e-01;-3.392774464880173868e-01;2.853607334642111937e+02;-1.142473255050276464e+02
5.487999999999999545e+00;9.300777904940666918e-01;-3.586793923005804907e-01;2.829167784296590753e+02;-1.202202525535579980e+02
5.490000000000000213e+00;9.227573062000850035e-01;-3.774451156199704061e-01;2.803002034086467802e+02;-1.260754997135142759e+02
5.491999999999999993e+00;9.166607156069843665e-01;-3.968980851617358585e-01;2.775987401438727602e+02;-1.319669428584776369e+02
5.493999999999999773e+00;9.098089481714856097e-01;-4.175520978724533983e-01;2.748331889369430883e+02;-1.377834790404748162e+02
5.496000000000000441e+00;8.991645089374665778e-01;-4.343676673055179016e-01;2.719222475648455770e+02;-1.435438291778076518e+02
5.498000000000000220e+00;8.880603854884336901e-01;-4.521110906714057576e-01;2.687957761616891048e+02;-1.494587223423921500e+02
5.500000000000000000e+00;8.792846932388436176e-01;-4.725890531122550198e-01;2.655020052837321600e+02;-1.548705596179381700e+02
5.501999999999999780e+00;8.712775516542270449e-01;-4.937710385527251944e-01;2.624793679059562805e+02;-1.604129539455874180e+02
5.503999999999999559e+00;8.549559697468185337e-01;-5.098297123066675152e-01;2.589260667641000282e+02;-1.663142279727561004e+02
5.506000000000000227e+00;8.468786550428152315e-01;-5.287984889426620150e-01;2.552953810786071358e+02;-1.715330068083998469e+02
5.508000000000000007e+00;8.365977255733654250e-01;-5.468771236017153647e-01;2.518022663702725765e+02;-1.767646129538512696e+02
5.509999999999999787e+00;8.242168557673039686e-01;-5.635008613041636583e-01;2.479292936542547920e+02;-1.820659183957816651e+02
5.511999999999999567e+00;8.131671256921894075e-01;-5.825402537212190923e-01;2.440750285404136832e+02;-1.871928673453103897e+02
5.514000000000000234e+00;7.942976198032971613e-01;-5.974566706819002260e-01;2.400504716229055191e+02;-1.926415735962623899e+02
5.516000000000000014e+00;7.866599964081169016e-01;-6.159338877046428573e-01;2.359137196026599099e+02;-1.974962684226712781e+02
5.517999999999999794e+00;7.711160294453360819e-01;-6.325845633375750676e-01;2.315367731709527561e+02;-2.023885028364924779e+02
5.519999999999999574e+00;7.562305234884573180e-01;-6.497770364973345369e-01;2.275697175065945999e+02;-2.071612395965102280e+02
5.522000000000000242e+00;7.412157396341805260e-01;-6.661678153259111834e-01;2.229701745570945945e+02;-2.118085398371898123e+02
5.524000000000000021e+00;7.255169233066749435e-01;-6.828805279482128565e-01;2.184534228850548629e+02;-2.164724897844533302e+02
5.525999999999999801e+00;7.075142754923592348e-01;-6.969979163999302507e-01;2.138442994135947970e+02;-2.211051838383516497e+02
5.527999999999999581e+00;6.968437410834501522e-01;-7.139251534839886615e-01;2.090557811500094374e+02;-2.253445206090943316e+02
5.530000000000000249e+00;6.773525204747743444e-01;-7.276624588934499371e-01;2.041641433222649198e+02;-2.299432581298556784e+02
5.532000000000000028e+00;6.639673199536504367e-01;-7.442727815688541249e-01;1.992346091879060452e+02;-2.340047950352215196e+02
5.533999999999999808e+00;6.463410778940732460e-01;-7.580820104332065545e-01;1.942071105857727957e+02;-2.382793590318481165e+02
5.535999999999999588e+00;6.333328300578766612e-01;-7.733158024161753685e-01;1.890846324828767706e+02;-2.421887178940879153e+02
5.538000000000000256e+00;6.126671513178185702e-01;-7.850990882702280071e-01;1.839398904475462473e+02;-2.459903935718433843e+02
5.540000000000000036e+00;5.988037799979412101e-01;-7.997942592102150750e-01;1.785220336825146035e+02;-2.497321849799614597e+02
5.541999999999999815e+00;5.787500622486538848e-01;-8.116730179647329013e-01;1.731066161148115441e+02;-2.535400282259252549e+02
5.543999999999999595e+00;5.627162233497733368e-01;-8.234761962537089364e-01;1.675696316102520882e+02;-2.569236829477439983e+02
5.546000000000000263e+00;5.448870371910742305e-01;-8.387508402677597008e-01;1.621404100641883019e+02;-2.604427789025583593e+02
5.548000000000000043e+00;5.218972939644987985e-01;-8.478893050150178023e-01;1.563654268169826196e+02;-2.637904587785968715e+02
5.549999999999999822e+00;5.046350588665589054e-01;-8.576502619081634027e-01;1.508901699189209182e+02;-2.669653118387017798e+02
5.551999999999999602e+00;4.876003999220854257e-01;-8.697535228234606342e-01;1.449635850987883714e+02;-2.700716810141786937e+02
5.554000000000000270e+00;4.686085620893175596e-01;-8.806836744381767446e-01;1.393135988006698369e+02;-2.729741499057253122e+02
5.556000000000000050e+00;4.495068555698709112e-01;-8.911587840001068406e-01;1.333905774105506055e+02;-2.757762895813859245e+02
5.557999999999999829e+00;4.306071027654523320e-01;-9.005724816808635680e-01;1.276916932050093862e+02;-2.785681449367760933e+02
5.559999999999999609e+00;4.099933616556265537e-01;-9.104262430982293930e-01;1.215576208317667124e+02;-2.809957272581009988e+02
5.562000000000000277e+00;3.900915726113427517e-01;-9.182703459710424010e-01;1.152926775479237023e+02;-2.837693237078071320e+02
5.564000000000000057e+00;3.668626905302607155e-01;-9.255792664804527448e-01;1.092053515234901653e+02;-2.859966896272159715e+02
5.565999999999999837e+00;3.477305630255871360e-01;-9.341786966488718758e-01;1.030234688026405649e+02;-2.879605275327550657e+02
5.567999999999999616e+00;3.279732910489898678e-01;-9.409006443452225810e-01;9.667610524314594045e+01;-2.900429645688942628e+02
5.570000000000000284e+00;3.053034374572063947e-01;-9.481932038912376237e-01;9.067354898484981618e+01;-2.919482051423123039e+02
5.572000000000000064e+00;2.862099416930622420e-01;-9.558504923441535350e-01;8.439012334160466366e+01;-2.938308623078291362e+02
5.573999999999999844e+00;2.651289945011231497e-01;-9.626252565082603629e-01;7.784990100649910971e+01;-2.953262260999644582e+02
5.575999999999999623e+00;2.440352525295713115e-01;-9.670805664801193080e-01;7.141916833876207704e+01;-2.968630003526985774e+02
5.578000000000000291e+00;2.223332318828076526e-01;-9.713492639964075304e-01;6.492130795233181573e+01;-2.985005669421651646e+02
5.580000000000000071e+00;2.012618272911866624e-01;-9.766022697849182643e-01;5.860725243268592521e+01;-2.994161691574760198e+02
5.581999999999999851e+00;1.840383302989558323e-01;-9.817089829464237249e-01;5.188911756657417840e+01;-3.006316694668390710e+02
5.583999999999999631e+00;1.584892076030033903e-01;-9.838282859160688565e-01;4.551752309897683801e+01;-3.017082105054512340e+02
5.586000000000000298e+00;1.407078566196542646e-01;-9.878634380267834469e-01;3.907381400057666099e+01;-3.024691542749623636e+02
5.588000000000000078e+00;1.202904133879644233e-01;-9.917001675292267393e-01;3.273578486846425051e+01;-3.030756500603927748e+02
5.589999999999999858e+00;9.679319400578322019e-02;-9.938503393822391008e-01;2.602552099722802126e+01;-3.037229361346650194e+02
5.591999999999999638e+00;7.737611810636765841e-02;-9.973539578036689779e-01;1.948613345135907693e+01;-3.041445440650645651e+02
5.594000000000000306e+00;5.684545485084302463e-02;-9.997142879189707676e-01;1.284616325734738140e+01;-3.044347615702484973e+02
5.596000000000000085e+00;3.419518551295731845e-02;-9.984479842187319321e-01;6.289542218806905893e+00;-3.044837495708637789e+02
5.597999999999999865e+00;1.100331890598178937e-02;-9.991094369687203436e-01;-3.932139420532373419e-01;-3.046975109961864518e+02
5.599999999999999645e+00;-8.302276039623589926e-03;-1.001119993165852318e+00;-7.306463409209767335e+00;-3.044822653063989719e+02
5.602000000000000313e+00;-3.188046151598446926e-02;-1.002604715476220321e+00;-1.402332289138115939e+01;-3.039886691700858137e+02
5.604000000000000092e+00;-5.333549531650514514e-02;-1.000462421680904157e+00;-2.065869857104401675e+01;-3.038424424513754616e+02
5.605999999999999872e+00;-7.567089059008871854e-02;-1.000905190863439209e+00;-2.705280305650441619e+01;-3.031483970617085220e+02
5.607999999999999652e+00;-9.960919438016431482e-02;-9.983731526210035678e-01;-3.343257644108130933e+01;-3.026116887989054476e+02
5.610000000000000320e+00;-1.199353835124524342e-01;-9.964588186261270630e-01;-4.027167807006205891e+01;-3.017913602022778150e+02
5.612000000000000099e+00;-1.390786149459003473e-01;-9.957057248677454453e-01;-4.662630300049745813e+01;-3.007846165156518623e+02
5.613999999999999879e+00;-1.569733232871267092e-01;-9.935981068164625452e-01;-5.305184256748589178e+01;-2.995127003598438478e+02
5.615999999999999659e+00;-1.844327448004976500e-01;-9.882356638613600808e-01;-5.956334105448037519e+01;-2.987077575768991551e+02
5.618000000000000327e+00;-2.049017802620545226e-01;-9.851786268761740795e-01;-6.623709656566646231e+01;-2.970761454802003527e+02
5.620000000000000107e+00;-2.242008308815765238e-01;-9.820729111733019767e-01;-7.254415778247873448e+01;-2.954688507049933150e+02
5.621999999999999886e+00;-2.437962579773612082e-01;-9.778208936100336590e-01;-7.887789437663263925e+01;-2.939712681847390172e+02
5.623999999999999666e+00;-2.662528390838591608e-01;-9.739843724674918102e-01;-8.521475817362929206e+01;-2.921904305334313676e+02
5.626000000000000334e+00;-2.876686183354523196e-01;-9.672758509126863080e-01;-9.140719914184225559e+01;-2.904903138753315943e+02
5.628000000000000114e+00;-3.076115662668253981e-01;-9.618788476997945924e-01;-9.783177976572423518e+01;-2.881931684355864718e+02
5.629999999999999893e+00;-3.270945899698946002e-01;-9.559947254211700329e-01;-1.038138674040397120e+02;-2.861409003329187044e+02
5.631999999999999673e+00;-3.473766363183948824e-01;-9.495637176914474287e-01;-1.099606380210686609e+02;-2.836927442628734752e+02
5.634000000000000341e+00;-3.699200963788636942e-01;-9.414117928053160611e-01;-1.160920582512311938e+02;-2.812812979918886072e+02
5.636000000000000121e+00;-3.909445077902891641e-01;-9.349001351739005816e-01;-1.222299626524509932e+02;-2.788411156305987220e+02
5.637999999999999901e+00;-4.102536511789051654e-01;-9.271706834365552874e-01;-1.281672266684608417e+02;-2.761557172511460294e+02
5.639999999999999680e+00;-4.321823905190978476e-01;-9.173093907005329672e-01;-1.341267742974275166e+02;-2.735411761300333069e+02
5.642000000000000348e+00;-4.482103750750249804e-01;-9.102462481600662736e-01;-1.401492989328870920e+02;-2.704579671738823663e+02
5.644000000000000128e+00;-4.676385065258604756e-01;-9.024074675596873707e-01;-1.457664981151112897e+02;-2.672057844270458418e+02
5.645999999999999908e+00;-4.871911694403664450e-01;-8.915013504441603454e-01;-1.514466553938487436e+02;-2.641799075951334999e+02
5.647999999999999687e+00;-5.064810753405388777e-01;-8.815405388759206540e-01;-1.570236101675516522e+02;-2.609030855119708008e+02
5.650000000000000355e+00;-5.260732558262029013e-01;-8.703444247450233817e-01;-1.626890677644276479e+02;-2.574258207777191387e+02
5.652000000000000135e+00;-5.495655155623669907e-01;-8.582787707108104902e-01;-1.682376483913771779e+02;-2.539007254492832999e+02
5.653999999999999915e+00;-5.641904067402150336e-01;-8.473556601084343276e-01;-1.736423035576420375e+02;-2.503754676495270246e+02
5.655999999999999694e+00;-5.822878225569001476e-01;-8.357673789671189457e-01;-1.788736211718882601e+02;-2.464750344582606090e+02
5.658000000000000362e+00;-6.012317177579966643e-01;-8.225096185565753393e-01;-1.839415054640341225e+02;-2.424825747731964896e+02
5.660000000000000142e+00;-6.180882370624007915e-01;-8.103904473846472722e-01;-1.890231455265734724e+02;-2.385553817300989579e+02
5.661999999999999922e+00;-6.348942076194932227e-01;-7.962216518855939063e-01;-1.942201729651139885e+02;-2.345025240866101228e+02
5.663999999999999702e+00;-6.527734374134918083e-01;-7.820543879708913293e-01;-1.993539994300904539e+02;-2.303515506509060344e+02
5.666000000000000369e+00;-6.730778759733822003e-01;-7.677499291548766092e-01;-2.038831511718929619e+02;-2.261830068941870593e+02
5.668000000000000149e+00;-6.913873614906542731e-01;-7.522563915423492453e-01;-2.086948998938208319e+02;-2.217571825531760226e+02
5.669999999999999929e+00;-7.033512622809913184e-01;-7.382732721084774852e-01;-2.135993845359833472e+02;-2.171119562635007298e+02
5.671999999999999709e+00;-7.193797844055568325e-01;-7.243235836226400437e-01;-2.181133646913233974e+02;-2.125207041046781455e+02
5.674000000000000377e+00;-7.355043559892135985e-01;-7.087622638549074816e-01;-2.224673965162297122e+02;-2.076306499052146535e+02
5.676000000000000156e+00;-7.481270910378154948e-01;-6.930382723486596674e-01;-2.269585300445996268e+02;-2.028087133310895922e+02
5.677999999999999936e+00;-7.656022499753023514e-01;-6.749831525272405042e-01;-2.310973117760037496e+02;-1.979076259764881343e+02
5.679999999999999716e+00;-7.801512789512584645e-01;-6.564870257583705904e-01;-2.350553011092611939e+02;-1.930597737542425421e+02
5.682000000000000384e+00;-7.934461875966698496e-01;-6.398815197880333150e-01;-2.391121403508262233e+02;-1.877099812033915498e+02
5.684000000000000163e+00;-8.044450670480332022e-01;-6.243251799158991977e-01;-2.431745638115901897e+02;-1.826138537616051281e+02
5.685999999999999943e+00;-8.209145664124724018e-01;-6.039241330556576193e-01;-2.468566345029793752e+02;-1.775290980124559610e+02
5.687999999999999723e+00;-8.322564870375064316e-01;-5.871760703616596411e-01;-2.503477770377123193e+02;-1.721441401962102304e+02
5.690000000000000391e+00;-8.447792508549676338e-01;-5.707709301201087104e-01;-2.540601565617394613e+02;-1.668034409099384447e+02
5.692000000000000171e+00;-8.560176678845097253e-01;-5.499791908614384273e-01;-2.575659216262711197e+02;-1.611525675959661896e+02
5.693999999999999950e+00;-8.651484550058118339e-01;-5.329783813385728930e-01;-2.607302065867750684e+02;-1.554859632231946875e+02
5.695999999999999730e+00;-8.754159964738728039e-01;-5.141374156224051140e-01;-2.638794499996737386e+02;-1.496109243070745265e+02
5.698000000000000398e+00;-8.908035125801836429e-01;-4.916416541745990965e-01;-2.670294120605962007e+02;-1.443612700797673369e+02
5.700000000000000178e+00;-8.991723068481947134e-01;-4.735123028243783949e-01;-2.697985697860179926e+02;-1.383070543786130315e+02
5.701999999999999957e+00;-9.063262027104975749e-01;-4.559944387714573999e-01;-2.726989854473998776e+02;-1.324523984684463755e+02
5.703999999999999737e+00;-9.121722764164224007e-01;-4.367605195726250722e-01;-2.752817890911879886e+02;-1.264289844098226041e+02
5.706000000000000405e+00;-9.221589071205513743e-01;-4.153725001728156840e-01;-2.779164797541461098e+02;-1.207712234682229138e+02
5.708000000000000185e+00;-9.318390211950117186e-01;-3.951358639124409322e-01;-2.803925748885977782e+02;-1.146617789237507452e+02
5.709999999999999964e+00;-9.389597969511628284e-01;-3.747614780915141663e-01;-2.827738072641358258e+02;-1.084473603271820110e+02
5.711999999999999744e+00;-9.466571926343860799e-01;-3.545243224949393701e-01;-2.847413227444015433e+02;-1.022954565281909538e+02
5.714000000000000412e+00;-9.535648926543640602e-01;-3.343079114802864904e-01;-2.868170303580261020e+02;-9.612728894656598300e+01
5.716000000000000192e+00;-9.581236720254195927e-01;-3.127120934189117074e-01;-2.885690801173535078e+02;-9.004734153266674923e+01
5.717999999999999972e+00;-9.638460735754443842e-01;-2.911835271126035352e-01;-2.903545222632398008e+02;-8.362208213562850290e+01
5.719999999999999751e+00;-9.670384472401426512e-01;-2.708275643690103984e-01;-2.921726091366278411e+02;-7.708743886477213891e+01
5.722000000000000419e+00;-9.763179091684192068e-01;-2.495035141447563554e-01;-2.934540684169850238e+02;-7.110122072753526368e+01
5.724000000000000199e+00;-9.814968035336775198e-01;-2.267300954914071576e-01;-2.945296894663809439e+02;-6.475018239573191181e+01
5.725999999999999979e+00;-9.840488291609059690e-01;-2.069417453925778416e-01;-2.959843820121944873e+02;-5.841474920431780760e+01
5.727999999999999758e+00;-9.855942154815415801e-01;-1.856983336630811110e-01;-2.968959889377779291e+02;-5.169860237924285684e+01
5.730000000000000426e+00;-9.873852838390216879e-01;-1.664146386108755760e-01;-2.978591214168388319e+02;-4.529900639181504118e+01
5.732000000000000206e+00;-9.907834438792815224e-01;-1.437857334937215070e-01;-2.987414128516790015e+02;-3.883770830263485152e+01
5.733999999999999986e+00;-9.912872508694245965e-01;-1.230920659769918074e-01;-2.991017877460095633e+02;-3.227714156543204638e+01
5.735999999999999766e+00;-9.962665369071294075e-01;-1.006349668812520637e-01;-2.996221408377206785e+02;-2.561057311593928532e+01
5.738000000000000433e+00;-9.949345460355120130e-01;-8.133732002558669016e-02;-3.000183707032599045e+02;-1.896673336340407445e+01
5.740000000000000213e+00;-9.953030069062075436e-01;-5.837625164047494097e-02;-3.003241302280981699e+02;-1.245105830296895100e+01
5.741999999999999993e+00;-1.000194231009583490e+00;-3.512199018571796061e-02;-3.001888198440628912e+02;-6.177293556268837804e+00
5.743999999999999773e+00;-9.981941397581758357e-01;-1.567607735610480196e-02;-3.001320037842463648e+02;4.723966499234005800e-01
5.746000000000000441e+00;-9.990402514229987929e-01;7.297362925762424131e-03;-3.001529343848118287e+02;7.059924303446616811e+00
5.748000000000000220e+00;-9.963148152866876384e-01;3.074357999232770616e-02;-2.997462454837062751e+02;1.365672012261587120e+01
5.750000000000000000e+00;-9.959346521958153398e-01;5.255683885813956790e-02;-2.993163619309422074e+02;2.033497453538559796e+01
5.751999999999999780e+00;-9.936092467997816868e-01;7.467666733496826359e-02;-2.986928130679685864e+02;2.692826445617220088e+01
5.753999999999999559e+00;-9.896278712894563956e-01;9.498622708214893295e-02;-2.977095702316624966e+02;3.334016255162084263e+01
5.756000000000000227e+00;-9.873673704805711049e-01;1.172465391118821393e-01;-2.968989853931560674e+02;3.988901098127723799e+01
5.758000000000000007e+00;-9.827322200199010149e-01;1.368336952487703984e-01;-2.958475214822228736e+02;4.640010695521137762e+01
5.759999999999999787e+00;-9.797157132840478289e-01;1.595904486025926661e-01;-2.948400900794728727e+02;5.310747029289391463e+01
5.762000000000000455e+00;-9.769772596895679451e-01;1.806278565479532139e-01;-2.934031980253477059e+02;5.925683709758864381e+01
5.764000000000000234e+00;-9.701387033110234759e-01;2.006284970840704340e-01;-2.918037802412296742e+02;6.590114152110047030e+01
5.766000000000000014e+00;-9.623816917755038114e-01;2.208142428252772849e-01;-2.901794338455271145e+02;7.231701522083923805e+01
5.767999999999999794e+00;-9.619865602347521527e-01;2.436103108620059354e-01;-2.883640270095341975e+02;7.841638011051595925e+01
5.769999999999999574e+00;-9.551409647415345372e-01;2.642837163716056925e-01;-2.866628442592208899e+02;8.476510355961315213e+01
5.772000000000000242e+00;-9.514675381418509215e-01;2.869006943223056938e-01;-2.844620835515998465e+02;9.083638460825254413e+01
5.774000000000000021e+00;-9.451911130335807210e-01;3.070710402690337015e-01;-2.822930995107870444e+02;9.710570111538538640e+01
5.775999999999999801e+00;-9.350195383636622504e-01;3.275066381221711787e-01;-2.800338601726076604e+02;1.033217003183458473e+02
5.778000000000000469e+00;-9.261176028806614724e-01;3.491018788592527011e-01;-2.777352143267262363e+02;1.096302413053541187e+02
5.780000000000000249e+00;-9.162332866653158936e-01;3.696442573271460641e-01;-2.753199966873100379e+02;1.157492214513107172e+02
5.782000000000000028e+00;-9.083436469033244753e-01;3.906146394682327161e-01;-2.723497694928908572e+02;1.216109782127784484e+02
5.783999999999999808e+00;-8.991579995980183426e-01;4.109831802734354445e-01;-2.695961828743094202e+02;1.277200311840641263e+02
5.785999999999999588e+00;-8.916581647246545339e-01;4.315559195787280200e-01;-2.666882927859159054e+02;1.336379942211432592e+02
5.788000000000000256e+00;-8.794166930918420055e-01;4.513050407706461487e-01;-2.637167232156326122e+02;1.394077134160556284e+02
5.790000000000000036e+00;-8.696900316892339777e-01;4.698387367948251847e-01;-2.606971944186070118e+02;1.451908080842599986e+02
5.791999999999999815e+00;-8.562765280678183988e-01;4.886281059461489162e-01;-2.570497224907724672e+02;1.511051463485530917e+02
5.793999999999999595e+00;-8.460156088570972566e-01;5.090806517166776013e-01;-2.539130602034567232e+02;1.565121109429081514e+02
5.796000000000000263e+00;-8.376391761751834641e-01;5.312946365382079650e-01;-2.501781173735535049e+02;1.620353081170959229e+02
5.798000000000000043e+00;-8.211122271294304387e-01;5.460981724831770467e-01;-2.465089794456906986e+02;1.675672307987077261e+02
5.799999999999999822e+00;-8.065621529696013203e-01;5.649007004422601508e-01;-2.428756316958983064e+02;1.730981227013971306e+02
5.801999999999999602e+00;-7.978515796466697507e-01;5.850393163794905815e-01;-2.388461690848243109e+02;1.782668369331459530e+02
5.804000000000000270e+00;-7.882896158781730334e-01;6.054329773040210139e-01;-2.347764895866493475e+02;1.830285098563117856e+02
5.806000000000000050e+00;-7.689999138221762509e-01;6.209477508627860853e-01;-2.307500111413573904e+02;1.885636936180983696e+02
5.807999999999999829e+00;-7.561635169335028106e-01;6.392868845752839313e-01;-2.265494962160390457e+02;1.936310089969793751e+02
5.809999999999999609e+00;-7.377714871686847919e-01;6.549377220948520151e-01;-2.222409821354960400e+02;1.988285632511166057e+02
5.812000000000000277e+00;-7.233553844644406983e-01;6.721925226700495859e-01;-2.175739385488568018e+02;2.034617760117079115e+02
5.814000000000000057e+00;-7.090440291563508968e-01;6.918253783054681971e-01;-2.131598577493327298e+02;2.080685662455333329e+02
5.815999999999999837e+00;-6.907022528267268147e-01;7.081972282475258451e-01;-2.085549014968450194e+02;2.128130590626154515e+02
5.817999999999999616e+00;-6.740796908100117335e-01;7.218022284556572243e-01;-2.039027292422483129e+02;2.175947487614507736e+02
5.820000000000000284e+00;-6.555093675435996747e-01;7.362760872049595173e-01;-1.992063599869641166e+02;2.218411315790763183e+02
5.822000000000000064e+00;-6.401921425589810477e-01;7.533096204717464328e-01;-1.939715594134863181e+02;2.262566917465774736e+02
5.823999999999999844e+00;-6.222719879617303329e-01;7.680168926671601115e-01;-1.890419846587889481e+02;2.305229838555922868e+02
5.825999999999999623e+00;-6.057120240342974693e-01;7.832533173143350069e-01;-1.837123340925899413e+02;2.345090766899572827e+02
5.828000000000000291e+00;-5.903962700632778837e-01;7.964927816269681271e-01;-1.785614561683876218e+02;2.384149764371507558e+02
5.830000000000000071e+00;-5.709365553416143602e-01;8.105566783687307986e-01;-1.734213111896891348e+02;2.426905680614193557e+02
5.831999999999999851e+00;-5.558533167756615212e-01;8.271227519463781874e-01;-1.678400861868555012e+02;2.462572935727556001e+02
5.833999999999999631e+00;-5.353961895773331481e-01;8.367621274163635769e-01;-1.624302305501697106e+02;2.498307914016988320e+02
5.836000000000000298e+00;-5.158378560923955192e-01;8.479146771341856681e-01;-1.568696388715955550e+02;2.534866168510273781e+02
5.838000000000000078e+00;-4.931505664003673628e-01;8.583859485453121385e-01;-1.514104261677181285e+02;2.571207292028028633e+02
5.839999999999999858e+00;-4.756102047200941318e-01;8.704287407247450759e-01;-1.457717782802749866e+02;2.603570787705699559e+02
5.841999999999999638e+00;-4.538220247188776701e-01;8.813634645116842359e-01;-1.398864595169750658e+02;2.635068263913662463e+02
5.844000000000000306e+00;-4.362540827836255408e-01;8.928929570570067753e-01;-1.341116689930792063e+02;2.666260961640596747e+02
5.846000000000000085e+00;-4.134717075239329742e-01;9.006436653414123805e-01;-1.281687435863891267e+02;2.696536087908026502e+02
5.847999999999999865e+00;-3.924195133834400551e-01;9.093670466613694714e-01;-1.221695000821640207e+02;2.724250321451412447e+02
5.849999999999999645e+00;-3.736612956920283279e-01;9.199886716226052252e-01;-1.162205495765925605e+02;2.752871366510435109e+02
5.852000000000000313e+00;-3.542359607537495236e-01;9.290154771146783563e-01;-1.099961750949062917e+02;2.775384876681089281e+02
5.854000000000000092e+00;-3.321955661688768546e-01;9.369614922462146112e-01;-1.038637732460471454e+02;2.801046846623896727e+02
5.855999999999999872e+00;-3.115442504761564146e-01;9.434118918760125982e-01;-9.791723195931865575e+01;2.825435224525703006e+02
5.857999999999999652e+00;-2.917823929400283900e-01;9.490279059950514906e-01;-9.154712231368226583e+01;2.844832702372705171e+02
5.860000000000000320e+00;-2.688561851105885081e-01;9.554795662289912173e-01;-8.536377574757401021e+01;2.866900060742356686e+02
5.862000000000000099e+00;-2.483122131700980229e-01;9.624877066043697749e-01;-7.920091741250135442e+01;2.884762254253863603e+02
5.863999999999999879e+00;-2.302258409635287995e-01;9.685560969473202553e-01;-7.286494236251799350e+01;2.902592353543733452e+02
5.865999999999999659e+00;-2.088393887546135252e-01;9.748670050293423150e-01;-6.652613297837376649e+01;2.916995265924522300e+02
5.868000000000000327e+00;-1.888949119528933740e-01;9.781546847499239528e-01;-5.960722895515274189e+01;2.930493935901602072e+02
5.870000000000000107e+00;-1.602687583670500682e-01;9.792885135700333255e-01;-5.362544526736843409e+01;2.948990111828597378e+02
5.871999999999999886e+00;-1.457595136458097740e-01;9.852851718574999751e-01;-4.714165604829794631e+01;2.958770657025755213e+02
5.873999999999999666e+00;-1.204603419098830008e-01;9.889909291122386259e-01;-4.057212051654783380e+01;2.970206762348279312e+02
5.876000000000000334e+00;-1.025675396636889503e-01;9.908788598197363351e-01;-3.400017131226466915e+01;2.976606946633370399e+02
5.878000000000000114e+00;-8.015315738474533547e-02;9.940030761536682302e-01;-2.754396160867565868e+01;2.986766114746002359e+02
5.879999999999999893e+00;-5.724617613945317401e-02;9.942294030770414404e-01;-2.131028919968936819e+01;2.993195433526501574e+02
5.881999999999999673e+00;-3.773789300042459244e-02;9.968827553432696442e-01;-1.440472909562346082e+01;2.999102383081972789e+02
5.884000000000000341e+00;-1.879712890853476454e-02;9.991739548511924252e-01;-8.043517052262332712e+00;3.000139048209441057e+02
5.886000000000000121e+00;6.599876074953882690e-03;9.995668309643612748e-01;-1.277775225638555279e+00;3.002980547666497841e+02
5.887999999999999901e+00;3.010401561160940681e-02;9.989503965122434881e-01;5.306686493084685985e+00;3.002592742597927895e+02
5.889999999999999680e+00;5.327992494702680354e-02;9.972650323388476679e-01;1.179529083837319270e+01;3.004293140471793890e+02
5.892000000000000348e+00;7.633602837423450471e-02;9.957451223634100623e-01;1.828861663472230958e+01;3.004718234997332047e+02
5.894000000000000128e+00;9.418062048104405837e-02;9.948050991377085372e-01;2.482738494794497441e+01;2.999736325051489985e+02
5.895999999999999908e+00;1.135553956800205710e-01;9.945874828933227718e-01;3.157789117305030757e+01;2.993762263231656107e+02
5.897999999999999687e+00;1.341348997508678420e-01;9.915077082835100919e-01;3.774594077343849108e+01;2.987638801497316763e+02
5.900000000000000355e+00;1.565472118141703062e-01;9.876818566261335031e-01;4.434937922430826518e+01;2.981015307996086108e+02
5.902000000000000135e+00;1.819558709850264966e-01;9.841535165637885774e-01;5.078316313097573698e+01;2.972653488569447404e+02
5.903999999999999915e+00;1.986396394825886702e-01;9.832766487534367883e-01;5.718330733351781703e+01;2.962172497792845434e+02
5.905999999999999694e+00;2.216690993009292066e-01;9.764750189386569579e-01;6.394650529128513483e+01;2.948147049583074590e+02
5.908000000000000362e+00;2.435286585233497336e-01;9.723604572781784361e-01;7.034258849051701645e+01;2.934687301570262434e+02
5.910000000000000142e+00;2.628344871944277017e-01;9.663666916508122373e-01;7.670708544663635564e+01;2.921599420086865848e+02
5.911999999999999922e+00;2.807352549574796963e-01;9.631524833539109043e-01;8.291985435900679136e+01;2.905682049541480296e+02
5.913999999999999702e+00;3.014189045363458996e-01;9.574176172773395388e-01;8.916134204163590482e+01;2.887874579443899279e+02
5.916000000000000369e+00;3.200056065129623928e-01;9.514928647060653111e-01;9.550998911308494144e+01;2.869438108199627209e+02
5.918000000000000149e+00;3.402016345048499146e-01;9.457236522274546919e-01;1.015384829668116993e+02;2.847527834100907285e+02
5.919999999999999929e+00;3.631625889869073420e-01;9.377365495623168901e-01;1.076853088736980197e+02;2.827585619257312715e+02
5.921999999999999709e+00;3.858104615083980393e-01;9.286208204416397383e-01;1.140257313521317428e+02;2.806027928804331850e+02
5.924000000000000377e+00;4.016055426633858838e-01;9.226829825442856015e-01;1.199329535059138578e+02;2.781494461870317423e+02
5.926000000000000156e+00;4.223863082204745156e-01;9.135216190377967171e-01;1.259635377974214663e+02;2.757316079050191320e+02
5.927999999999999936e+00;4.446427092158173333e-01;9.025144441961776565e-01;1.318392516880363132e+02;2.730892462183643374e+02
5.929999999999999716e+00;4.612430367980778767e-01;8.946963213255119118e-01;1.377431980285598456e+02;2.703627558036893674e+02
5.932000000000000384e+00;4.806332643105031832e-01;8.840422162546817120e-01;1.435495720786242941e+02;2.673966691291936399e+02
5.934000000000000163e+00;5.015597752229943307e-01;8.748130982747390760e-01;1.493547093275380462e+02;2.641534520788802070e+02
5.935999999999999943e+00;5.196659201320225074e-01;8.651412835865892603e-01;1.549531503988641816e+02;2.610172722815177053e+02
5.937999999999999723e+00;5.333827823078393093e-01;8.537577955657313922e-01;1.607827948713357387e+02;2.576898354045491715e+02
5.940000000000000391e+00;5.543480840199955795e-01;8.418540185289794531e-01;1.660749058417257515e+02;2.543714582224415608e+02
5.942000000000000171e+00;5.703464627552691235e-01;8.286740474832893222e-01;1.717432364044119595e+02;2.505662159761146484e+02
5.943999999999999950e+00;5.899813506126300178e-01;8.171315542304716795e-01;1.769217526604016371e+02;2.470624413846124412e+02
5.945999999999999730e+00;6.064410825245621917e-01;8.051097162459821543e-01;1.823409619540415179e+02;2.434928708238674062e+02
5.948000000000000398e+00;6.265822928922372137e-01;7.908935599301227803e-01;1.875478732155276589e+02;2.395026894328668163e+02
5.950000000000000178e+00;6.412300097550116540e-01;7.780144660766075138e-01;1.927017111072075863e+02;2.356868369301125199e+02
5.951999999999999957e+00;6.557905734796535269e-01;7.656428677819093753e-01;1.978798323222026170e+02;2.312958523749004200e+02
5.953999999999999737e+00;6.732375112176296472e-01;7.513532204210888743e-01;2.026614171563671221e+02;2.270963833201588784e+02
5.956000000000000405e+00;6.895981564539113151e-01;7.379567733869804025e-01;2.073887220502876403e+02;2.230488868892041978e+02
5.958000000000000185e+00;7.055548738940613518e-01;7.215515323142327464e-01;2.122610723975990368e+02;2.185209705754683398e+02
5.959999999999999964e+00;7.208297516181239040e-01;7.059897111345199150e-01;2.169314771798996446e+02;2.139493718621506559e+02
5.961999999999999744e+00;7.356953566810109368e-01;6.887398020050324865e-01;2.215910744468838800e+02;2.093812950965059940e+02
5.964000000000000412e+00;7.508373019586054298e-01;6.723744455832202371e-01;2.260122887827624254e+02;2.044680830015787478e+02
5.966000000000000192e+00;7.635539776682626067e-01;6.569336231051855490e-01;2.303996309539641629e+02;1.996813349581926786e+02
5.967999999999999972e+00;7.780119153931266407e-01;6.414725780780721198e-01;2.344928226840582397e+02;1.947727927184005239e+02
5.969999999999999751e+00;7.892985646255729071e-01;6.252664522372846090e-01;2.386248767002138607e+02;1.898542578696063288e+02
5.972000000000000419e+00;8.019061565417986426e-01;6.079629653353605390e-01;2.426440021186122067e+02;1.845685137975249859e+02
5.974000000000000199e+00;8.177150721858126303e-01;5.891781819532873055e-01;2.468394196541736960e+02;1.795331463026145968e+02
5.975999999999999979e+00;8.279536544844681156e-01;5.727329876616381599e-01;2.506351493057565563e+02;1.741724799758037534e+02
5.977999999999999758e+00;8.397128594822820258e-01;5.550487971406355969e-01;2.541883780178674499e+02;1.687657141010224109e+02
5.980000000000000426e+00;8.508893565502410050e-01;5.372962523839752702e-01;2.576381222447167829e+02;1.633489142499448121e+02
5.982000000000000206e+00;8.600097684876002457e-01;5.203616635512141597e-01;2.610367174085591842e+02;1.578838021793796429e+02
5.983999999999999986e+00;8.754129242760440022e-01;4.996741122606032093e-01;2.644736806779595781e+02;1.524199771363646789e+02
5.985999999999999766e+00;8.824082431264128612e-01;4.824331108810578916e-01;2.676179527634275246e+02;1.465877646248249562e+02
5.987999999999999545e+00;8.923576413254684647e-01;4.642540081710103683e-01;2.708491567432450324e+02;1.409695064728845750e+02
5.990000000000000213e+00;9.041478135277234429e-01;4.440597077816680338e-01;2.738371416442191730e+02;1.352744453146230512e+02
5.991999999999999993e+00;9.110111300416032787e-01;4.259396582841764589e-01;2.766819490273805968e+02;1.293529715526468351e+02
5.993999999999999773e+00;9.169185420118937113e-01;4.092990316835813935e-01;2.794149410380442760e+02;1.233261188858109563e+02
5.996000000000000441e+00;9.243345835111854703e-01;3.880927786654476686e-01;2.820109210218256521e+02;1.173668191051558551e+02
5.998000000000000220e+00;9.344142401324587732e-01;3.692685179705367249e-01;2.844551213904637734e+02;1.114511321551289456e+02
6.000000000000000000e+00;9.438129219570686734e-01;3.477606784156125341e-01;2.867386916329115820e+02;1.052804556094311437e+02
6.001999999999999780e+00;9.484224829588472350e-01;3.289914818303817379e-01;2.889674098952408485e+02;9.926253895085346812e+01
6.003999999999999559e+00;9.535912792560887752e-01;3.094654388429866065e-01;2.912342336067686119e+02;9.302428638916011039e+01
6.006000000000000227e+00;9.634017477890136627e-01;2.891621563268649275e-01;2.929228458224802694e+02;8.694116389308993575e+01
6.008000000000000007e+00;9.647242993400342304e-01;2.706748937882262895e-01;2.946728063922208776e+02;8.033301506682235527e+01
6.009999999999999787e+00;9.701512325270673642e-01;2.508175407866781170e-01;2.965183051907976051e+02;7.426163363682113072e+01
6.011999999999999567e+00;9.739915325464153506e-01;2.307889308521945959e-01;2.980231134032870273e+02;6.789631889311178270e+01
6.014000000000000234e+00;9.790292276360001988e-01;2.112891519182059363e-01;2.993471246212639016e+02;6.170371387211455527e+01
6.016000000000000014e+00;9.851387860727985890e-01;1.909059562063813442e-01;3.006605337827813855e+02;5.508327221994650102e+01
6.017999999999999794e+00;9.894303827837029885e-01;1.691517445565103306e-01;3.020576759996753253e+02;4.882384653678786179e+01
6.019999999999999574e+00;9.888159428823289909e-01;1.503568877636900780e-01;3.028426773760776882e+02;4.217054581188411078e+01
6.022000000000000242e+00;9.922719389838341453e-01;1.306859518434962952e-01;3.038013719977444111e+02;3.572862013586409802e+01
6.024000000000000021e+00;9.923837815548844921e-01;1.125406111121257935e-01;3.045208772999008602e+02;2.907961607532827131e+01
6.025999999999999801e+00;9.951277889088613327e-01;9.167328934987772904e-02;3.053368329034195767e+02;2.255330623341490792e+01
6.027999999999999581e+00;9.954493111559801211e-01;7.301009976797703804e-02;3.057399620280287422e+02;1.617158763496468765e+01
6.030000000000000249e+00;9.951626356677889529e-01;5.321963387181992411e-02;3.061668238057642952e+02;9.621389017632546725e+00
6.032000000000000028e+00;9.972963743771019463e-01;2.953051494251745027e-02;3.063323652570159652e+02;3.143654982988214108e+00
6.033999999999999808e+00;9.987478042037519765e-01;6.374431883624640319e-03;3.064808313779606124e+02;-3.769595732959685197e+00
6.035999999999999588e+00;9.970777109360440260e-01;-1.263301368104113517e-02;3.060547281863952094e+02;-1.014359984753989430e+01
6.038000000000000256e+00;9.961975455093053933e-01;-3.226274503904415225e-02;3.058386992575127579e+02;-1.670684346209994686e+01
6.040000000000000036e+00;9.972943180668766283e-01;-5.262673309663144783e-02;3.053843525838235564e+02;-2.301977643455029110e+01
6.041999999999999815e+00;9.929659491709819097e-01;-7.264495601977144501e-02;3.052202766159907696e+02;-2.975430542776064868e+01
6.043999999999999595e+00;9.920930022268784620e-01;-9.296008780983182340e-02;3.044206349328222814e+02;-3.618271906574534569e+01
6.046000000000000263e+00;9.921517683692906431e-01;-1.139749178807905328e-01;3.036253849926409885e+02;-4.262851798821206728e+01
6.048000000000000043e+00;9.870500234581239818e-01;-1.324999496262417309e-01;3.026666723684216436e+02;-4.908786226212760084e+01
6.049999999999999822e+00;9.854341531393538967e-01;-1.529455813568316169e-01;3.018786833806286154e+02;-5.538771889108285507e+01
6.051999999999999602e+00;9.835266717964969985e-01;-1.740244452783949458e-01;3.004926490975013849e+02;-6.159498022999324718e+01
6.054000000000000270e+00;9.771583934459080467e-01;-1.917486177002374892e-01;2.990558886550286957e+02;-6.824048146858463326e+01
6.056000000000000050e+00;9.755397685972869715e-01;-2.126340781189131057e-01;2.977340612477047443e+02;-7.467365626270212431e+01
6.057999999999999829e+00;9.706044238860049855e-01;-2.326717524224745648e-01;2.961273900897148224e+02;-8.076679971161239280e+01
6.059999999999999609e+00;9.656235135184759732e-01;-2.532960220806829144e-01;2.944743396826841604e+02;-8.718731353538314011e+01
6.062000000000000277e+00;9.612224773773163644e-01;-2.727363823181129798e-01;2.926194913267701168e+02;-9.345938155250603074e+01
6.064000000000000057e+00;9.534269899560134931e-01;-2.903779087493722488e-01;2.905939561551396082e+02;-9.949134379550085328e+01
6.065999999999999837e+00;9.477577397520617897e-01;-3.104935463801528628e-01;2.883150799761497751e+02;-1.057256856062505648e+02
6.067999999999999616e+00;9.420279852299759948e-01;-3.325201250142817977e-01;2.863838071282518172e+02;-1.116696315536939608e+02
6.070000000000000284e+00;9.320774752482874348e-01;-3.498804712060106792e-01;2.838426344597969546e+02;-1.178818228325748407e+02
6.072000000000000064e+00;9.249221700947292124e-01;-3.693766151788887564e-01;2.811317811039020853e+02;-1.238674627513462809e+02
6.073999999999999844e+00;9.196900453146061860e-01;-3.906520782327051466e-01;2.787247020124233359e+02;-1.297421506095490429e+02
6.075999999999999623e+00;9.105196467456451170e-01;-4.095423536598506997e-01;2.759862747697241616e+02;-1.357250098359943991e+02
6.078000000000000291e+00;9.013688869070086707e-01;-4.283079588688694095e-01;2.730585682002000567e+02;-1.411296049791051814e+02
6.080000000000000071e+00;8.933809183110229535e-01;-4.469314867681574155e-01;2.698489759670705439e+02;-1.471283351057185200e+02
6.081999999999999851e+00;8.862631292813019090e-01;-4.665735709344860926e-01;2.666770902831574972e+02;-1.528158865416470178e+02
6.083999999999999631e+00;8.700650971792492916e-01;-4.820154237991015056e-01;2.636936004413779528e+02;-1.584547350347338011e+02
6.086000000000000298e+00;8.642733038073003859e-01;-5.045896673623200268e-01;2.602466707557704808e+02;-1.637526721517046724e+02
6.088000000000000078e+00;8.513377403516692032e-01;-5.213934073830193139e-01;2.568605116878359809e+02;-1.693481325528871082e+02
6.089999999999999858e+00;8.366571328674072827e-01;-5.378316897301427257e-01;2.531028962095101633e+02;-1.749247924526620466e+02
6.091999999999999638e+00;8.298869576609642085e-01;-5.588889710771849373e-01;2.495194366203591017e+02;-1.800244741741609573e+02
6.094000000000000306e+00;8.144598229432601366e-01;-5.739494984830724178e-01;2.456545638433498766e+02;-1.852747386917861263e+02
6.096000000000000085e+00;8.014855510303251496e-01;-5.915525988421238557e-01;2.417314802388230532e+02;-1.904209837619921188e+02
6.097999999999999865e+00;7.892109134113678426e-01;-6.082023544929781034e-01;2.376021060203339061e+02;-1.953630677779648295e+02
6.099999999999999645e+00;7.781641566990284975e-01;-6.274535528183827759e-01;2.333679438022811041e+02;-2.003501173616338633e+02
6.102000000000000313e+00;7.607598478916457463e-01;-6.414565184144869203e-01;2.291037168040564325e+02;-2.053446996840585541e+02
6.104000000000000092e+00;7.537761214969826984e-01;-6.621986010985618787e-01;2.247151515454348498e+02;-2.100321426095974857e+02
6.105999999999999872e+00;7.368347620094765071e-01;-6.785728024080797116e-01;2.201938370826977405e+02;-2.145389328219393121e+02
6.107999999999999652e+00;7.152665660579015094e-01;-6.910877535190207421e-01;2.158116328834848332e+02;-2.193671276337925065e+02
6.110000000000000320e+00;7.029183614428888838e-01;-7.094376623241898105e-01;2.109998845304533575e+02;-2.237473551864852652e+02
6.112000000000000099e+00;6.834167094047586266e-01;-7.228696211157763507e-01;2.062972054544289620e+02;-2.282442742109147673e+02
6.113999999999999879e+00;6.715877122838034285e-01;-7.387049963071111724e-01;2.011757514020071653e+02;-2.324040465643518019e+02
6.115999999999999659e+00;6.550218741011443191e-01;-7.535872213320971014e-01;1.964686368494120927e+02;-2.364940365062392118e+02
6.118000000000000327e+00;6.369061221504533910e-01;-7.662130469604112593e-01;1.910550400905656829e+02;-2.404821780911103417e+02
6.120000000000000107e+00;6.169979927221026506e-01;-7.781756723552109012e-01;1.858712808989625103e+02;-2.448070410707061910e+02
6.121999999999999886e+00;6.008461846247998839e-01;-7.943072354913108812e-01;1.807861726806173408e+02;-2.485290221873416954e+02
6.123999999999999666e+00;5.829924600494802434e-01;-8.068551390208815732e-01;1.753881556488658759e+02;-2.521501244837876072e+02
6.126000000000000334e+00;5.677577238614326394e-01;-8.202071073528518497e-01;1.699241901893977911e+02;-2.557039884511990806e+02
6.128000000000000114e+00;5.469531501711475396e-01;-8.311296731819727279e-01;1.644687516486503114e+02;-2.591869176059670394e+02
6.129999999999999893e+00;5.325077351800689973e-01;-8.438498650676778956e-01;1.587615664780752809e+02;-2.624648953977052201e+02
6.131999999999999673e+00;5.148801821863244754e-01;-8.561066516304883800e-01;1.530561281083570861e+02;-2.656854861597292938e+02
6.134000000000000341e+00;4.942872209414373441e-01;-8.665969490584976009e-01;1.473659314614281755e+02;-2.689060262800884971e+02
6.136000000000000121e+00;4.736924398517164958e-01;-8.764997979468864830e-01;1.416391853154601961e+02;-2.718035768033807358e+02
6.137999999999999901e+00;4.507479262348417781e-01;-8.847763110072019987e-01;1.357297298229244120e+02;-2.748388342687300110e+02
6.139999999999999680e+00;4.330387033221428927e-01;-8.962866644311759945e-01;1.298386798932426984e+02;-2.777856210120901892e+02
6.142000000000000348e+00;4.152733356293822342e-01;-9.055800467688174260e-01;1.239540500919311796e+02;-2.799768516702844181e+02
6.144000000000000128e+00;3.992843257361364806e-01;-9.162483072222377123e-01;1.176913745405014708e+02;-2.825543749534292601e+02
6.145999999999999908e+00;3.776056976741519189e-01;-9.216964160803886585e-01;1.115330857149356234e+02;-2.851306226567181739e+02
6.147999999999999687e+00;3.560555060135480177e-01;-9.312447539480359637e-01;1.054182658217935824e+02;-2.871860264162406793e+02
6.150000000000000355e+00;3.350705795822692679e-01;-9.386993503657354854e-01;9.912892789479170119e+01;-2.892069125494684840e+02
6.152000000000000135e+00;3.125831073926617076e-01;-9.446394384508008946e-01;9.299187065480620618e+01;-2.914682020041901183e+02
6.153999999999999915e+00;2.918232735513240361e-01;-9.508851628001361300e-01;8.667428953705187666e+01;-2.930626833358764429e+02
6.155999999999999694e+00;2.727338409966896249e-01;-9.577146992543538184e-01;8.032495264307604543e+01;-2.948634484225834171e+02
6.158000000000000362e+00;2.508769342651939738e-01;-9.627897513687708742e-01;7.396126328726995780e+01;-2.962866419191781233e+02
6.160000000000000142e+00;2.313993528545031375e-01;-9.703612284969673762e-01;6.749569202237360344e+01;-2.978878937943707115e+02
6.161999999999999922e+00;2.108721693535834107e-01;-9.760361084987190239e-01;6.106651554925227998e+01;-2.993448844486416647e+02
6.163999999999999702e+00;1.905208276900240416e-01;-9.806399779226190327e-01;5.467237292850154518e+01;-3.003896179423607578e+02
6.166000000000000369e+00;1.684648013173305758e-01;-9.833507117644945117e-01;4.811603396893631412e+01;-3.014528198987792393e+02
6.168000000000000149e+00;1.466043928440713962e-01;-9.879711922988126949e-01;4.158729279550491498e+01;-3.022768841674191549e+02
6.169999999999999929e+00;1.233010480052291191e-01;-9.896190166332351490e-01;3.514148846849259655e+01;-3.030667364594439164e+02
6.171999999999999709e+00;1.037729674929527279e-01;-9.929632192992692286e-01;2.847163163013862430e+01;-3.035848696367913249e+02
6.174000000000000377e+00;8.059652070400499801e-02;-9.944755047033140283e-01;2.180318099313259239e+01;-3.041230195976615960e+02
6.176000000000000156e+00;5.840387649828650274e-02;-9.959181237232626049e-01;1.542673450025431592e+01;-3.045676212678275192e+02
6.177999999999999936e+00;4.017800201759039180e-02;-9.986399147593807424e-01;8.828726206829085044e+00;-3.046715318336281371e+02
6.179999999999999716e+00;2.162147932037467024e-02;-1.000721067113070406e+00;2.146928618921893239e+00;-3.046804379498552180e+02
6.182000000000000384e+00;-3.687427327862068289e-03;-1.000290659827495876e+00;-4.556549582865351944e+00;-3.045438703410699190e+02
6.184000000000000163e+00;-2.265500014045998892e-02;-1.001761993431067310e+00;-1.133154792011416134e+01;-3.042543976224584981e+02
6.185999999999999943e+00;-4.400832541233840045e-02;-1.003820341821797246e+00;-1.788132279063117736e+01;-3.038840090320446166e+02
6.187999999999999723e+00;-6.656895466929244054e-02;-1.001236029155944562e+00;-2.442900707447700270e+01;-3.032998289676833679e+02
6.190000000000000391e+00;-8.866034363423251630e-02;-9.989144505850807709e-01;-3.094575128007294751e+01;-3.028106371361592437e+02
6.192000000000000171e+00;-1.137065964873905932e-01;-9.967687714397091003e-01;-3.759114398706430649e+01;-3.021402827303089111e+02
6.193999999999999950e+00;-1.314595368958229593e-01;-9.948371374473309325e-01;-4.417664749999032381e+01;-3.011380279083736013e+02
6.195999999999999730e+00;-1.531763316181889711e-01;-9.941218774195167418e-01;-5.060077191288424814e+01;-3.000272742114801758e+02
6.198000000000000398e+00;-1.719560288934519343e-01;-9.922120051669598428e-01;-5.708137025076148063e+01;-2.988681553504974886e+02
6.200000000000000178e+00;-1.937185980703265975e-01;-9.874537901002428120e-01;-6.373336049087649968e+01;-2.975329072444613985e+02
6.201999999999999957e+00;-2.162449707145936151e-01;-9.828806354293332381e-01;-6.990443018488170424e+01;-2.963304652677999229e+02
6.203999999999999737e+00;-2.387292499215731278e-01;-9.790223457337188240e-01;-7.637684846289633356e+01;-2.948419041794680879e+02
6.206000000000000405e+00;-2.567427041669205767e-01;-9.758590149117851720e-01;-8.257479611859392321e+01;-2.929438049466319853e+02
6.208000000000000185e+00;-2.819971962152553191e-01;-9.692209906766876548e-01;-8.895663411548122212e+01;-2.913329700433855010e+02
6.209999999999999964e+00;-2.999525985555818730e-01;-9.633559540994751647e-01;-9.544431317959501371e+01;-2.890924524862858789e+02
6.211999999999999744e+00;-3.193132717112271979e-01;-9.573268034353257239e-01;-1.016263509856321718e+02;-2.867920809202871055e+02
6.214000000000000412e+00;-3.408322451585340529e-01;-9.497996299332946979e-01;-1.078513457757218532e+02;-2.849633469073226024e+02
6.216000000000000192e+00;-3.597653070894705207e-01;-9.445476822300176156e-01;-1.137034125448899857e+02;-2.824629071907776847e+02
6.217999999999999972e+00;-3.826668013273567537e-01;-9.373570315299378786e-01;-1.199188379063540140e+02;-2.798087745232957104e+02
6.219999999999999751e+00;-4.054772076555361870e-01;-9.301306616565232499e-01;-1.256305986431867012e+02;-2.772477944252524367e+02
6.222000000000000419e+00;-4.211162044397516735e-01;-9.232913320230183851e-01;-1.317236045241006366e+02;-2.745947966235799527e+02
6.224000000000000199e+00;-4.416067513400244171e-01;-9.134442263819918528e-01;-1.376967803606788152e+02;-2.717269068205691838e+02
6.225999999999999979e+00;-4.597642122663759823e-01;-9.043981434006560516e-01;-1.435410620260120993e+02;-2.686268955378781698e+02
6.227999999999999758e+00;-4.819236984592772943e-01;-8.939307204246643712e-01;-1.491703535840451877e+02;-2.655596589557047764e+02
6.230000000000000426e+00;-5.003518163983768918e-01;-8.851302477727520657e-01;-1.549871452961506861e+02;-2.623718047971049145e+02
6.232000000000000206e+00;-5.168555330273677528e-01;-8.752721379408999747e-01;-1.604606241524651296e+02;-2.587481520528343708e+02
6.233999999999999986e+00;-5.344182798065379991e-01;-8.651154854380778136e-01;-1.660331823573010865e+02;-2.551682485403173359e+02
6.235999999999999766e+00;-5.561104312025005880e-01;-8.537971018915614385e-01;-1.713025985241335718e+02;-2.515516509904621785e+02
6.238000000000000433e+00;-5.762320600823143124e-01;-8.401413996050053345e-01;-1.767441355883775600e+02;-2.482486948935623730e+02
6.240000000000000213e+00;-5.918484665751911900e-01;-8.293717837455962805e-01;-1.820372440649871919e+02;-2.440255521203598050e+02
6.241999999999999993e+00;-6.103657653328218302e-01;-8.149248694191522091e-01;-1.872264143207943334e+02;-2.402725818754283864e+02
6.243999999999999773e+00;-6.309537413472279255e-01;-8.002813931265073677e-01;-1.923026414229575778e+02;-2.363104841157784506e+02
6.246000000000000441e+00;-6.457679283515191937e-01;-7.879444762340532815e-01;-1.972644933839449664e+02;-2.319219272415429316e+02
6.248000000000000220e+00;-6.647995853675854327e-01;-7.747842741891617369e-01;-2.021225278359339086e+02;-2.276992978261934581e+02
6.250000000000000000e+00;-6.762583590916397824e-01;-7.617590080205790537e-01;-2.068557546252907287e+02;-2.232350828783189627e+02
6.251999999999999780e+00;-6.961052710002472166e-01;-7.467219452348407005e-01;-2.115236654853905236e+02;-2.189473568547381888e+02
6.253999999999999559e+00;-7.113638382650983027e-01;-7.310313589078381025e-01;-2.161842098473095461e+02;-2.141795267243190608e+02
6.256000000000000227e+00;-7.255039495922299686e-01;-7.158547616512848100e-01;-2.208141023455915217e+02;-2.094349847039812573e+02
6.258000000000000007e+00;-7.428398921052237203e-01;-6.995149986553880206e-01;-2.253282745307934078e+02;-2.047062411053514666e+02
6.259999999999999787e+00;-7.565193685608720964e-01;-6.837370693465005811e-01;-2.293366921244769969e+02;-1.997099960038661379e+02
6.262000000000000455e+00;-7.725205444102493102e-01;-6.663431974559019810e-01;-2.336220975380088873e+02;-1.949785958956696845e+02
6.264000000000000234e+00;-7.867286774651265358e-01;-6.482609793800230280e-01;-2.374561785379508763e+02;-1.900812701498445847e+02
6.266000000000000014e+00;-8.013716303823207321e-01;-6.311782727346120225e-01;-2.415386207985019951e+02;-1.848803019551477291e+02
6.267999999999999794e+00;-8.123079132814978731e-01;-6.143878612523534510e-01;-2.453202393819589417e+02;-1.794420338523678993e+02
6.269999999999999574e+00;-8.256819911741895002e-01;-5.968252053022855552e-01;-2.491188491174927435e+02;-1.741332480921270474e+02
6.272000000000000242e+00;-8.363585099891952535e-01;-5.790170804605671018e-01;-2.526454312702596212e+02;-1.686859497448817535e+02
6.274000000000000021e+00;-8.488966160478497169e-01;-5.595030615529374973e-01;-2.562356069940857424e+02;-1.631982233856855942e+02
6.275999999999999801e+00;-8.612672374134342501e-01;-5.406237122328663158e-01;-2.594752461667204102e+02;-1.577007729496312436e+02
6.278000000000000469e+00;-8.730115633561859045e-01;-5.226075820376089309e-01;-2.626007809521827312e+02;-1.520579786483052374e+02
6.280000000000000249e+00;-8.826982680876922505e-01;-5.031238470466117274e-01;-2.660022582761247918e+02;-1.463245042920502499e+02
6.282000000000000028e+00;-8.918065924554972046e-01;-4.830408801058815316e-01;-2.690504918158062537e+02;-1.403285436328054061e+02
6.283999999999999808e+00;-9.014037194120023688e-01;-4.651461411027444370e-01;-2.716213424072931275e+02;-1.346942139476071816e+02
6.285999999999999588e+00;-9.139932641264998381e-01;-4.429470274102982330e-01;-2.742703102933199943e+02;-1.290495333791826056e+02
6.288000000000000256e+00;-9.182366260048289153e-01;-4.251341800758038358e-01;-2.770033598853401600e+02;-1.229044696727792996e+02
6.290000000000000036e+00;-9.259973963517614814e-01;-4.049317429640150179e-01;-2.795215897689984104e+02;-1.168450548437943581e+02
6.291999999999999815e+00;-9.325848765182834788e-01;-3.854658874331174934e-01;-2.817352541479402248e+02;-1.107490212325340906e+02
6.293999999999999595e+00;-9.458792348110431902e-01;-3.625338672553600761e-01;-2.840608177811892006e+02;-1.049415858519972460e+02
6.296000000000000263e+00;-9.506159759395773623e-01;-3.435809425413594020e-01;-2.859742175803697251e+02;-9.851326730249778052e+01
6.298000000000000043e+00;-9.572660694643195800e-01;-3.209553121749418314e-01;-2.880122812843804923e+02;-9.244128724506731487e+01
6.299999999999999822e+00;-9.625977005714976276e-01;-3.013068569341976199e-01;-2.897402053113835905e+02;-8.624493867209240250e+01
6.301999999999999602e+00;-9.677157990624569717e-01;-2.797420892165764505e-01;-2.914386778252923023e+02;-7.973480456432361052e+01
6.304000000000000270e+00;-9.722829665480338113e-01;-2.589386651296184949e-01;-2.927381738139022218e+02;-7.360241820255336620e+01
6.306000000000000050e+00;-9.764232906096881326e-01;-2.381988281583871658e-01;-2.941601884215959899e+02;-6.700815883541692131e+01
6.307999999999999829e+00;-9.830421675294346295e-01;-2.163663480821683416e-01;-2.954870399807573449e+02;-6.074447889799072442e+01
6.309999999999999609e+00;-9.844505603346439537e-01;-1.970282270774464661e-01;-2.965804143673314002e+02;-5.394745161153478819e+01
6.312000000000000277e+00;-9.869607648874689776e-01;-1.764814107476054827e-01;-2.973768206430953569e+02;-4.776100649188021663e+01
6.314000000000000057e+00;-9.898605566753868601e-01;-1.533523876816878517e-01;-2.983735468149805001e+02;-4.116007155304339449e+01
6.315999999999999837e+00;-9.933252562581378342e-01;-1.323951462750691532e-01;-2.991062745387804398e+02;-3.482470953573164962e+01
6.317999999999999616e+00;-9.957978442338342173e-01;-1.103063823138958066e-01;-2.996340998152339807e+02;-2.820729277528869972e+01
6.320000000000000284e+00;-9.957811244474449319e-01;-8.818171629335129491e-02;-3.001738683169115234e+02;-2.145833839981049707e+01
6.322000000000000064e+00;-9.962205790232202540e-01;-6.798708546347768944e-02;-3.000796730012231137e+02;-1.508808622451912740e+01
6.323999999999999844e+00;-9.983471934002642323e-01;-4.670145754772863506e-02;-3.002807713014996693e+02;-8.588703333425362629e+00
6.325999999999999623e+00;-9.985823607363812915e-01;-2.504063119958960942e-02;-3.002478782005413223e+02;-2.120535003579585354e+00
6.328000000000000291e+00;-1.000819836426188658e+00;-3.819329891461394934e-03;-3.000325749801937718e+02;4.573762819295878579e+00
6.330000000000000071e+00;-1.000085216472507588e+00;2.262776453109864583e-02;-2.998202574395280067e+02;1.110499164315416110e+01
6.331999999999999851e+00;-9.932071872696282000e-01;4.244733692758166643e-02;-2.994673845326168475e+02;1.786674631316019557e+01
6.333999999999999631e+00;-9.934596623118995273e-01;6.568097884124671215e-02;-2.987092600096702881e+02;2.442688788675974365e+01
6.336000000000000298e+00;-9.887927381322040299e-01;8.522166783404880319e-02;-2.980901686431851090e+02;3.095094559949915336e+01
6.338000000000000078e+00;-9.890051990618571320e-01;1.062947945926257381e-01;-2.971666933222215903e+02;3.745842015215539789e+01
6.339999999999999858e+00;-9.819155076640647684e-01;1.267505267805826841e-01;-2.961818156340642076e+02;4.406742157892827549e+01
6.341999999999999638e+00;-9.794021594708457457e-01;1.480462304203585266e-01;-2.950816737891004777e+02;5.037969194889968350e+01
6.344000000000000306e+00;-9.768778894829782677e-01;1.698114008420513465e-01;-2.938078807208538024e+02;5.689872946732922543e+01
6.346000000000000085e+00;-9.680100088032309591e-01;1.901568086271603897e-01;-2.923431783510167747e+02;6.362294594454433394e+01
6.347999999999999865e+00;-9.670803042954997375e-01;2.122950978938446254e-01;-2.907316361244346581e+02;6.967018831753624397e+01
6.349999999999999645e+00;-9.639543585018153227e-01;2.350045373720985042e-01;-2.891752323889446643e+02;7.598872841411879619e+01
6.352000000000000313e+00;-9.561422860404024116e-01;2.559699613556500886e-01;-2.873237358734567692e+02;8.250770526961265716e+01
6.354000000000000092e+00;-9.521877660649163966e-01;2.776643809351416747e-01;-2.853394484938971800e+02;8.875825938667927062e+01
6.355999999999999872e+00;-9.453595425511200911e-01;2.969800067333273619e-01;-2.833690352149320688e+02;9.490365153961593592e+01
6.357999999999999652e+00;-9.348718414887210448e-01;3.163264995234565946e-01;-2.809991617392303169e+02;1.013869378361029305e+02
6.360000000000000320e+00;-9.294613409782692681e-01;3.381503490904387288e-01;-2.786153273760876914e+02;1.073339253555268726e+02
6.362000000000000099e+00;-9.239613346047734765e-01;3.610285221936900824e-01;-2.761306220548437977e+02;1.133275931291785810e+02
6.363999999999999879e+00;-9.124624076289562513e-01;3.802335238520545002e-01;-2.735599794396839002e+02;1.194543618265206959e+02
6.365999999999999659e+00;-9.047307360363033846e-01;4.024486188406057319e-01;-2.708508883377783150e+02;1.254682430337687293e+02
6.368000000000000327e+00;-8.926030967893213708e-01;4.210304031522469903e-01;-2.679500427527863167e+02;1.315008070943504208e+02
6.370000000000000107e+00;-8.886276761835348870e-01;4.430921546150659585e-01;-2.649292641976381901e+02;1.371739023553506627e+02
6.371999999999999886e+00;-8.735038290951360196e-01;4.618614638681228790e-01;-2.616497920831649253e+02;1.429656112736642228e+02
6.373999999999999666e+00;-8.615338111626418272e-01;4.806393168231447577e-01;-2.585554920345302889e+02;1.488037032510485744e+02
6.376000000000000334e+00;-8.510222734913096554e-01;4.993607838845163793e-01;-2.550725162318794048e+02;1.544349308631706776e+02
6.378000000000000114e+00;-8.396054587656800461e-01;5.187830566413463851e-01;-2.515901055246482372e+02;1.601229834573394442e+02
6.379999999999999893e+00;-8.284309419199820113e-01;5.385568349726341797e-01;-2.480392138662185175e+02;1.654953426122350493e+02
6.381999999999999673e+00;-8.150371618083802616e-01;5.562544764665321440e-01;-2.440195108153966430e+02;1.707427912035976192e+02
6.384000000000000341e+00;-8.037330089785206244e-01;5.757685192640064065e-01;-2.402029763879805557e+02;1.761401432039344286e+02
6.386000000000000121e+00;-7.879996826350378347e-01;5.927418310466187057e-01;-2.363147825221665244e+02;1.814966794640660623e+02
6.387999999999999901e+00;-7.718864546710992869e-01;6.095806800836186534e-01;-2.322691931351601795e+02;1.866862392904662045e+02
6.389999999999999680e+00;-7.591426833677694663e-01;6.300249357514817738e-01;-2.282908754400401108e+02;1.918650153032284038e+02
6.392000000000000348e+00;-7.449152117587664046e-01;6.465644525051321700e-01;-2.239144609367953649e+02;1.966511202499411581e+02
6.394000000000000128e+00;-7.309079832829944445e-01;6.647424097178364910e-01;-2.195796385767900176e+02;2.015532465423192434e+02
6.395999999999999908e+00;-7.154733914413864415e-01;6.800965204771300954e-01;-2.149306045645417669e+02;2.064693450950362603e+02
6.397999999999999687e+00;-6.983857942545255160e-01;6.973432759764626176e-01;-2.105459300501584607e+02;2.110987403895010175e+02
6.400000000000000355e+00;-6.817772732796345547e-01;7.142025920423871188e-01;-2.057324159872833604e+02;2.158673289400204283e+02
6.402000000000000135e+00;-6.647857651468482842e-01;7.305649669341311991e-01;-2.009138025227835840e+02;2.202092140401321956e+02
6.403999999999999915e+00;-6.478243955075978500e-01;7.450297620494000794e-01;-1.961729316075656016e+02;2.247277643783857002e+02
6.405999999999999694e+00;-6.354768615458454839e-01;7.616395276948135784e-01;-1.908558822469254039e+02;2.287921614192318032e+02
6.408000000000000362e+00;-6.141790042129955385e-01;7.737550896276775836e-01;-1.859458233256151800e+02;2.331440191429144875e+02
6.410000000000000142e+00;-5.979114841766659527e-01;7.901448147514413822e-01;-1.806168431190806132e+02;2.371198420514063798e+02
6.411999999999999922e+00;-5.791144217350930878e-01;8.026326287588954056e-01;-1.753180846561953103e+02;2.411397327039073275e+02
6.413999999999999702e+00;-5.594879513379081848e-01;8.148665883856995862e-01;-1.699606611731552164e+02;2.449739153474037607e+02
6.416000000000000369e+00;-5.438578003312932729e-01;8.299561792288733253e-01;-1.646448858920212501e+02;2.484504197692579623e+02
6.418000000000000149e+00;-5.207764851424848684e-01;8.390779347269315958e-01;-1.590531363916709608e+02;2.523802795500631930e+02
6.419999999999999929e+00;-5.063001120620580497e-01;8.535205103923967362e-01;-1.535460921997235175e+02;2.558396462281856998e+02
6.421999999999999709e+00;-4.855906380906307440e-01;8.649603936402113780e-01;-1.478898132221248432e+02;2.591031444664679384e+02
6.424000000000000377e+00;-4.630303888134182921e-01;8.754307578082247687e-01;-1.421159793437967096e+02;2.625162859296986539e+02
6.426000000000000156e+00;-4.488879085273138614e-01;8.887053730441520916e-01;-1.360833128968339452e+02;2.654294339169354657e+02
6.427999999999999936e+00;-4.258551627930283745e-01;8.968466658027918204e-01;-1.306598474831447163e+02;2.684369822490483557e+02
6.429999999999999716e+00;-4.028813520106293566e-01;9.057781585889566056e-01;-1.245771861201035762e+02;2.714484825564192647e+02
6.432000000000000384e+00;-3.874708656710535992e-01;9.163783008009985798e-01;-1.185757753707445801e+02;2.739245084294446428e+02
6.434000000000000163e+00;-3.667439143766516030e-01;9.262504966376591264e-01;-1.124591380012913078e+02;2.764830663081871762e+02
6.435999999999999943e+00;-3.444111117162289015e-01;9.326491126094348383e-01;-1.062802548733325523e+02;2.790524157919585946e+02
6.437999999999999723e+00;-3.252685421621823725e-01;9.404980036957564238e-01;-1.005155447446628330e+02;2.815757973665678264e+02
6.440000000000000391e+00;-3.026456938073942560e-01;9.487269508932796303e-01;-9.423275775552103539e+01;2.839076445207891766e+02
6.442000000000000171e+00;-2.766144148794350555e-01;9.526786202900465739e-01;-8.789468540921328099e+01;2.858643794217547338e+02
6.443999999999999950e+00;-2.585588228668183608e-01;9.595525613888350458e-01;-8.158761807668705046e+01;2.878432763013970543e+02
6.445999999999999730e+00;-2.394953707738328996e-01;9.658794601112535849e-01;-7.501735089201795859e+01;2.894270909647805752e+02
6.448000000000000398e+00;-2.170452336416221206e-01;9.714660238636266820e-01;-6.896775101894414206e+01;2.912473000123171119e+02
6.450000000000000178e+00;-1.956925925233943819e-01;9.757836019978203268e-01;-6.255145810662537542e+01;2.929046384468899191e+02
6.451999999999999957e+00;-1.749642395297900666e-01;9.807414238069623869e-01;-5.616802347650444460e+01;2.941626252278683182e+02
6.453999999999999737e+00;-1.525944793345542227e-01;9.839674117377203988e-01;-4.948910929569923667e+01;2.954682491437911835e+02
6.456000000000000405e+00;-1.328449227950858069e-01;9.868957849531783122e-01;-4.301197440535928962e+01;2.963164732796432190e+02
6.458000000000000185e+00;-1.127970440881154585e-01;9.908609951791376158e-01;-3.670040356328239284e+01;2.974816676638890840e+02
6.459999999999999964e+00;-8.753296521658102125e-02;9.922242293306153815e-01;-3.013825163052955602e+01;2.986497611314574669e+02
6.461999999999999744e+00;-6.806170983890345860e-02;9.946271376316795365e-01;-2.350421124801714612e+01;2.990823627486010992e+02
6.464000000000000412e+00;-4.490216714920172020e-02;9.953178105047765234e-01;-1.707081906923282233e+01;2.998229777449915900e+02
6.466000000000000192e+00;-2.340325950543182404e-02;9.977914697013388068e-01;-1.047188480149353040e+01;3.002533074088432272e+02
6.467999999999999972e+00;1.261668246488921799e-04;9.971298611718111271e-01;-3.785466170394323537e+00;3.003562267795693401e+02
6.469999999999999751e+00;2.303046831328757135e-02;9.971108387792794181e-01;2.781005815730486219e+00;3.006344028608367012e+02
6.472000000000000419e+00;4.453956649021027087e-02;9.983650538320674173e-01;9.283447956737509443e+00;3.004218561968631889e+02
6.474000000000000199e+00;6.570972600472642366e-02;9.970183698825880736e-01;1.578910977936304505e+01;3.003420558037556702e+02
6.475999999999999979e+00;8.597480122806508418e-02;9.963531198416722967e-01;2.238563897042768147e+01;3.000124144712592056e+02
6.477999999999999758e+00;1.116682312363769941e-01;9.918740051630736687e-01;2.881275653328561859e+01;2.998162661272319838e+02
6.480000000000000426e+00;1.302850490341685152e-01;9.907948215400855796e-01;3.546742014704327062e+01;2.990398417990469966e+02
6.482000000000000206e+00;1.483591695370196917e-01;9.896763488999852365e-01;4.191017442545803107e+01;2.981492705855278018e+02
6.483999999999999986e+00;1.734129343460066308e-01;9.855044779005333044e-01;4.828991485448274545e+01;2.977293191275617801e+02
6.485999999999999766e+00;1.933942475298687791e-01;9.823847089551582812e-01;5.484244340932384887e+01;2.965551891403427476e+02
6.487999999999999545e+00;2.173292807047410569e-01;9.775622972050012072e-01;6.128417228358460989e+01;2.955495663957198644e+02
6.490000000000000213e+00;2.338834516474002645e-01;9.750861712100773460e-01;6.755537842293573192e+01;2.941842600123873126e+02
6.491999999999999993e+00;2.587172402230054069e-01;9.682508577633315294e-01;7.416598764252303511e+01;2.930449194235179675e+02
6.493999999999999773e+00;2.780412024247335689e-01;9.636902491452568054e-01;8.062251058188452646e+01;2.913719256532416466e+02
6.496000000000000441e+00;2.929146061278123936e-01;9.602894282560978656e-01;8.674904712198669188e+01;2.894748490157751348e+02
6.498000000000000220e+00;3.184592957051745610e-01;9.527895643205285259e-01;9.305150251805201833e+01;2.875058908474086365e+02
6.500000000000000000e+00;3.373925256751579282e-01;9.448333995956298414e-01;9.926778796065359245e+01;2.859845767547953415e+02
6.501999999999999780e+00;3.605062988654705314e-01;9.381694639515080203e-01;1.052907609117167596e+02;2.837396476082992649e+02
6.503999999999999559e+00;3.770682942478952304e-01;9.325436560063706803e-01;1.114772838661686762e+02;2.814891805917544616e+02
6.506000000000000227e+00;4.013807383222302572e-01;9.226895626695668096e-01;1.177237818677366192e+02;2.791084283963461985e+02
6.508000000000000007e+00;4.180451717205627693e-01;9.155503274858849405e-01;1.237641039939059340e+02;2.767318069228925879e+02
6.509999999999999787e+00;4.391544581818543902e-01;9.062245845412336687e-01;1.295696696161725754e+02;2.740298478746462933e+02
6.511999999999999567e+00;4.613891829309372805e-01;8.950749816452632235e-01;1.354623032073725710e+02;2.715321636423454379e+02
6.514000000000000234e+00;4.749240120224039741e-01;8.878207658124793733e-01;1.415616067436489800e+02;2.683921483223474524e+02
6.516000000000000014e+00;4.955233067141840420e-01;8.783580286219960787e-01;1.472658259409961374e+02;2.653105818894495656e+02
6.517999999999999794e+00;5.124475385164164454e-01;8.661904586156132790e-01;1.529221628664914192e+02;2.621282826240632744e+02
6.519999999999999574e+00;5.364100216732411441e-01;8.535316420715755026e-01;1.584967768722943333e+02;2.592571795287548184e+02
6.522000000000000242e+00;5.536903729030691057e-01;8.425663353562360403e-01;1.642010430916131725e+02;2.558583309006662603e+02
6.524000000000000021e+00;5.716923117728335280e-01;8.303880999634219995e-01;1.695438195162691102e+02;2.520990324506600757e+02
6.525999999999999801e+00;5.900279603891998015e-01;8.188788529251255222e-01;1.749094732692162495e+02;2.486501805257869364e+02
6.527999999999999581e+00;6.078454847862259092e-01;8.051196896558197036e-01;1.803512653653842222e+02;2.450210658265349082e+02
6.530000000000000249e+00;6.214892526344931722e-01;7.946131786478854986e-01;1.855874409957920932e+02;2.409361334405690229e+02
6.532000000000000028e+00;6.382400269256234271e-01;7.821506265743017883e-01;1.905123616161650659e+02;2.371475392157798012e+02
6.533999999999999808e+00;6.548224582930071147e-01;7.684337016975417711e-01;1.958211437110652469e+02;2.328954139402467831e+02
6.535999999999999588e+00;6.698567318235248980e-01;7.534100504123145692e-01;2.007797372581162847e+02;2.287644542366395797e+02
6.538000000000000256e+00;6.874312876380365145e-01;7.384083432055844609e-01;2.055632430368715973e+02;2.245659459484461422e+02
6.540000000000000036e+00;7.027652651409550533e-01;7.243953702867792499e-01;2.103493760818843441e+02;2.201642575540517441e+02
6.541999999999999815e+00;7.204571345818857608e-01;7.061494383297807209e-01;2.152774956479385651e+02;2.155660296705251255e+02
6.543999999999999595e+00;7.343615366225242358e-01;6.908656161716533184e-01;2.199429860687654923e+02;2.110110396433655637e+02
6.546000000000000263e+00;7.477180766194788664e-01;6.755529036699410295e-01;2.242398152426168565e+02;2.063336353751913919e+02
6.548000000000000043e+00;7.631881849723118894e-01;6.594756078690886536e-01;2.285290611337839835e+02;2.016109987446395166e+02
6.549999999999999822e+00;7.741971030049809022e-01;6.440503661537382296e-01;2.329064403521605584e+02;1.966991236104985887e+02
6.551999999999999602e+00;7.878932237034961261e-01;6.268453809206453453e-01;2.371968454894604861e+02;1.918552540103871138e+02
6.554000000000000270e+00;8.032237001202154891e-01;6.093349984636438066e-01;2.412703374350415686e+02;1.865939448286971185e+02
6.556000000000000050e+00;8.181235256530282607e-01;5.913283713791848140e-01;2.451659254894766491e+02;1.815792433986733272e+02
6.557999999999999829e+00;8.265419575939111363e-01;5.745929632883435279e-01;2.491019436126454707e+02;1.763098124333464227e+02
6.559999999999999609e+00;8.369376723737543822e-01;5.564821603138543349e-01;2.529804515249863357e+02;1.709274973289819570e+02
6.562000000000000277e+00;8.489279459337424338e-01;5.407820705532431216e-01;2.563843472155148220e+02;1.653961984442694586e+02
6.564000000000000057e+00;8.614506421756988885e-01;5.215218545504884951e-01;2.596863744948490194e+02;1.600944444024514155e+02
6.565999999999999837e+00;8.713928353252965442e-01;5.033173770848453632e-01;2.632729633477930520e+02;1.543808466596079256e+02
6.567999999999999616e+00;8.818029218329893615e-01;4.857219057968197862e-01;2.663952608526423660e+02;1.489246741530836005e+02
6.570000000000000284e+00;8.887840269879354604e-01;4.676394999671001917e-01;2.696104721087033909e+02;1.429904179741044175e+02
6.572000000000000064e+00;9.018538163056362134e-01;4.472506319516707518e-01;2.725548837992319022e+02;1.373918700569457485e+02
6.573999999999999844e+00;9.112097605296025638e-01;4.281680284798829450e-01;2.755080749222764211e+02;1.315391505261987959e+02
6.575999999999999623e+00;9.195776750017229384e-01;4.093527766116313305e-01;2.782816236233695690e+02;1.257577100918966124e+02
6.578000000000000291e+00;9.245028409561493188e-01;3.904442155438557216e-01;2.810342679861395254e+02;1.196431113866195091e+02
6.580000000000000071e+00;9.346190229424010676e-01;3.708112100244506104e-01;2.834787024827588766e+02;1.138638187319583039e+02
6.581999999999999851e+00;9.404091699045376007e-01;3.511612064409557199e-01;2.859299415546070122e+02;1.078107978459899670e+02
6.583999999999999631e+00;9.487065752966234999e-01;3.306348414073385089e-01;2.880971186948803506e+02;1.015644690065058739e+02
6.586000000000000298e+00;9.540005401033793131e-01;3.111286683723306634e-01;2.902868245666238067e+02;9.535956939640678343e+01
6.588000000000000078e+00;9.586023839631364618e-01;2.937882529161514045e-01;2.921890009937916375e+02;8.931579651137789710e+01
6.589999999999999858e+00;9.635672383712478029e-01;2.726073753210888073e-01;2.940134494667202603e+02;8.300057442606599523e+01
6.591999999999999638e+00;9.666302311777285050e-01;2.534989713708756254e-01;2.957015167648510214e+02;7.642293937229992196e+01
6.594000000000000306e+00;9.757260208953824066e-01;2.317849596173741367e-01;2.975802410011940538e+02;7.022785771181575853e+01
6.596000000000000085e+00;9.788749950604657135e-01;2.130408296624436149e-01;2.990217123761258335e+02;6.399098182159000459e+01
6.597999999999999865e+00;9.834289032560015187e-01;1.940561301532474636e-01;3.002504876884632949e+02;5.759043712491874345e+01
6.599999999999999645e+00;9.864637114145862196e-01;1.728655610253603259e-01;3.013491071414148905e+02;5.118959980517746544e+01
6.602000000000000313e+00;9.844911389809333224e-01;1.550746308123628348e-01;3.027520732026340511e+02;4.457099330655659486e+01
6.604000000000000092e+00;9.868914386113928350e-01;1.364530124508700482e-01;3.032756252351826447e+02;3.829170335433736483e+01
6.605999999999999872e+00;9.904358064224050295e-01;1.150586584976929644e-01;3.043864834323748028e+02;3.180907682627923805e+01
6.607999999999999652e+00;9.949572158210642225e-01;9.336024480043504659e-02;3.051386067322389408e+02;2.521802419824353336e+01
6.610000000000000320e+00;9.983474073241016544e-01;7.382525870249480315e-02;3.053761858484305662e+02;1.870981015327099684e+01
6.612000000000000099e+00;1.000358762283303449e+00;5.331939160323241611e-02;3.057874753462801323e+02;1.231310643136645488e+01
6.613999999999999879e+00;9.975488981075766315e-01;3.386610036761064646e-02;3.062128480809231519e+02;5.701301511717245418e+00
6.615999999999999659e+00;1.000580293421167610e+00;1.205187164145517936e-02;3.063702251936929883e+02;-9.719730399560203571e-01
6.618000000000000327e+00;9.966874458355059474e-01;-8.593977236636038061e-03;3.061772166232090626e+02;-7.687818462930607666e+00
6.620000000000000107e+00;9.985512323120516731e-01;-2.999063608086816740e-02;3.060473053669239789e+02;-1.406835856527350792e+01
6.621999999999999886e+00;9.967295493485071045e-01;-4.904787279143828921e-02;3.058758177522940969e+02;-2.041233346587779351e+01
6.623999999999999666e+00;9.957773924672057575e-01;-6.903134653120671094e-02;3.053346086545748790e+02;-2.700940526771999117e+01
6.626000000000000334e+00;9.930239214449123608e-01;-8.818179294437228366e-02;3.047027818011189311e+02;-3.350654593055752883e+01
6.628000000000000114e+00;9.904935180470493261e-01;-1.080700068125773905e-01;3.036877608227420069e+02;-4.023173388293740516e+01
6.629999999999999893e+00;9.887038796923356410e-01;-1.293418409754520104e-01;3.030825486790063223e+02;-4.675681656074867476e+01
6.631999999999999673e+00;9.825138234413577365e-01;-1.478609681391238051e-01;3.021252641066119509e+02;-5.302084936457718811e+01
6.634000000000000341e+00;9.830184704317016520e-01;-1.695718155901533020e-01;3.010668494493201592e+02;-5.941268189263760036e+01
6.636000000000000121e+00;9.805323838226103206e-01;-1.893975566644310882e-01;2.997393833560496432e+02;-6.600738522626485860e+01
6.637999999999999901e+00;9.740202862508144932e-01;-2.066700891831049491e-01;2.983359281378661763e+02;-7.208383004647757275e+01
6.639999999999999680e+00;9.723507528051346105e-01;-2.277352509992915941e-01;2.968118589091404260e+02;-7.849682398466467248e+01
6.642000000000000348e+00;9.693099619747188589e-01;-2.487652753008441908e-01;2.952867767141148079e+02;-8.459385127632855017e+01
6.644000000000000128e+00;9.614899012058806260e-01;-2.664998505084167357e-01;2.932469882260958798e+02;-9.096030896365998331e+01
6.645999999999999908e+00;9.547280144716214778e-01;-2.861071790293800987e-01;2.913561840437393471e+02;-9.718732409057015786e+01
6.647999999999999687e+00;9.491354029880042509e-01;-3.048897676442089977e-01;2.891511331449077602e+02;-1.033169811979624200e+02
6.650000000000000355e+00;9.430007796004952203e-01;-3.263454351229011507e-01;2.869589130281875669e+02;-1.092591570412062509e+02
6.652000000000000135e+00;9.403885235605523585e-01;-3.473086411305666421e-01;2.848465490932703688e+02;-1.153382638843470716e+02
6.653999999999999915e+00;9.325011264162483826e-01;-3.674669441462772301e-01;2.825952438921550538e+02;-1.214437869917595236e+02
6.655999999999999694e+00;9.228502442336227185e-01;-3.840121742818097816e-01;2.798363587278807358e+02;-1.273738279302292966e+02
6.658000000000000362e+00;9.133912168294067158e-01;-4.022004064850144833e-01;2.768956918830742779e+02;-1.333062164090133024e+02
6.660000000000000142e+00;9.070568762630581983e-01;-4.221013411484505484e-01;2.742856435773327348e+02;-1.391989485578950791e+02
6.661999999999999922e+00;8.970295110866221000e-01;-4.393112170481058287e-01;2.711241400214971691e+02;-1.448299717029024691e+02
6.663999999999999702e+00;8.857998981557664298e-01;-4.594899242613603718e-01;2.683045492371610976e+02;-1.508307270773208018e+02
6.666000000000000369e+00;8.742880780216113479e-01;-4.758037543272487513e-01;2.650225082730917165e+02;-1.564146398801870248e+02
6.668000000000000149e+00;8.700133855408467287e-01;-4.968762072812817898e-01;2.613962868163675921e+02;-1.614815470622413613e+02
6.669999999999999929e+00;8.539487933681284559e-01;-5.144579522488788026e-01;2.581575007809607882e+02;-1.673240798903851783e+02
6.671999999999999709e+00;8.415765751258975635e-01;-5.313292409387831983e-01;2.546064062917935189e+02;-1.728885846959707635e+02
6.674000000000000377e+00;8.325801428230242829e-01;-5.502939688424236531e-01;2.509084660102489011e+02;-1.779476488329519270e+02
6.676000000000000156e+00;8.185813458779632734e-01;-5.656631566926806354e-01;2.471247808784561926e+02;-1.831924649244571981e+02
6.677999999999999936e+00;8.079666524919787429e-01;-5.825470245463206798e-01;2.433352661937172456e+02;-1.884216254651423412e+02
6.679999999999999716e+00;7.989570246200548009e-01;-6.033210247820837147e-01;2.392468620381741289e+02;-1.935318200063149732e+02
6.682000000000000384e+00;7.838495673305818645e-01;-6.186444162109876466e-01;2.350185788498750696e+02;-1.986959022388289782e+02
6.684000000000000163e+00;7.670115489232435246e-01;-6.354497018857140356e-01;2.308941424629687447e+02;-2.034711610560759993e+02
6.685999999999999943e+00;7.482349303186202061e-01;-6.486432634444105894e-01;2.264516263168503940e+02;-2.083347673984871449e+02
6.687999999999999723e+00;7.395391310963563836e-01;-6.687280853648981394e-01;2.219377380996803879e+02;-2.131028055832488803e+02
6.690000000000000391e+00;7.292183080013352470e-01;-6.865958603555706308e-01;2.174572922392818839e+02;-2.173413063442166333e+02
6.692000000000000171e+00;7.121798560228306263e-01;-7.009736084143218804e-01;2.126904422702590125e+02;-2.219909290227419092e+02
6.693999999999999950e+00;6.940461592282040071e-01;-7.155310806747701147e-01;2.081877854960490311e+02;-2.263494986735860834e+02
6.695999999999999730e+00;6.799232387517420984e-01;-7.303066285522891166e-01;2.028788769576213156e+02;-2.306262281012758706e+02
6.698000000000000398e+00;6.596878147655754754e-01;-7.438732124238505161e-01;1.983247053672511129e+02;-2.350636608005496839e+02
6.700000000000000178e+00;6.452019607913929145e-01;-7.583797762498639683e-01;1.932300367333344298e+02;-2.391872414326955436e+02
6.701999999999999957e+00;6.283085989216161682e-01;-7.724965994431428618e-01;1.878759526541369382e+02;-2.431008243226754928e+02
6.703999999999999737e+00;6.108646430547600703e-01;-7.851974407024338021e-01;1.827600604189354385e+02;-2.470647961723392712e+02
6.706000000000000405e+00;5.929516257267626322e-01;-7.987481243003222708e-01;1.772929104055311313e+02;-2.508167312858303433e+02
6.708000000000000185e+00;5.789387724057262208e-01;-8.121191021802627308e-01;1.719822534159302734e+02;-2.542278626643742996e+02
6.709999999999999964e+00;5.600933326231564147e-01;-8.245770241501035880e-01;1.665598842139704061e+02;-2.579048531565591702e+02
6.711999999999999744e+00;5.405316561132649245e-01;-8.358978654630535576e-01;1.608790807451135549e+02;-2.611026983963985799e+02
6.714000000000000412e+00;5.197740483618238372e-01;-8.465577457595581112e-01;1.554174006117451654e+02;-2.649416484374902439e+02
6.716000000000000192e+00;5.055209491443330982e-01;-8.600616696555143381e-01;1.496173973135561823e+02;-2.677604046786908611e+02
6.717999999999999972e+00;4.851101435649635141e-01;-8.699376193131016510e-01;1.438394584821267586e+02;-2.707058207473926927e+02
6.719999999999999751e+00;4.640406509644874333e-01;-8.798565896773210548e-01;1.379721820757081616e+02;-2.735657195188551327e+02
6.722000000000000419e+00;4.466672448350336166e-01;-8.891513444990897241e-01;1.321391256269832297e+02;-2.766072940869836430e+02
6.724000000000000199e+00;4.306724414215254981e-01;-8.993772436062353881e-01;1.260878936413474491e+02;-2.791096292807754935e+02
6.725999999999999979e+00;4.127824834410150356e-01;-9.097146312293140635e-01;1.202774958312660090e+02;-2.814456463028308235e+02
6.727999999999999758e+00;3.889672351335325406e-01;-9.175012770916495253e-01;1.139224148536235646e+02;-2.840630040084335519e+02
6.730000000000000426e+00;3.719718141779390086e-01;-9.267878797163108251e-01;1.078912613845772768e+02;-2.863341717407949432e+02
6.732000000000000206e+00;3.520413849821889540e-01;-9.331819506053984359e-01;1.014954653045007547e+02;-2.884756000136087550e+02
6.733999999999999986e+00;3.305944214718680718e-01;-9.412626830520155474e-01;9.545866193678367040e+01;-2.903952010819946281e+02
6.735999999999999766e+00;3.069768307735282753e-01;-9.469828175322183572e-01;8.916663092011650349e+01;-2.924772184263127883e+02
6.738000000000000433e+00;2.860618176969055848e-01;-9.528627770864132041e-01;8.289341958387812781e+01;-2.940544762080986629e+02
6.740000000000000213e+00;2.674529661985157736e-01;-9.603269989678594465e-01;7.638152561505967242e+01;-2.958454358873152046e+02
6.741999999999999993e+00;2.446575270271800773e-01;-9.668580116753057174e-01;7.000184707756075397e+01;-2.973739721094374318e+02
6.743999999999999773e+00;2.249992236006896351e-01;-9.711706432996376481e-01;6.352559845595029486e+01;-2.986505763545447962e+02
6.746000000000000441e+00;2.029215489211733114e-01;-9.757056997402303589e-01;5.698603975395857191e+01;-3.000035122931326441e+02
6.748000000000000220e+00;1.812707749049330408e-01;-9.788133081749010866e-01;5.055183759431806578e+01;-3.009242009135852527e+02
6.750000000000000000e+00;1.636250430749733031e-01;-9.849378313360416248e-01;4.411574901208378208e+01;-3.018774801761611570e+02
6.751999999999999780e+00;1.422666172509352567e-01;-9.887547178530594616e-01;3.750016616602551522e+01;-3.026309879323163159e+02
6.753999999999999559e+00;1.231959753195361190e-01;-9.921075306708688757e-01;3.101141493266816340e+01;-3.031951629744287970e+02
6.756000000000000227e+00;1.000983660164641853e-01;-9.939475026511731537e-01;2.445144791848093035e+01;-3.038558018492392421e+02
6.758000000000000007e+00;7.542012732712524703e-02;-9.967480644530904987e-01;1.779461903440354575e+01;-3.044577716639445839e+02
6.759999999999999787e+00;5.619153788022697438e-02;-9.985265029064528397e-01;1.136405379970410934e+01;-3.044867188289114210e+02
6.762000000000000455e+00;3.698357832334462497e-02;-9.999489473442781939e-01;4.876158959106986934e+00;-3.044933990829112531e+02
6.764000000000000234e+00;1.358962937724548722e-02;-1.000112865113553795e+00;-1.847563766003929686e+00;-3.045542611077466972e+02
6.766000000000000014e+00;-8.523036599288099507e-03;-1.000435441594984542e+00;-8.623173817358189552e+00;-3.043419816251545171e+02
6.767999999999999794e+00;-2.844848663986149911e-02;-1.003060418864569980e+00;-1.527198121383355200e+01;-3.039953509876917224e+02
6.769999999999999574e+00;-5.317671589913532115e-02;-1.001403669123232643e+00;-2.204436936835496041e+01;-3.036123340135254693e+02
6.772000000000000242e+00;-7.229520195416136441e-02;-1.001900153564752038e+00;-2.852249607430366041e+01;-3.029583622870844692e+02
6.774000000000000021e+00;-9.546603321141648724e-02;-9.988471042424889035e-01;-3.499081244601229912e+01;-3.024795470874913121e+02
6.775999999999999801e+00;-1.146185333783531074e-01;-9.971301809107508962e-01;-4.180113187208129233e+01;-3.014127298038038703e+02
6.778000000000000469e+00;-1.379453267724960741e-01;-9.941558716065630463e-01;-4.799301023908655850e+01;-3.004393631005682437e+02
6.780000000000000249e+00;-1.607526815215752081e-01;-9.923683205270688035e-01;-5.463264446014733267e+01;-2.994644371473892761e+02
6.782000000000000028e+00;-1.810082465862042633e-01;-9.893193762469456587e-01;-6.109410925783102186e+01;-2.981522788869725673e+02
6.783999999999999808e+00;-2.017462632945797307e-01;-9.865897761768108731e-01;-6.747494539548617354e+01;-2.967798151593162856e+02
6.785999999999999588e+00;-2.270978873260247610e-01;-9.797876353179889586e-01;-7.391959312738838150e+01;-2.954250202004320158e+02
6.788000000000000256e+00;-2.425200582115756287e-01;-9.789379917096162620e-01;-8.031900911986942049e+01;-2.935151217319395300e+02
6.790000000000000036e+00;-2.644668803115192701e-01;-9.736598043936677271e-01;-8.673589346466128802e+01;-2.916457966833824571e+02
6.791999999999999815e+00;-2.890383170142988845e-01;-9.674770976197638594e-01;-9.296748515240111033e+01;-2.898631217984253681e+02
6.793999999999999595e+00;-3.078224549111513997e-01;-9.615138660366600032e-01;-9.915212777510677711e+01;-2.877657911815344960e+02
6.796000000000000263e+00;-3.277506030246769009e-01;-9.562838580286869838e-01;-1.052398833421047186e+02;-2.855588321610829325e+02
6.798000000000000043e+00;-3.469729521218637425e-01;-9.491436740216532275e-01;-1.113365362149445730e+02;-2.833224600723350477e+02
6.799999999999999822e+00;-3.670363590757889094e-01;-9.439538391053794442e-01;-1.174337105851729177e+02;-2.808641017784344740e+02
6.801999999999999602e+00;-3.899358496641237015e-01;-9.353916632766923200e-01;-1.235222394640692727e+02;-2.782125928036471123e+02
6.804000000000000270e+00;-4.067246391741373701e-01;-9.290467791156666877e-01;-1.294894983489778895e+02;-2.754124769151319470e+02
6.806000000000000050e+00;-4.330477339158621541e-01;-9.179146415439518591e-01;-1.353294218853644395e+02;-2.729153666313001168e+02
6.807999999999999829e+00;-4.506999593890866906e-01;-9.084466538803279700e-01;-1.411855153160681482e+02;-2.698156335185204853e+02
6.809999999999999609e+00;-4.707381700969124338e-01;-9.000116859419741155e-01;-1.470433843585441309e+02;-2.668268417163805566e+02
6.812000000000000277e+00;-4.898164272521731699e-01;-8.914309294160751573e-01;-1.527640140707800072e+02;-2.635938497968786578e+02
6.814000000000000057e+00;-5.062715875548915445e-01;-8.811991348693848369e-01;-1.583429363235887593e+02;-2.599936392544735781e+02
6.815999999999999837e+00;-5.263616375852545604e-01;-8.694105020625617630e-01;-1.640789768547108736e+02;-2.567158024447445541e+02
6.817999999999999616e+00;-5.469952862400307980e-01;-8.583405526168087496e-01;-1.693835779285521426e+02;-2.533127439633951781e+02
6.820000000000000284e+00;-5.634137161271213223e-01;-8.479198727167481797e-01;-1.747351286037371949e+02;-2.491932343610116618e+02
6.822000000000000064e+00;-5.846734883328463805e-01;-8.334026330908024249e-01;-1.800634275256065280e+02;-2.458464834185632810e+02
6.823999999999999844e+00;-5.982851530961689202e-01;-8.220083695319834183e-01;-1.851860335237631148e+02;-2.417621095555262514e+02
6.825999999999999623e+00;-6.189694968927321739e-01;-8.089257691569819997e-01;-1.901919879110422187e+02;-2.377727871674340747e+02
6.828000000000000291e+00;-6.378151055158641780e-01;-7.963821053910269399e-01;-1.953397214412128164e+02;-2.335884051480263111e+02
6.830000000000000071e+00;-6.559310751023958996e-01;-7.798040023381187513e-01;-2.002502781583035585e+02;-2.294065586784910806e+02
6.831999999999999851e+00;-6.701785991620712313e-01;-7.675353115690755068e-01;-2.051654631766670320e+02;-2.250286935878307304e+02
6.833999999999999631e+00;-6.876276329975610224e-01;-7.521939238232884239e-01;-2.097540579221454777e+02;-2.206339032466050014e+02
6.836000000000000298e+00;-7.007321853334256279e-01;-7.379046929745279870e-01;-2.145784183094230286e+02;-2.160712887874327350e+02
6.838000000000000078e+00;-7.203700516345135085e-01;-7.212704900410019659e-01;-2.191944834326822615e+02;-2.112749767638515550e+02
6.839999999999999858e+00;-7.385401230406765105e-01;-7.040983447756988811e-01;-2.234699658931520787e+02;-2.066686191389410965e+02
6.841999999999999638e+00;-7.534703064174179676e-01;-6.888695786886362971e-01;-2.276247304103922886e+02;-2.019211889847741475e+02
6.844000000000000306e+00;-7.654888325754830580e-01;-6.724071348598799069e-01;-2.319827921533243114e+02;-1.967393441125360312e+02
6.846000000000000085e+00;-7.805398977649633530e-01;-6.543625259076220058e-01;-2.360818333172103962e+02;-1.920550425548435101e+02
6.847999999999999865e+00;-7.953782041375943024e-01;-6.382791929047536561e-01;-2.400106645081661156e+02;-1.867767686336209465e+02
6.849999999999999645e+00;-8.116285263369205083e-01;-6.197643865679618447e-01;-2.439196159181521182e+02;-1.815284445171893708e+02
6.852000000000000313e+00;-8.212529302427851174e-01;-6.024650479640663026e-01;-2.477689271023165816e+02;-1.761311488312008464e+02
6.854000000000000092e+00;-8.323133561544109327e-01;-5.858355044533548606e-01;-2.513416494995582013e+02;-1.708596539892034230e+02
6.855999999999999872e+00;-8.450630915369407026e-01;-5.645742246458571589e-01;-2.548338793808500213e+02;-1.655890283004065680e+02
6.857999999999999652e+00;-8.529761884978537267e-01;-5.487878098649844327e-01;-2.580520913182442087e+02;-1.597789617550681385e+02
6.860000000000000320e+00;-8.662840123140505000e-01;-5.284808833297962583e-01;-2.615425183568523835e+02;-1.542109342152307363e+02
6.862000000000000099e+00;-8.788768908786621648e-01;-5.083910042558071884e-01;-2.647680654988513425e+02;-1.486114714853552528e+02
6.863999999999999879e+00;-8.913214030347799133e-01;-4.879709607046618380e-01;-2.676389229268999088e+02;-1.430376204533075963e+02
6.865999999999999659e+00;-9.024356133712732042e-01;-4.684716530399902767e-01;-2.706237873213927401e+02;-1.372036024196782762e+02
6.868000000000000327e+00;-9.114578129360504377e-01;-4.491763244797135068e-01;-2.732804823564971457e+02;-1.312698726583015798e+02
6.870000000000000107e+00;-9.167497050347404031e-01;-4.291339816197405344e-01;-2.761193832574255111e+02;-1.250653229165032201e+02
6.871999999999999886e+00;-9.252028057824766005e-01;-4.093441048028921836e-01;-2.784677755471468572e+02;-1.190987356115545452e+02
6.873999999999999666e+00;-9.388947307483002103e-01;-3.864192521004492509e-01;-2.805887771381892435e+02;-1.133898755332325834e+02
6.876000000000000334e+00;-9.432727185223459543e-01;-3.660972147006640309e-01;-2.831062436612803594e+02;-1.071774229414393602e+02
6.878000000000000114e+00;-9.458304920622678802e-01;-3.480363860085005090e-01;-2.853079957816480601e+02;-1.007713696574552671e+02
6.879999999999999893e+00;-9.574419636201498829e-01;-3.241894019256944537e-01;-2.871800428379384016e+02;-9.492370928541473063e+01
6.881999999999999673e+00;-9.582177744934854413e-01;-3.047969967180826356e-01;-2.889208028721003529e+02;-8.845053641926111254e+01
6.884000000000000341e+00;-9.653004096277936208e-01;-2.837479161532153737e-01;-2.906253801970393056e+02;-8.213547480718949600e+01
6.886000000000000121e+00;-9.714929169871563408e-01;-2.606497099829919728e-01;-2.924830748759384846e+02;-7.582756539010891572e+01
6.887999999999999901e+00;-9.757634830746478860e-01;-2.405210517227877320e-01;-2.937570180501319328e+02;-6.934419859251531193e+01
6.889999999999999680e+00;-9.807049683049902100e-01;-2.194611654266431788e-01;-2.949679851351140769e+02;-6.317487196213419054e+01
6.892000000000000348e+00;-9.856846990110780249e-01;-1.964146491230704672e-01;-2.961706014426355296e+02;-5.669180658736995326e+01
6.894000000000000128e+00;-9.913135808599712329e-01;-1.755194470009813490e-01;-2.969169297882862111e+02;-5.048915509339574470e+01
6.895999999999999908e+00;-9.876646865395894981e-01;-1.557743975312263496e-01;-2.980161434243017311e+02;-4.375088638246987927e+01
6.897999999999999687e+00;-9.913281332781428423e-01;-1.345439397412797611e-01;-2.987608511202362820e+02;-3.714872943067670974e+01
6.900000000000000355e+00;-9.952216371506908965e-01;-1.114244968903704558e-01;-2.992700093992089592e+02;-3.085961053475001137e+01
6.902000000000000135e+00;-9.952190067262625117e-01;-8.976279033520648265e-02;-2.998307236014912860e+02;-2.417033249641138326e+01
6.903999999999999915e+00;-9.981430201834571303e-01;-6.825159236086078551e-02;-3.000677114343004632e+02;-1.779127091292083307e+01
6.905999999999999694e+00;-9.970578708733114359e-01;-4.884231258279571330e-02;-3.002815189412673362e+02;-1.108886156980945792e+01
6.908000000000000362e+00;-9.975662817829450413e-01;-2.569634541522548485e-02;-3.002538587815046185e+02;-4.574928097898570023e+00
6.910000000000000142e+00;-1.001107938784842499e+00;-4.339934134018404166e-03;-3.001918100082862111e+02;1.876890272272601745e+00
6.911999999999999922e+00;-9.987095674940480450e-01;2.037025710193756181e-02;-2.998867946576118015e+02;8.481785185602458199e+00
6.913999999999999702e+00;-9.949899415177568818e-01;4.116126751670775435e-02;-2.995137364049215876e+02;1.526454700443899526e+01
6.916000000000000369e+00;-9.900877162215179217e-01;6.350271332797799428e-02;-2.991563666619628066e+02;2.193831472832145479e+01
6.918000000000000149e+00;-9.911594708504555262e-01;8.475410832623472834e-02;-2.983705603604102521e+02;2.838784129431747871e+01
6.919999999999999929e+00;-9.846693322610052812e-01;1.053458759787917198e-01;-2.977245211807806982e+02;3.511061799884937074e+01
6.921999999999999709e+00;-9.852008882824494496e-01;1.273584135501684422e-01;-2.965318061680229107e+02;4.130716280859824963e+01
6.924000000000000377e+00;-9.768380733872481514e-01;1.487400107749787537e-01;-2.955580926746428077e+02;4.808091948103911051e+01
6.926000000000000156e+00;-9.739215431750556373e-01;1.689839049086147016e-01;-2.944167455118684984e+02;5.433360101575438961e+01
6.927999999999999936e+00;-9.725235335020189220e-01;1.931185129423462488e-01;-2.930433890856160133e+02;6.078021160690478553e+01
6.929999999999999716e+00;-9.666124848591535201e-01;2.133569002171353257e-01;-2.914693515412509441e+02;6.742217552555743509e+01
6.932000000000000384e+00;-9.621817547699542672e-01;2.356246898278991364e-01;-2.899452314602055480e+02;7.370700020878487635e+01
6.934000000000000163e+00;-9.525234990099715748e-01;2.545091054735480474e-01;-2.881814226203435396e+02;8.012607978852497581e+01
6.935999999999999943e+00;-9.508429042330505121e-01;2.771339194643668291e-01;-2.859824447394350955e+02;8.615712577488591251e+01
6.937999999999999723e+00;-9.424113049692459665e-01;2.971153567190005229e-01;-2.841199588133535485e+02;9.258415075993174526e+01
6.940000000000000391e+00;-9.394085703492024431e-01;3.191087779225698640e-01;-2.819029879334898396e+02;9.878859909696753050e+01
6.942000000000000171e+00;-9.267433557800316413e-01;3.379342082644289924e-01;-2.796316809280400548e+02;1.048336578987671857e+02
6.943999999999999950e+00;-9.228147516819781293e-01;3.612470634770413302e-01;-2.770160960838644542e+02;1.108516920060321098e+02
6.945999999999999730e+00;-9.130787471440635628e-01;3.818492351382250516e-01;-2.744538874733510738e+02;1.169344121055327435e+02
6.948000000000000398e+00;-9.027296821848371788e-01;4.004382504361328476e-01;-2.718484163735758443e+02;1.229749736702700886e+02
6.950000000000000178e+00;-8.944943363459622043e-01;4.228532453411622538e-01;-2.690977130378150264e+02;1.290905916034083418e+02
6.951999999999999957e+00;-8.814225109424915772e-01;4.419338741018798977e-01;-2.661634632532150135e+02;1.349985763653812398e+02
6.953999999999999737e+00;-8.740936344535210623e-01;4.622472478501521431e-01;-2.628130260132464286e+02;1.406688774778924937e+02
6.956000000000000405e+00;-8.609569004600254871e-01;4.807531485475419197e-01;-2.596095105071875651e+02;1.464141871072474146e+02
6.958000000000000185e+00;-8.482010262856656269e-01;4.991557077480059945e-01;-2.564217117434749298e+02;1.522839830886731818e+02
6.959999999999999964e+00;-8.404529209340465545e-01;5.186050911090254179e-01;-2.529276287508353676e+02;1.577425814287747698e+02
6.961999999999999744e+00;-8.287262672981826617e-01;5.390054488705608993e-01;-2.492119393590912750e+02;1.632370080571278095e+02
6.964000000000000412e+00;-8.182348951210404175e-01;5.594922383607929817e-01;-2.456739517049140318e+02;1.686035218177020170e+02
6.966000000000000192e+00;-8.005280592897914271e-01;5.765924945268416923e-01;-2.419156999563263071e+02;1.742107642662156763e+02
6.967999999999999972e+00;-7.880606306970243669e-01;5.936082754261965411e-01;-2.380640442134946966e+02;1.793492378912537220e+02
6.969999999999999751e+00;-7.769649390103594566e-01;6.126607657787342953e-01;-2.339828473550141439e+02;1.846345631969810483e+02
6.972000000000000419e+00;-7.571745502583113741e-01;6.287900982208495249e-01;-2.297629496012255004e+02;1.899022768644663870e+02
6.974000000000000199e+00;-7.478847667830693657e-01;6.474661793291757172e-01;-2.256125454375628010e+02;1.946835236240224845e+02
6.975999999999999979e+00;-7.333197170158588518e-01;6.642034852608242890e-01;-2.211412961368871493e+02;1.996273289764605749e+02
6.977999999999999758e+00;-7.123457869617764171e-01;6.796441162020417925e-01;-2.165310987262919866e+02;2.045955638753118251e+02
6.980000000000000426e+00;-6.997227855415328879e-01;6.972465425180935927e-01;-2.121325589678553456e+02;2.091586338891192156e+02
6.982000000000000206e+00;-6.817635948161235859e-01;7.139673259892174162e-01;-2.073978097298460739e+02;2.140970240492506491e+02
6.983999999999999986e+00;-6.640571774533413629e-01;7.298844087421944016e-01;-2.025879295934626043e+02;2.183336437091838320e+02
6.985999999999999766e+00;-6.497135867237283646e-01;7.464489301614004590e-01;-1.978784109706892593e+02;2.229462334362933120e+02
6.987999999999999545e+00;-6.315628542057615258e-01;7.595026478501348821e-01;-1.930500883263114815e+02;2.272192348874720267e+02
6.990000000000000213e+00;-6.153101885004721439e-01;7.749454235841259919e-01;-1.876469715991598264e+02;2.313190660077558221e+02
6.991999999999999993e+00;-5.950603927822605277e-01;7.893423923460455294e-01;-1.827082062498280663e+02;2.355992426622504468e+02
6.993999999999999773e+00;-5.793893914893801789e-01;8.020124329937544649e-01;-1.774137821019590149e+02;2.395408604584804948e+02
6.996000000000000441e+00;-5.600082449389300887e-01;8.150082469411890074e-01;-1.721096718643761676e+02;2.434794135697545698e+02
6.998000000000000220e+00;-5.429506802487235051e-01;8.286545027151364096e-01;-1.668449934019852208e+02;2.471918806624995852e+02
7.000000000000000000e+00;-5.231179838208749322e-01;8.419058613148573400e-01;-1.613760197809193073e+02;2.507659527238497503e+02
7.001999999999999780e+00;-5.060767101912568844e-01;8.525807600401649200e-01;-1.556649768805924907e+02;2.543924113494454957e+02
7.003999999999999559e+00;-4.858331811012789325e-01;8.642416247298541077e-01;-1.501473493896583875e+02;2.579201558427348573e+02
7.006000000000000227e+00;-4.676103431591303594e-01;8.754957466576305247e-01;-1.444011972102759955e+02;2.609641952352201315e+02
7.008000000000000007e+00;-4.465176508536345956e-01;8.851000880343923294e-01;-1.386953404413384305e+02;2.642663212351738480e+02
7.009999999999999787e+00;-4.265743461024654737e-01;8.956648681387399114e-01;-1.327744945127864469e+02;2.674654281381014016e+02
7.011999999999999567e+00;-4.091170225521573167e-01;9.051363676753840792e-01;-1.265388827298781536e+02;2.702312482012736155e+02
7.014000000000000234e+00;-3.873798991544639136e-01;9.148882312075636847e-01;-1.207638027671291212e+02;2.730466595627541437e+02
7.016000000000000014e+00;-3.648338458153518316e-01;9.229521402520367568e-01;-1.150103826782637100e+02;2.755941525143510944e+02
7.017999999999999794e+00;-3.469345797661390618e-01;9.317619677597249739e-01;-1.086988545232760828e+02;2.782375887593083235e+02
7.019999999999999574e+00;-3.239440585281277984e-01;9.381751824585237154e-01;-1.026539612504577264e+02;2.807319793758433093e+02
7.022000000000000242e+00;-3.044113024099454612e-01;9.457885903935974170e-01;-9.632686507862578651e+01;2.828399461800766517e+02
7.024000000000000021e+00;-2.802127247146303235e-01;9.500892858952921793e-01;-9.015092140565074885e+01;2.853059840103597935e+02
7.025999999999999801e+00;-2.620568053592354230e-01;9.583359489919226482e-01;-8.397952073722694877e+01;2.869602308047455494e+02
7.027999999999999581e+00;-2.403496822666276178e-01;9.636198517710319322e-01;-7.764402266392802687e+01;2.888904608345056317e+02
7.030000000000000249e+00;-2.205234170969352925e-01;9.705691322302666402e-01;-7.145846874685000216e+01;2.907532740585448892e+02
7.032000000000000028e+00;-1.988882125301728310e-01;9.745800556692749694e-01;-6.503782531505753184e+01;2.922703846255246845e+02
7.033999999999999808e+00;-1.796801539815205406e-01;9.787003335703914342e-01;-5.864168886774272238e+01;2.936321345691276292e+02
7.035999999999999588e+00;-1.585680487354860224e-01;9.832868785601303063e-01;-5.216570901337009047e+01;2.947206965445810738e+02
7.038000000000000256e+00;-1.370172111088155398e-01;9.856356836626704032e-01;-4.591721657151552449e+01;2.962433625901509231e+02
7.040000000000000036e+00;-1.127509715258829120e-01;9.877790463991920067e-01;-3.925758777994177251e+01;2.974219951826726174e+02
7.041999999999999815e+00;-9.183045224649021010e-02;9.903678840253418159e-01;-3.269243219339977458e+01;2.983439480850939844e+02
7.043999999999999595e+00;-7.468290388644334421e-02;9.931820364711446691e-01;-2.605156677024724488e+01;2.987407576125501691e+02
7.046000000000000263e+00;-5.073464103607331493e-02;9.947015908425808073e-01;-1.963023375140466698e+01;2.995574651400560811e+02
7.048000000000000043e+00;-2.726109038440078375e-02;9.951807546757818201e-01;-1.312126672208171918e+01;2.999400708814347354e+02
7.049999999999999822e+00;-6.163686681584851744e-03;9.975865732784580109e-01;-6.526280728747470228e+00;3.002674775217197976e+02
7.051999999999999602e+00;1.508511249082608932e-02;9.982934404800445360e-01;2.257485593847772254e-01;3.005188082274755743e+02
7.054000000000000270e+00;3.759682987313969771e-02;9.968710760558410211e-01;6.698122077044223133e+00;3.005568429810326165e+02
7.056000000000000050e+00;5.524321613306400897e-02;9.980911563349280646e-01;1.335910530049315526e+01;3.004293136017142274e+02
7.057999999999999829e+00;7.688799051043285204e-02;9.965962961229142270e-01;1.973198673887061716e+01;3.001175728870670696e+02
7.059999999999999609e+00;9.555867192529904353e-02;9.937611452122279143e-01;2.639161528672855184e+01;2.996932048870988865e+02
7.062000000000000277e+00;1.178441125781323623e-01;9.947230145468075602e-01;3.280687758534973852e+01;2.993120850905462476e+02
7.064000000000000057e+00;1.392244229192861338e-01;9.898728199852950826e-01;3.949576560624191046e+01;2.987198715134479130e+02
7.065999999999999837e+00;1.613394419053107154e-01;9.891324771823064577e-01;4.580331034125864420e+01;2.979635374864406003e+02
7.067999999999999616e+00;1.842708330566408259e-01;9.842448937846937085e-01;5.223458045722394161e+01;2.969766652418982176e+02
7.070000000000000284e+00;2.030240356974795934e-01;9.806891167218478866e-01;5.875614660209559759e+01;2.960106066985831603e+02
7.072000000000000064e+00;2.202419340089490640e-01;9.792596967771123317e-01;6.541095960403735887e+01;2.945505900532168653e+02
7.073999999999999844e+00;2.437749778873811446e-01;9.721472190136571934e-01;7.175989823089983588e+01;2.933001031949459616e+02
7.075999999999999623e+00;2.642435534474804615e-01;9.677036087337350656e-01;7.811652389303432642e+01;2.917032555088736672e+02
7.078000000000000291e+00;2.878527946873238319e-01;9.622982785881586398e-01;8.417643323952270862e+01;2.903062567663848768e+02
7.080000000000000071e+00;3.066041263463170075e-01;9.555517176517923650e-01;9.052480860271934660e+01;2.885307026702423059e+02
7.081999999999999851e+00;3.267959257427192066e-01;9.488816086682086981e-01;9.684819996996623104e+01;2.867236038769963784e+02
7.083999999999999631e+00;3.462178029036199201e-01;9.437265673212149597e-01;1.029985675470496034e+02;2.846281041040043647e+02
7.086000000000000298e+00;3.681399996291463417e-01;9.353669973827163364e-01;1.092189295665756816e+02;2.823351927983636642e+02
7.088000000000000078e+00;3.880167670949063452e-01;9.285500797551822227e-01;1.150611671038113570e+02;2.799732505585571971e+02
7.089999999999999858e+00;4.043943210731416049e-01;9.219074287721353844e-01;1.214837366445166253e+02;2.775287811426695725e+02
7.091999999999999638e+00;4.238238036112659257e-01;9.114967983016711850e-01;1.274136178540389892e+02;2.748919503637961839e+02
7.094000000000000306e+00;4.420699654647749499e-01;9.036214878387273108e-01;1.332715234991570412e+02;2.722785929268324594e+02
7.096000000000000085e+00;4.609128499347411312e-01;8.953293987169583801e-01;1.391629676925982153e+02;2.693233125663861074e+02
7.097999999999999865e+00;4.863231367773073188e-01;8.831179765365810841e-01;1.446759846982502040e+02;2.668174358732550218e+02
7.099999999999999645e+00;5.001857407507069864e-01;8.746823657296717291e-01;1.505996250573295185e+02;2.634709381800577148e+02
7.102000000000000313e+00;5.214281834468471599e-01;8.626419051683159589e-01;1.563338390475189783e+02;2.605836234218891718e+02
7.104000000000000092e+00;5.389655398377042328e-01;8.524926153550985708e-01;1.618049573719851253e+02;2.571012928610356312e+02
7.105999999999999872e+00;5.561954521750409608e-01;8.404323653313993114e-01;1.675327983575974145e+02;2.535935758569254119e+02
7.107999999999999652e+00;5.738833455652297966e-01;8.288850078421313716e-01;1.728458193459247241e+02;2.498891480208626490e+02
7.110000000000000320e+00;5.921219797664353246e-01;8.169462686882498215e-01;1.780111800911763851e+02;2.464795328274426538e+02
7.112000000000000099e+00;6.068226472405778837e-01;8.057557908396486557e-01;1.835395969795473832e+02;2.423866919352909974e+02
7.113999999999999879e+00;6.263702816912437576e-01;7.919630710773672977e-01;1.886972648219984023e+02;2.384786184961727429e+02
7.115999999999999659e+00;6.441121064559179876e-01;7.782726207206174251e-01;1.937411195688057717e+02;2.345869410238327930e+02
7.118000000000000327e+00;6.573159032660929046e-01;7.648971722979351906e-01;1.988002751230889942e+02;2.304316247724506752e+02
7.120000000000000107e+00;6.775884802324168010e-01;7.504096162931674918e-01;2.037622379826254075e+02;2.263458238048356179e+02
7.121999999999999886e+00;6.927504597706590772e-01;7.356918440034225792e-01;2.087679457857570355e+02;2.219078164211245223e+02
7.123999999999999666e+00;7.071178419913501934e-01;7.216798554891300510e-01;2.133130912244226636e+02;2.175010734869007933e+02
7.126000000000000334e+00;7.228415735715582047e-01;7.064346724118223397e-01;2.179336541324259429e+02;2.130184416719676790e+02
7.128000000000000114e+00;7.348410078014302460e-01;6.901238690291777722e-01;2.224326339984619949e+02;2.082312532538316248e+02
7.129999999999999893e+00;7.483185260150213569e-01;6.741604018760736228e-01;2.269014195139664594e+02;2.034205344653647387e+02
7.131999999999999673e+00;7.611328520855887847e-01;6.579090343756049952e-01;2.314402485820257027e+02;1.986440465032105180e+02
7.134000000000000341e+00;7.758512091752236550e-01;6.420883831041110934e-01;2.355114132961356006e+02;1.936415330692449004e+02
7.136000000000000121e+00;7.912566844117434606e-01;6.249612185448946144e-01;2.397581794408359599e+02;1.886237133733765745e+02
7.137999999999999901e+00;8.051797116255565712e-01;6.082372403399011196e-01;2.435549665875004735e+02;1.837017269470514123e+02
7.139999999999999680e+00;8.164451145670588161e-01;5.913038370217373885e-01;2.474736336016229359e+02;1.783659052539626941e+02
7.142000000000000348e+00;8.278122495645863221e-01;5.737636406007358136e-01;2.512952553320311040e+02;1.730320501148797518e+02
7.144000000000000128e+00;8.384650562087623271e-01;5.560605210476586846e-01;2.548945504542737126e+02;1.678578551043668483e+02
7.145999999999999908e+00;8.500169629500092805e-01;5.389961131056051347e-01;2.584328447384871765e+02;1.622921750012424695e+02
7.147999999999999687e+00;8.652719521927316748e-01;5.187605979820579805e-01;2.617879138032632227e+02;1.568989873982428094e+02
7.150000000000000355e+00;8.726945491648233633e-01;5.009340162868355373e-01;2.651269229076980309e+02;1.512757028378125881e+02
7.152000000000000135e+00;8.814750809430931255e-01;4.839237570379815168e-01;2.683052758340005539e+02;1.454771157983682599e+02
7.153999999999999915e+00;8.933377442134364799e-01;4.656631160621091392e-01;2.714334187113475423e+02;1.399616444581353676e+02
7.155999999999999694e+00;9.019728501488961658e-01;4.461349754971998260e-01;2.744249345165258092e+02;1.338244138465934157e+02
7.158000000000000362e+00;9.113451037011962574e-01;4.272345529106671980e-01;2.773879917040543432e+02;1.280290339344610970e+02
7.160000000000000142e+00;9.206843805546155446e-01;4.087597988947589966e-01;2.798311498740082470e+02;1.221237980349303314e+02
7.161999999999999922e+00;9.254219486965400421e-01;3.897473434535647652e-01;2.826986976472533115e+02;1.160462727969204764e+02
7.163999999999999702e+00;9.329124143710962880e-01;3.704429709691668959e-01;2.851970268201370686e+02;1.099333508849987027e+02
7.166000000000000369e+00;9.398284836674669629e-01;3.518456341403109477e-01;2.871396998547824069e+02;1.039355171918482483e+02
7.168000000000000149e+00;9.478695569628126094e-01;3.301299599119635886e-01;2.894910335240501809e+02;9.792947508976405402e+01
7.169999999999999929e+00;9.553225308848396491e-01;3.101845903352192235e-01;2.915376300402115817e+02;9.158801148531583181e+01
7.171999999999999709e+00;9.595242190737435228e-01;2.914152382317877765e-01;2.934291291081164559e+02;8.539038996575249030e+01
7.174000000000000377e+00;9.672499141021277946e-01;2.710602579752999786e-01;2.951641409757488645e+02;7.907633123438391465e+01
7.176000000000000156e+00;9.696490521822754838e-01;2.518733987852994627e-01;2.969255587152485987e+02;7.254052698858512827e+01
7.177999999999999936e+00;9.754697791764719295e-01;2.314952909006368631e-01;2.984027968081746849e+02;6.639034560938060281e+01
7.179999999999999716e+00;9.769664559758034494e-01;2.132400430452575935e-01;2.999681977216965834e+02;5.980928818556652971e+01
7.182000000000000384e+00;9.798996216708178997e-01;1.923211743008148011e-01;3.011634153111392038e+02;5.336714895076155329e+01
7.184000000000000163e+00;9.817131691166830487e-01;1.723360022233431932e-01;3.021512533501953612e+02;4.686904915568062080e+01
7.185999999999999943e+00;9.896758718224758500e-01;1.518734247948075322e-01;3.030684403051568552e+02;4.083670557733674400e+01
7.187999999999999723e+00;9.924260863935840948e-01;1.315405738744215569e-01;3.039446806270440220e+02;3.436389534093048326e+01
7.190000000000000391e+00;9.967938402797701380e-01;1.112260517801241244e-01;3.046879367886584191e+02;2.784209945524850127e+01
7.192000000000000171e+00;9.962186511322130844e-01;9.228943973203658502e-02;3.052314093051019199e+02;2.123976992563543575e+01
7.193999999999999950e+00;9.972043339456945210e-01;7.093987356619185780e-02;3.057421902405017136e+02;1.488818205246500703e+01
7.195999999999999730e+00;9.958597582701488315e-01;5.091579639314752770e-02;3.059730688002300667e+02;8.183712388446547692e+00
7.198000000000000398e+00;9.978317379833951950e-01;3.013189331802815230e-02;3.062158189787253377e+02;1.544960492237148486e+00
7.200000000000000178e+00;9.981750714228369015e-01;7.259635904583107598e-03;3.063731940626044548e+02;-5.155969783441728183e+00
7.201999999999999957e+00;9.999033653329570948e-01;-1.356531582152910656e-02;3.060525018369498866e+02;-1.140344920435492249e+01
7.203999999999999737e+00;9.943762202385471038e-01;-3.261513939028200249e-02;3.058023229354847103e+02;-1.819162036806098826e+01
7.206000000000000405e+00;9.984565187300475930e-01;-5.423284462809195572e-02;3.054704717848885593e+02;-2.442994060181398552e+01
7.208000000000000185e+00;9.961965306184856761e-01;-7.444901340791196254e-02;3.049767532964066277e+02;-3.077985535378244464e+01
7.209999999999999964e+00;9.921356181518617978e-01;-9.352085985847091720e-02;3.042535751660578853e+02;-3.750007330811975947e+01
7.211999999999999744e+00;9.921545426817690583e-01;-1.157536659654904848e-01;3.034746421665665252e+02;-4.396452487310075696e+01
7.214000000000000412e+00;9.904908271221468663e-01;-1.352028434007629121e-01;3.024691224446663682e+02;-5.037182334646585247e+01
7.216000000000000192e+00;9.844710151640585494e-01;-1.541029036165222910e-01;3.014835441893568486e+02;-5.711670667710217231e+01
7.217999999999999972e+00;9.802293600855703781e-01;-1.747519017677380548e-01;3.002022054852999986e+02;-6.331999747460946537e+01
7.219999999999999751e+00;9.720513752357167192e-01;-1.930340508649567854e-01;2.989905057354688438e+02;-6.989830487393361125e+01
7.222000000000000419e+00;9.725296966354424200e-01;-2.154630899893481555e-01;2.974702613615335167e+02;-7.598693697095013988e+01
7.224000000000000199e+00;9.723690996667588848e-01;-2.355447508572857118e-01;2.957163838233614115e+02;-8.207985550700377075e+01
7.225999999999999979e+00;9.655861598346191510e-01;-2.560473373546033882e-01;2.939762857711604624e+02;-8.844827801553330460e+01
7.227999999999999758e+00;9.572716141438052384e-01;-2.756702552091724323e-01;2.921228150312450680e+02;-9.473062543062312102e+01
7.230000000000000426e+00;9.536309315931333908e-01;-2.963608694870506488e-01;2.901693214690794207e+02;-1.007653592169590837e+02
7.232000000000000206e+00;9.445775879858020474e-01;-3.146749298551426155e-01;2.881700171619135062e+02;-1.070895627789999764e+02
7.233999999999999986e+00;9.383082078357608546e-01;-3.351568132946235457e-01;2.856464472477177310e+02;-1.129776515447425282e+02
7.235999999999999766e+00;9.347219536181240462e-01;-3.556926256318434509e-01;2.831475141673010398e+02;-1.190852204079275509e+02
7.238000000000000433e+00;9.235591749890718072e-01;-3.735279001359231854e-01;2.805875780643426651e+02;-1.253407584295185160e+02
7.240000000000000213e+00;9.157978394765434738e-01;-3.930068056293087864e-01;2.781178010346673659e+02;-1.310087787110871034e+02
7.241999999999999993e+00;9.069054972203887122e-01;-4.127501531956808689e-01;2.753605868197372502e+02;-1.368532691068492397e+02
7.243999999999999773e+00;8.978798344324395719e-01;-4.316129912073088382e-01;2.723104868869849042e+02;-1.426611280167628024e+02
7.246000000000000441e+00;8.858569196653565125e-01;-4.494346222699361348e-01;2.694345576244311360e+02;-1.486257131057075753e+02
7.248000000000000220e+00;8.773341099008419297e-01;-4.694186875027946404e-01;2.662476398985598394e+02;-1.541367274932778173e+02
7.250000000000000000e+00;8.688289025904489815e-01;-4.893195556578328609e-01;2.630641343722112424e+02;-1.596687943626252491e+02
7.251999999999999780e+00;8.547225241525602257e-01;-5.059819087101451451e-01;2.593610563264615507e+02;-1.653133349471415272e+02
7.253999999999999559e+00;8.468173720892260281e-01;-5.260035526746456025e-01;2.560119278434484613e+02;-1.705862711056793728e+02
7.256000000000000227e+00;8.347874905073924268e-01;-5.439053902012338515e-01;2.524406545953798400e+02;-1.760487750534821885e+02
7.258000000000000007e+00;8.239006379702799032e-01;-5.609655190525260071e-01;2.485492303878482687e+02;-1.812754198727303674e+02
7.259999999999999787e+00;8.117384157303983994e-01;-5.798160821479676486e-01;2.447714453024400427e+02;-1.864242922226824817e+02
7.262000000000000455e+00;7.961253012654512240e-01;-5.971402418635836096e-01;2.407852394921881967e+02;-1.916038893208185527e+02
7.264000000000000234e+00;7.879030593069350497e-01;-6.143363619810207066e-01;2.366001709399367883e+02;-1.963579003511213159e+02
7.266000000000000014e+00;7.731793689929201685e-01;-6.317693174462403194e-01;2.325099916621882699e+02;-2.015203831409227746e+02
7.267999999999999794e+00;7.582834701030805036e-01;-6.483694014786138826e-01;2.282753809423395523e+02;-2.061760017155399396e+02
7.269999999999999574e+00;7.445411309315025372e-01;-6.662973258891268236e-01;2.238962225336978520e+02;-2.110081751989244481e+02
7.272000000000000242e+00;7.288244248668915848e-01;-6.816727128222931364e-01;2.192862281285607082e+02;-2.158150287544466721e+02
7.274000000000000021e+00;7.157487510002064068e-01;-6.996007029876591954e-01;2.147740597869841963e+02;-2.202858578372025136e+02
7.275999999999999801e+00;6.971530919042848717e-01;-7.135029769788139298e-01;2.098847140186597642e+02;-2.248046843233384493e+02
7.278000000000000469e+00;6.834834021356928080e-01;-7.294400638561917560e-01;2.049604408398881219e+02;-2.290288421661753091e+02
7.280000000000000249e+00;6.629690313114725564e-01;-7.430769299959195662e-01;2.001557077416168227e+02;-2.335115349807028053e+02
7.282000000000000028e+00;6.441755588570241553e-01;-7.561113745094758531e-01;1.951128250073437584e+02;-2.374773641770784707e+02
7.283999999999999808e+00;6.348725722184198617e-01;-7.749961479136161513e-01;1.897962480247200006e+02;-2.412773076878003451e+02
7.285999999999999588e+00;6.168881682177361769e-01;-7.865251872558782775e-01;1.848222784499130285e+02;-2.453014214211401338e+02
7.288000000000000256e+00;5.936746850247798246e-01;-7.971123720501979149e-01;1.793882127533768767e+02;-2.491075023786145834e+02
7.290000000000000036e+00;5.799924800309260720e-01;-8.130854507491875882e-01;1.740700801709614893e+02;-2.527858492392967946e+02
7.291999999999999815e+00;5.606016171155175920e-01;-8.234875826258430953e-01;1.686319346953153229e+02;-2.565042115168281498e+02
7.293999999999999595e+00;5.409988478178586746e-01;-8.365216794573020476e-01;1.631105891636091769e+02;-2.599303157655068617e+02
7.296000000000000263e+00;5.218677938204885347e-01;-8.500182265890391387e-01;1.576534633522124125e+02;-2.632833331784528355e+02
7.298000000000000043e+00;5.025491642866823927e-01;-8.582044700579505303e-01;1.519460724336519775e+02;-2.664210836186124425e+02
7.299999999999999822e+00;4.863931336630778479e-01;-8.712847026386695282e-01;1.461975559207099593e+02;-2.693846692455591665e+02
7.301999999999999602e+00;4.661955976156230141e-01;-8.811612927235250581e-01;1.404960137980271213e+02;-2.724621745062282798e+02
7.304000000000000270e+00;4.461836928653414303e-01;-8.913073372922925008e-01;1.343699577790258104e+02;-2.753745321445320542e+02
7.306000000000000050e+00;4.244252332283573459e-01;-8.983064357167996894e-01;1.284732040726808293e+02;-2.780645695372434147e+02
7.307999999999999829e+00;4.052094740675115103e-01;-9.092283314535487548e-01;1.227999831438454237e+02;-2.806484224228220228e+02
7.309999999999999609e+00;3.860032402010253327e-01;-9.182110435141739302e-01;1.165316363879027648e+02;-2.831261763083574010e+02
7.312000000000000277e+00;3.651422627587095904e-01;-9.272910476911511157e-01;1.103994279669837653e+02;-2.855105050922016972e+02
7.314000000000000057e+00;3.477549739580873545e-01;-9.344963460564397195e-01;1.039968082340741091e+02;-2.876832949921241607e+02
7.315999999999999837e+00;3.274593694346000783e-01;-9.436710967629894364e-01;9.800896948393193497e+01;-2.896713883587804048e+02
7.317999999999999616e+00;3.035916046983232475e-01;-9.485284422561506279e-01;9.173346422158154212e+01;-2.918062892821268406e+02
7.320000000000000284e+00;2.860873075418465250e-01;-9.559573090651101168e-01;8.536723579567794218e+01;-2.932372735441632585e+02
7.322000000000000064e+00;2.607103546726821097e-01;-9.610466818347823681e-01;7.909463399535704298e+01;-2.952638236679471788e+02
7.323999999999999844e+00;2.406040079363271078e-01;-9.668111899587955582e-01;7.266418189043714904e+01;-2.966216150455665570e+02
7.325999999999999623e+00;2.202444587567054801e-01;-9.720475910319196222e-01;6.594594484364030507e+01;-2.981188604245825218e+02
7.328000000000000291e+00;1.988732609233486992e-01;-9.765950590933616393e-01;5.962226669061305984e+01;-2.992275640604328828e+02
7.330000000000000071e+00;1.810023032800138487e-01;-9.827980576066195351e-01;5.307818970183821961e+01;-3.004096643269324431e+02
7.331999999999999851e+00;1.606828256997303583e-01;-9.859819589052186695e-01;4.670754521241502033e+01;-3.014350026510673501e+02
7.333999999999999631e+00;1.351799289003542959e-01;-9.882978982299615023e-01;4.010524179365437192e+01;-3.023592824712654874e+02
7.336000000000000298e+00;1.149814344942250433e-01;-9.918032261911303715e-01;3.363273589842204103e+01;-3.032233710387396854e+02
7.338000000000000078e+00;9.205520047781987070e-02;-9.932741682275250117e-01;2.708446268894177678e+01;-3.037481741104758726e+02
7.339999999999999858e+00;7.446762912926242761e-02;-9.964309593551275990e-01;2.040373297163300848e+01;-3.040101958340753754e+02
7.341999999999999638e+00;5.108996528979171947e-02;-9.978930065583300202e-01;1.378126153417063016e+01;-3.042647895368322679e+02
7.344000000000000306e+00;3.281511641183589012e-02;-9.999743304168411395e-01;7.245151021354688581e+00;-3.044533184288741836e+02
7.346000000000000085e+00;9.714303820988919730e-03;-1.001302672239624103e+00;6.555391372167369557e-01;-3.047175503052784507e+02
7.347999999999999865e+00;-1.390633222386323219e-02;-9.994599101616591375e-01;-6.214511028821771532e+00;-3.045676218276091163e+02
7.349999999999999645e+00;-3.529404250719159891e-02;-1.002034527355156523e+00;-1.282083449097834560e+01;-3.041185641020334742e+02
7.352000000000000313e+00;-5.687241813188268630e-02;-1.001727833096970555e+00;-1.920568046965255604e+01;-3.036175326006214732e+02
7.354000000000000092e+00;-7.607221199284518176e-02;-1.001389627388777015e+00;-2.591685817389279123e+01;-3.032783003159435111e+02
7.355999999999999872e+00;-9.855881286237611061e-02;-9.988838391746537315e-01;-3.251458576254209731e+01;-3.026970599136549254e+02
7.357999999999999652e+00;-1.245277770552338792e-01;-9.952747487044785180e-01;-3.902676838485753308e+01;-3.020949969744005443e+02
7.360000000000000320e+00;-1.417296686987378762e-01;-9.939684509812434232e-01;-4.557894043888269664e+01;-3.008150601601677181e+02
7.362000000000000099e+00;-1.649043473191008635e-01;-9.897358438397508840e-01;-5.216495149822684141e+01;-2.999849519607094521e+02
7.363999999999999879e+00;-1.832656146066403147e-01;-9.887512293838668365e-01;-5.849791697642633892e+01;-2.988132029036232780e+02
7.365999999999999659e+00;-2.055697310014149848e-01;-9.857954270685965747e-01;-6.495686696700683171e+01;-2.974289289786173640e+02
7.368000000000000327e+00;-2.252929158115108410e-01;-9.814339895871218022e-01;-7.147435625718966890e+01;-2.957711622458826923e+02
7.370000000000000107e+00;-2.469075781480193910e-01;-9.769530239058742405e-01;-7.781499529104908675e+01;-2.944563719201063350e+02
7.371999999999999886e+00;-2.666578842222028234e-01;-9.725825686435252138e-01;-8.424275715907472772e+01;-2.924839012607786799e+02
7.373999999999999666e+00;-2.883853141019127042e-01;-9.671938311293910573e-01;-9.047690603417927946e+01;-2.908663281756699917e+02
7.376000000000000334e+00;-3.074327114860979648e-01;-9.615132889254246473e-01;-9.653408253060133859e+01;-2.887163972099966713e+02
7.378000000000000114e+00;-3.269556357763881982e-01;-9.560097562919755987e-01;-1.030471449011088936e+02;-2.862442259603371326e+02
7.379999999999999893e+00;-3.490825194993519842e-01;-9.492977343447425165e-01;-1.090216808837501077e+02;-2.841559498540784716e+02
7.381999999999999673e+00;-3.679100774018588815e-01;-9.430743962200667241e-01;-1.151721471538017170e+02;-2.817245102905898761e+02
7.384000000000000341e+00;-3.916410865148827747e-01;-9.327930114272728890e-01;-1.211719109055001553e+02;-2.792814435895127758e+02
7.386000000000000121e+00;-4.116847549256159589e-01;-9.260031879081592754e-01;-1.270481732513984525e+02;-2.768706351824213243e+02
7.387999999999999901e+00;-4.328757066910518536e-01;-9.184917680407490570e-01;-1.330850056331935605e+02;-2.738328661235864274e+02
7.389999999999999680e+00;-4.550120898202003050e-01;-9.082523286194087442e-01;-1.389664988365420015e+02;-2.711293001718771620e+02
7.392000000000000348e+00;-4.670491358234684642e-01;-9.010150760195024811e-01;-1.447379913617557179e+02;-2.677216817661145569e+02
7.394000000000000128e+00;-4.885068855585593672e-01;-8.909449780897291671e-01;-1.505384330613652821e+02;-2.645998706359835069e+02
7.395999999999999908e+00;-5.094088971466131932e-01;-8.805443029951776079e-01;-1.559638902118467740e+02;-2.614155385027593184e+02
7.397999999999999687e+00;-5.264352805556072878e-01;-8.699688225923385421e-01;-1.618861452566966648e+02;-2.579554926030881461e+02
7.400000000000000355e+00;-5.467015142814400930e-01;-8.602862228868293215e-01;-1.671535596171801785e+02;-2.544685571142276785e+02
7.402000000000000135e+00;-5.610813816009899702e-01;-8.505381134299732082e-01;-1.725034043248966213e+02;-2.507764789251615980e+02
7.403999999999999915e+00;-5.814415457722160729e-01;-8.374022340457593083e-01;-1.779408713185630972e+02;-2.470155979794865857e+02
7.405999999999999694e+00;-5.979574331022730060e-01;-8.228520305471681562e-01;-1.831710787203122663e+02;-2.432514678784472721e+02
7.408000000000000362e+00;-6.135273900718429818e-01;-8.120979499477900543e-01;-1.882853227398714466e+02;-2.393095642746663145e+02
7.410000000000000142e+00;-6.347574388537319257e-01;-7.972825354516680507e-01;-1.935338075399805291e+02;-2.352375346517234505e+02
7.411999999999999922e+00;-6.494152916513648011e-01;-7.849990604449941234e-01;-1.985457936322079604e+02;-2.308904551073295295e+02
7.413999999999999702e+00;-6.726059424233963302e-01;-7.683149112362958055e-01;-2.030442738671513894e+02;-2.271177374573738632e+02
7.416000000000000369e+00;-6.824317293624921898e-01;-7.561657118576027292e-01;-2.080332138031192812e+02;-2.223068332683663471e+02
7.418000000000000149e+00;-6.977431767474318036e-01;-7.431532332822254894e-01;-2.124298386319071028e+02;-2.178672106248197338e+02
7.419999999999999929e+00;-7.180748927376326973e-01;-7.264242298871742554e-01;-2.170510122111160740e+02;-2.132417817041694548e+02
7.421999999999999709e+00;-7.307630186357698676e-01;-7.120971561629044766e-01;-2.217633723831640111e+02;-2.084222174363734723e+02
7.424000000000000377e+00;-7.458901500552438391e-01;-6.961460641896703994e-01;-2.261216247407664923e+02;-2.034577051492953501e+02
7.426000000000000156e+00;-7.620134903982775931e-01;-6.790807191239441876e-01;-2.302080085628250004e+02;-1.988896054473304105e+02
7.427999999999999936e+00;-7.721843001646166993e-01;-6.631159964260597839e-01;-2.344788808301440497e+02;-1.936792007785366536e+02
7.429999999999999716e+00;-7.879905596561361802e-01;-6.445464477987563612e-01;-2.383224976243447486e+02;-1.887119573399175181e+02
7.432000000000000384e+00;-8.035987754511664249e-01;-6.269580607391709304e-01;-2.422875200519246732e+02;-1.835352909637271637e+02
7.434000000000000163e+00;-8.130302547755816622e-01;-6.108308166351335000e-01;-2.460501591945081259e+02;-1.782568544807201647e+02
7.435999999999999943e+00;-8.301488853800819134e-01;-5.921618132808600388e-01;-2.497779950991363762e+02;-1.730331335456732802e+02
7.437999999999999723e+00;-8.435932652278923527e-01;-5.738557539444710809e-01;-2.534995276233488823e+02;-1.676154905363035255e+02
7.440000000000000391e+00;-8.498366501247792693e-01;-5.574272068415840886e-01;-2.570654806661283942e+02;-1.619888438891150315e+02
7.442000000000000171e+00;-8.626218870641755299e-01;-5.378387017699260975e-01;-2.603348935645727806e+02;-1.565225686553008586e+02
7.443999999999999950e+00;-8.733938014314889253e-01;-5.188201258806759419e-01;-2.634309979670515531e+02;-1.508374763466127035e+02
7.445999999999999730e+00;-8.840355502592212034e-01;-4.994378245638564917e-01;-2.666747920675682053e+02;-1.451246891172829692e+02
7.448000000000000398e+00;-8.935142862462800428e-01;-4.819650923349197980e-01;-2.696996239634054291e+02;-1.390834244378422682e+02
7.450000000000000178e+00;-9.060901119741104903e-01;-4.598884604049818248e-01;-2.723257976417783084e+02;-1.333062312841463495e+02
7.451999999999999957e+00;-9.130601396433050132e-01;-4.409131976576056156e-01;-2.750030773737353798e+02;-1.276694976758452640e+02
7.453999999999999737e+00;-9.189063446149630110e-01;-4.232753075573482127e-01;-2.774483293805354833e+02;-1.215286125733794904e+02
7.456000000000000405e+00;-9.249232129277598080e-01;-4.036162255201402038e-01;-2.799544606103830233e+02;-1.155222060672516164e+02
7.458000000000000185e+00;-9.375118426864548216e-01;-3.830028677033697204e-01;-2.822429376118116124e+02;-1.096774259761134829e+02
7.459999999999999964e+00;-9.450038659826066612e-01;-3.625634885898345594e-01;-2.842771711719381642e+02;-1.033905904021854667e+02
7.461999999999999744e+00;-9.505824878165751723e-01;-3.406092534575064779e-01;-2.865064108832161764e+02;-9.725569169123590996e+01
7.464000000000000412e+00;-9.580187684310997875e-01;-3.190528954452517274e-01;-2.883625290675756787e+02;-9.092800620420648272e+01
7.466000000000000192e+00;-9.646284971434466726e-01;-2.976705234005975753e-01;-2.900088314445513902e+02;-8.478998979031702277e+01
7.467999999999999972e+00;-9.646233334020006822e-01;-2.791259685816314673e-01;-2.918598898754084985e+02;-7.806988224059874426e+01
7.469999999999999751e+00;-9.738028137989660493e-01;-2.579583269913626187e-01;-2.930014969035152603e+02;-7.213795681266091719e+01
7.472000000000000419e+00;-9.735783020391306497e-01;-2.390773175893913804e-01;-2.943501740851123145e+02;-6.556600993682741318e+01
7.474000000000000199e+00;-9.834963302436540156e-01;-2.143918162856496834e-01;-2.956388629499429044e+02;-5.924047430728631980e+01
7.475999999999999979e+00;-9.831359382425668425e-01;-1.950168250942488357e-01;-2.970268548469815073e+02;-5.272301298991165197e+01
7.477999999999999758e+00;-9.889634312684835171e-01;-1.737318090095115175e-01;-2.977858418216193286e+02;-4.626561442793502721e+01
7.480000000000000426e+00;-9.877354870518508800e-01;-1.541194116216592636e-01;-2.985754283077437208e+02;-3.970361921482295031e+01
7.482000000000000206e+00;-9.946746655619904676e-01;-1.305804197770458475e-01;-2.989425361455662937e+02;-3.331243123725148791e+01
7.483999999999999986e+00;-9.938091653045884044e-01;-1.099158597157715855e-01;-2.997484868036198122e+02;-2.678291226116609636e+01
7.485999999999999766e+00;-9.956114268085143326e-01;-8.997969715437038885e-02;-2.999712728656363652e+02;-2.021367077485750485e+01
7.487999999999999545e+00;-9.946171270423944666e-01;-6.783114918392939285e-02;-3.003248773171873154e+02;-1.340683767027130102e+01
7.490000000000000213e+00;-9.945300462940395159e-01;-4.646102808091248648e-02;-3.003487993501682354e+02;-6.890036439309622729e+00
7.491999999999999993e+00;-1.000001016305049895e+00;-2.383884946485644724e-02;-3.001035957785603046e+02;-7.552071200730476885e-01
7.493999999999999773e+00;-9.951802404121276036e-01;-4.349658962234310630e-03;-3.002523633401244183e+02;6.078401446030108346e+00
7.496000000000000441e+00;-9.952287544756315274e-01;1.969007330609284095e-02;-2.998733378680213946e+02;1.274140764349613342e+01
7.498000000000000220e+00;-9.927095617465789834e-01;4.097896222172668634e-02;-2.994412158775601256e+02;1.935942409069562586e+01
7.500000000000000000e+00;-9.918855557478547524e-01;6.382855080286024829e-02;-2.987167398713484090e+02;2.586086920298670222e+01
7.501999999999999780e+00;-9.923829595229426426e-01;8.632559534380250532e-02;-2.980139005689694613e+02;3.218695556286451165e+01
7.503999999999999559e+00;-9.897836956115660945e-01;1.075041420824685429e-01;-2.969774983721489434e+02;3.896540417063103234e+01
7.506000000000000227e+00;-9.864699365161208044e-01;1.283664040883346069e-01;-2.958564987055231654e+02;4.524693884104879515e+01
7.508000000000000007e+00;-9.816679821731091327e-01;1.489430306355925548e-01;-2.948161577232758646e+02;5.177670423636315178e+01
7.509999999999999787e+00;-9.810961397606187129e-01;1.714304920105790830e-01;-2.936545368133575948e+02;5.824224817364321183e+01
7.511999999999999567e+00;-9.728114743674535214e-01;1.908130163452937400e-01;-2.920169937557582216e+02;6.472102968772594522e+01
7.514000000000000234e+00;-9.674683701793691526e-01;2.126653367738025602e-01;-2.904832272614997919e+02;7.124384379606453876e+01
7.516000000000000014e+00;-9.624841544100826152e-01;2.350754062429093183e-01;-2.887554094579716093e+02;7.752012949513364504e+01
7.517999999999999794e+00;-9.584354274884873126e-01;2.555348081452474829e-01;-2.870131389408559812e+02;8.374928157058135980e+01
7.519999999999999574e+00;-9.495988363385317044e-01;2.758186681418585140e-01;-2.849359518979289874e+02;9.024801218707344219e+01
7.522000000000000242e+00;-9.446242831076595570e-01;2.974662172385621473e-01;-2.828861163005472577e+02;9.637822149207029554e+01
7.524000000000000021e+00;-9.382348085878527977e-01;3.178254949739013346e-01;-2.804599718559526309e+02;1.023994592358624516e+02
7.525999999999999801e+00;-9.292179558165774012e-01;3.376480646546414222e-01;-2.779134879973139505e+02;1.085140621444752185e+02
7.527999999999999581e+00;-9.197470183782761044e-01;3.588400375269793496e-01;-2.754885846485138359e+02;1.147723142340529705e+02
7.530000000000000249e+00;-9.157716508652183895e-01;3.817841556914974843e-01;-2.729694949551760601e+02;1.205627569368397900e+02
7.532000000000000028e+00;-9.031612441731733387e-01;4.026873017164609436e-01;-2.701508541638518182e+02;1.266794936878004165e+02
7.533999999999999808e+00;-8.937548610795011950e-01;4.207029662491456601e-01;-2.671756055258816218e+02;1.324149306816027831e+02
7.535999999999999588e+00;-8.814309503056584338e-01;4.402495125474309989e-01;-2.641591600106409601e+02;1.385027807544282439e+02
7.538000000000000256e+00;-8.708130781576125523e-01;4.596112014294558290e-01;-2.610699927304330004e+02;1.442311532415468491e+02
7.540000000000000036e+00;-8.622981521192321086e-01;4.811708316895025317e-01;-2.576611994246792392e+02;1.501359043689949999e+02
7.541999999999999815e+00;-8.509286619745950464e-01;5.008636763478745424e-01;-2.544901823492384665e+02;1.553371909017686789e+02
7.543999999999999595e+00;-8.426923555349213890e-01;5.198123238767806686e-01;-2.507403655936705604e+02;1.612008351483594026e+02
7.546000000000000263e+00;-8.263322051882449060e-01;5.383370113751799746e-01;-2.470601306062926596e+02;1.666240525217750701e+02
7.548000000000000043e+00;-8.111627849465372631e-01;5.558040729275297576e-01;-2.435974201573963569e+02;1.721077979429623497e+02
7.549999999999999822e+00;-7.982989580123471818e-01;5.748493482975574054e-01;-2.395794380872892759e+02;1.776557986523759780e+02
7.551999999999999602e+00;-7.892185263912151472e-01;5.948623751266827187e-01;-2.355249833810335645e+02;1.826119737232582452e+02
7.554000000000000270e+00;-7.755366287914677859e-01;6.125430849911577269e-01;-2.313461208119403238e+02;1.878561080477659004e+02
7.556000000000000050e+00;-7.631882949473919320e-01;6.305871895225605428e-01;-2.270826034385366370e+02;1.926332513068563230e+02
7.557999999999999829e+00;-7.446482347569544080e-01;6.459078474744724963e-01;-2.229653087961629865e+02;1.978564947427554443e+02
7.559999999999999609e+00;-7.314749892825275213e-01;6.659846872050081412e-01;-2.185294213458116701e+02;2.026203925663324696e+02
7.562000000000000277e+00;-7.153047381164674423e-01;6.813105338077606321e-01;-2.139470501962393882e+02;2.072303582602653478e+02
7.564000000000000057e+00;-6.977379923231179504e-01;6.978080437167354377e-01;-2.092158296969160745e+02;2.120065230180444757e+02
7.565999999999999837e+00;-6.826265612034516650e-01;7.155837068618486896e-01;-2.043228969959495771e+02;2.164923535632290168e+02
7.567999999999999616e+00;-6.645482410139186280e-01;7.306675366177413089e-01;-1.997720218123805580e+02;2.212619626712352385e+02
7.570000000000000284e+00;-6.502041796480680924e-01;7.474473536393155815e-01;-1.949735877542769344e+02;2.254911055572110286e+02
7.572000000000000064e+00;-6.326609182879033844e-01;7.628320740562097857e-01;-1.898513657294313077e+02;2.297987767831997985e+02
7.573999999999999844e+00;-6.187781084132959464e-01;7.803530137428973390e-01;-1.846674214018064220e+02;2.335618515386276215e+02
7.575999999999999623e+00;-5.971275850978062794e-01;7.914314794990657820e-01;-1.793727722065121952e+02;2.379590765076407877e+02
7.578000000000000291e+00;-5.760476129266925982e-01;8.034894196271787914e-01;-1.741053843272357824e+02;2.419750382553113468e+02
7.580000000000000071e+00;-5.605241007712121748e-01;8.181388318365703238e-01;-1.688049709280051616e+02;2.455456505831788547e+02
7.581999999999999851e+00;-5.417265019519339475e-01;8.312559070110259185e-01;-1.634632573065542260e+02;2.493579580910470099e+02
7.583999999999999631e+00;-5.217685691026338057e-01;8.445425547389090459e-01;-1.577066831271753244e+02;2.528410857000758938e+02
7.586000000000000298e+00;-5.030779244619947299e-01;8.556908566663471438e-01;-1.521049646137648779e+02;2.565187219247534927e+02
7.588000000000000078e+00;-4.822759617559441159e-01;8.670042334469247880e-01;-1.467277592397939259e+02;2.598000205238330409e+02
7.589999999999999858e+00;-4.664292884918147530e-01;8.801260924179764578e-01;-1.408954996118710881e+02;2.626852481332606430e+02
7.591999999999999638e+00;-4.429422238722134919e-01;8.880134009811614382e-01;-1.350015654912681953e+02;2.661395168612888256e+02
7.594000000000000306e+00;-4.236549464364756656e-01;8.992211716796300047e-01;-1.290920671348997359e+02;2.690154194272968766e+02
7.596000000000000085e+00;-4.007450437291022460e-01;9.079817228844634380e-01;-1.230098719613350369e+02;2.717764930581873841e+02
7.597999999999999865e+00;-3.802126984391883679e-01;9.166149328040269495e-01;-1.171540434846931475e+02;2.746499052141360266e+02
7.599999999999999645e+00;-3.600701936216222920e-01;9.254091876499769276e-01;-1.110409493467232096e+02;2.772830494140986275e+02
7.602000000000000313e+00;-3.379799505942752136e-01;9.339648911370244111e-01;-1.047922788830969267e+02;2.797872879948797049e+02
7.604000000000000092e+00;-3.173315966137828514e-01;9.409605430593821485e-01;-9.905911681634614752e+01;2.821791409271774569e+02
7.605999999999999872e+00;-2.957137166141248219e-01;9.497011683781630964e-01;-9.273453682612378657e+01;2.843205127955766898e+02
7.607999999999999652e+00;-2.743772623278655787e-01;9.546702173508478939e-01;-8.651125001570954964e+01;2.862428659447174937e+02
7.610000000000000320e+00;-2.513229234531346723e-01;9.598200155071042738e-01;-8.010038184466463917e+01;2.882299099518131698e+02
7.612000000000000099e+00;-2.300123082736745261e-01;9.655358968479669235e-01;-7.383939890183953025e+01;2.901532621489877215e+02
7.613999999999999879e+00;-2.094904426750241466e-01;9.718364076071444035e-01;-6.747494563101497533e+01;2.916920655011751364e+02
7.615999999999999659e+00;-1.901425008534816941e-01;9.773576182201632045e-01;-6.081867746800811858e+01;2.929904467781269091e+02
7.618000000000000327e+00;-1.701118483880586507e-01;9.810874997280153442e-01;-5.464929296828523775e+01;2.945065728331777564e+02
7.620000000000000107e+00;-1.459105470316135467e-01;9.832293787321871870e-01;-4.807625331548588576e+01;2.957830755162347600e+02
7.621999999999999886e+00;-1.240163500683357373e-01;9.867326360574255606e-01;-4.176177937497750037e+01;2.969736769333194957e+02
7.623999999999999666e+00;-1.033601693553710954e-01;9.907458679733711637e-01;-3.515503641839255522e+01;2.977569208067936302e+02
7.626000000000000334e+00;-8.505336075731535772e-02;9.939342930901162720e-01;-2.859590508833080591e+01;2.984431501310001522e+02
7.628000000000000114e+00;-6.114743945992773266e-02;9.945721580542798979e-01;-2.214577816916553843e+01;2.994097876504590090e+02
7.629999999999999893e+00;-3.885719445269922995e-02;9.972689408194181926e-01;-1.566322960078582227e+01;2.997774836420000497e+02
7.631999999999999673e+00;-1.721614134657995301e-02;9.966530966620259502e-01;-8.952350487280121172e+00;3.001869306663299426e+02
7.634000000000000341e+00;7.212730341684519750e-03;9.980847631117081287e-01;-2.511184528806453820e+00;3.003718886586161716e+02
7.636000000000000121e+00;3.049639308877982735e-02;9.977523291554387663e-01;4.261012040156203717e+00;3.005896566490774262e+02
7.637999999999999901e+00;5.089376499204566195e-02;9.981212268167478641e-01;1.051668654913252787e+01;3.004554165916000557e+02
7.639999999999999680e+00;7.264854696497384523e-02;9.973368646649836133e-01;1.707064546381640113e+01;3.003763635152661777e+02
7.642000000000000348e+00;9.528231018765104254e-02;9.948453392924709870e-01;2.366401474951154427e+01;3.000377698164065805e+02
7.644000000000000128e+00;1.125135348826552528e-01;9.943182332791499212e-01;3.020668490064497291e+01;2.993598186306225557e+02
7.645999999999999908e+00;1.356248872500205871e-01;9.922539363195246320e-01;3.678932595339365719e+01;2.988131080586019834e+02
7.647999999999999687e+00;1.593838205342548997e-01;9.880126970176098533e-01;4.328857322906940652e+01;2.985237070091690157e+02
7.650000000000000355e+00;1.780575956374048086e-01;9.855095666948937572e-01;4.979586497728855221e+01;2.974324350381744466e+02
7.652000000000000135e+00;2.006710338652527847e-01;9.811342695188338681e-01;5.617124916170204330e+01;2.963873426863921168e+02
7.653999999999999915e+00;2.203859227550766797e-01;9.780815721785549588e-01;6.268451041511615074e+01;2.950042032575775579e+02
7.655999999999999694e+00;2.428478121257310884e-01;9.729720049934954540e-01;6.908614551729360187e+01;2.937582314183196672e+02
7.658000000000000362e+00;2.627602958562247348e-01;9.667132010012327026e-01;7.538897699804975616e+01;2.924114124266721433e+02
7.660000000000000142e+00;2.831856554736902343e-01;9.626877392141116596e-01;8.177876055416152212e+01;2.909689507043713093e+02
7.661999999999999922e+00;3.021173710576381399e-01;9.573490852636611370e-01;8.818513282007214116e+01;2.890942177179150576e+02
7.663999999999999702e+00;3.220319840964895874e-01;9.522879303293004805e-01;9.438607279504557823e+01;2.872386607541749299e+02
7.666000000000000369e+00;3.471026218394874796e-01;9.440905047667390582e-01;1.006359698849787208e+02;2.856023531772079878e+02
7.668000000000000149e+00;3.623095253894429435e-01;9.376116917185278732e-01;1.067407991749818166e+02;2.831289040117388254e+02
7.669999999999999929e+00;3.845041882651926146e-01;9.300446089082399226e-01;1.128333776772125674e+02;2.810538305301994342e+02
7.671999999999999709e+00;4.063276746324383515e-01;9.211368654626305164e-01;1.189988074785919423e+02;2.786424000120616142e+02
7.674000000000000377e+00;4.261871073130011345e-01;9.132211911009227023e-01;1.248819290742506212e+02;2.760557923355173671e+02
7.676000000000000156e+00;4.427480125167694291e-01;9.043039918288305890e-01;1.308913643342993680e+02;2.734672846275717006e+02
7.677999999999999936e+00;4.656789026095742301e-01;8.919942662475317530e-01;1.367775491746519663e+02;2.706990188200851435e+02
7.679999999999999716e+00;4.811359784217527635e-01;8.844034263796247686e-01;1.428658615727523227e+02;2.677531600924758095e+02
7.682000000000000384e+00;5.027012916646013130e-01;8.719132791715489272e-01;1.484032572780732266e+02;2.647380181611214880e+02
7.684000000000000163e+00;5.163006780709988863e-01;8.645491330921970530e-01;1.541803615381703025e+02;2.614404389691606525e+02
7.685999999999999943e+00;5.414302441595847393e-01;8.507274222582117407e-01;1.597710956501487942e+02;2.584032371196311146e+02
7.687999999999999723e+00;5.608521111849751328e-01;8.384104579806720414e-01;1.651913991326438236e+02;2.551306290805864023e+02
7.690000000000000391e+00;5.758578335150044136e-01;8.278682890770674430e-01;1.707488106177207499e+02;2.512739121672398142e+02
7.692000000000000171e+00;5.929126125628199073e-01;8.149920042846753310e-01;1.759817597826937288e+02;2.476692654465570342e+02
7.693999999999999950e+00;6.112181149974478256e-01;8.025348530917284506e-01;1.814066058599158282e+02;2.439883173104776688e+02
7.695999999999999730e+00;6.300053419370865715e-01;7.901210806204815862e-01;1.868000845232692200e+02;2.401748877601848164e+02
7.698000000000000398e+00;6.473558937164811677e-01;7.751403272198048588e-01;1.915151362865952365e+02;2.363651740251394244e+02
7.700000000000000178e+00;6.626107768800360009e-01;7.601933633032674775e-01;1.969698144869801411e+02;2.319758316198202976e+02
7.701999999999999957e+00;6.771298185520683299e-01;7.483366189956893733e-01;2.019444787182109735e+02;2.279195750869609469e+02
7.703999999999999737e+00;6.940040174606298962e-01;7.336244608091166963e-01;2.068009850944717130e+02;2.236332448228039027e+02
7.706000000000000405e+00;7.113069659975919112e-01;7.174792333966097946e-01;2.116623556730961013e+02;2.191691592847012089e+02
7.708000000000000185e+00;7.231913820570201601e-01;7.026684434094551124e-01;2.162790583594260738e+02;2.147123778062281474e+02
7.709999999999999964e+00;7.388435693789424663e-01;6.864154680898733041e-01;2.208003700229738513e+02;2.099892712257391736e+02
7.711999999999999744e+00;7.513008472085750400e-01;6.724363603998720906e-01;2.251133767442096598e+02;2.051429427817508326e+02
7.714000000000000412e+00;7.655244142730326384e-01;6.555294321745026576e-01;2.296005427842871995e+02;2.003480693381603146e+02
7.716000000000000192e+00;7.792070844496190585e-01;6.386497728456772549e-01;2.339124460000495276e+02;1.955034322572704184e+02
7.717999999999999972e+00;7.916749371938519575e-01;6.230296515275373093e-01;2.379901456816713221e+02;1.905542947045130688e+02
7.719999999999999751e+00;8.082403418676264995e-01;6.053021025050837611e-01;2.417867804850061475e+02;1.856409131953781184e+02
7.722000000000000419e+00;8.208054179646927517e-01;5.859186935471764057e-01;2.462462590567171787e+02;1.803850717467781806e+02
7.724000000000000199e+00;8.300282653334791760e-01;5.706962588712297668e-01;2.498637236311363665e+02;1.750636220615113530e+02
7.725999999999999979e+00;8.422201904199362321e-01;5.525344099536635412e-01;2.535388968674284627e+02;1.697629049204444698e+02
7.727999999999999758e+00;8.520155901534810505e-01;5.345465980555696994e-01;2.569911061917109123e+02;1.643808396397262754e+02
7.730000000000000426e+00;8.625437672560332114e-01;5.164385723548803320e-01;2.605279327149610253e+02;1.589842642989930255e+02
7.732000000000000206e+00;8.745240559301226124e-01;4.976671627813035181e-01;2.641641906692739212e+02;1.534289689556116514e+02
7.733999999999999986e+00;8.836546741582583797e-01;4.813637194803835340e-01;2.671467898891514778e+02;1.476112207087853676e+02
7.735999999999999766e+00;8.948208654358701386e-01;4.609607942512640166e-01;2.702372798052135181e+02;1.420397253486420936e+02
7.738000000000000433e+00;9.032088395545742054e-01;4.430032829044784348e-01;2.733670344373457510e+02;1.362313232708512487e+02
7.740000000000000213e+00;9.120604656789399467e-01;4.239053387568303966e-01;2.761449302336042138e+02;1.304122463833844563e+02
7.741999999999999993e+00;9.185218840564302045e-01;4.063127317307054231e-01;2.789421245659228816e+02;1.242644792874453259e+02
7.743999999999999773e+00;9.250306456109331776e-01;3.854678052622989570e-01;2.815486658766487835e+02;1.183000658987739797e+02
7.746000000000000441e+00;9.331651934710277763e-01;3.680091196001776255e-01;2.839810631000387957e+02;1.123220550236051878e+02
7.748000000000000220e+00;9.403026774345250027e-01;3.468445941727915649e-01;2.862789064387349072e+02;1.061936259064270445e+02
7.750000000000000000e+00;9.486933743887817627e-01;3.273358134757619053e-01;2.884824283136916847e+02;1.004082482627298987e+02
7.751999999999999780e+00;9.506497162665235034e-01;3.093524553463947724e-01;2.909479372796337771e+02;9.378491672234540033e+01
7.753999999999999559e+00;9.586365519320899642e-01;2.878534760265507031e-01;2.927942188333580020e+02;8.770412380634054728e+01
7.756000000000000227e+00;9.644396143706478464e-01;2.678530754539075187e-01;2.946334120093580395e+02;8.137446819020144062e+01
7.758000000000000007e+00;9.692499386914557036e-01;2.485079511592430401e-01;2.962708295919214834e+02;7.515491027507422928e+01
7.759999999999999787e+00;9.749554527511813395e-01;2.295012643035257427e-01;2.979123947209430980e+02;6.900263971503774485e+01
7.762000000000000455e+00;9.792746887424581548e-01;2.095628232837838389e-01;2.993084884818075011e+02;6.249022308575541729e+01
7.764000000000000234e+00;9.837462112050928686e-01;1.893871388765208108e-01;3.006746499643986112e+02;5.611293998661949445e+01
7.766000000000000014e+00;9.854714891995002279e-01;1.709034699251412714e-01;3.017836070729318294e+02;4.962171700777702199e+01
7.767999999999999794e+00;9.871396196869340889e-01;1.496249075226782077e-01;3.029496209897612857e+02;4.331168464849618971e+01
7.769999999999999574e+00;9.935949669585237842e-01;1.282646452686670158e-01;3.035867715809995389e+02;3.696989124117515502e+01
7.772000000000000242e+00;9.945538941969745972e-01;1.096032856037297831e-01;3.044592478250359591e+02;3.021776994590499044e+01
7.774000000000000021e+00;9.917804856536056590e-01;9.258009553292292915e-02;3.051133635538620865e+02;2.358306078385377447e+01
7.775999999999999801e+00;9.952403691575769651e-01;7.136487940681265907e-02;3.056419670206770434e+02;1.708314711806764308e+01
7.778000000000000469e+00;9.977779481680043583e-01;5.146067336377163626e-02;3.059366927026305234e+02;1.102670886213178036e+01
7.780000000000000249e+00;1.000714403373408556e+00;2.856052323022363268e-02;3.062484814834302256e+02;4.288493624935599158e+00
7.782000000000000028e+00;9.980797650827371026e-01;7.584898061094090364e-03;3.064838013909759411e+02;-2.674488368123193460e+00
7.783999999999999808e+00;1.000107163570484570e+00;-1.364003615731611274e-02;3.063130653567358195e+02;-9.034251661449273385e+00
7.785999999999999588e+00;1.002406562939742285e+00;-3.520606133529773779e-02;3.060168679160714191e+02;-1.522204826444912484e+01
7.788000000000000256e+00;9.965830717022037266e-01;-5.046629576474163936e-02;3.055573335775604278e+02;-2.224469627199203359e+01
7.790000000000000036e+00;9.945134281247316466e-01;-7.155086806803374888e-02;3.052544282309343089e+02;-2.873852818670553688e+01
7.791999999999999815e+00;9.920890281330396743e-01;-9.079042348249118100e-02;3.046686300858959839e+02;-3.495863167274852401e+01
7.793999999999999595e+00;9.912804848311480566e-01;-1.106282992183589275e-01;3.037300847621170874e+02;-4.131052478327002575e+01
7.796000000000000263e+00;9.901449617693683924e-01;-1.311321857600738217e-01;3.028263377363014115e+02;-4.785277544948634443e+01
7.798000000000000043e+00;9.878218987368090342e-01;-1.521086180957952616e-01;3.019173053602107188e+02;-5.404447355534263409e+01
7.799999999999999822e+00;9.855714256673044904e-01;-1.720865438615037379e-01;3.009197765478537576e+02;-6.071515792415043222e+01
7.801999999999999602e+00;9.777311405449472526e-01;-1.893172069870142082e-01;2.996197761849804806e+02;-6.723221526292962835e+01
7.804000000000000270e+00;9.760921183717641281e-01;-2.114128108292598895e-01;2.980803246670303110e+02;-7.358888262178483330e+01
7.806000000000000050e+00;9.691135977328894091e-01;-2.294819902011663859e-01;2.963124437026440319e+02;-7.990693251946335351e+01
7.807999999999999829e+00;9.656375065315343509e-01;-2.488127846953411826e-01;2.946326627537717400e+02;-8.592931338616725156e+01
7.809999999999999609e+00;9.565556194321143124e-01;-2.671772660553163314e-01;2.928670805727948618e+02;-9.235563125706386245e+01
7.812000000000000277e+00;9.564994911711639514e-01;-2.893781266015834075e-01;2.909568672210655222e+02;-9.848772671588923799e+01
7.814000000000000057e+00;9.514233918767305287e-01;-3.096747023365388207e-01;2.888662521346239487e+02;-1.044699084218861600e+02
7.815999999999999837e+00;9.403051127754243899e-01;-3.277600030624548966e-01;2.867230735642673380e+02;-1.108856847337374347e+02
7.817999999999999616e+00;9.355492831388854125e-01;-3.473092510404935385e-01;2.842660923059280549e+02;-1.166889076356485901e+02
7.820000000000000284e+00;9.278487126992764900e-01;-3.671148057589094793e-01;2.819037322183586411e+02;-1.229360017004072176e+02
7.822000000000000064e+00;9.236509728858015578e-01;-3.868380629822054106e-01;2.790798838430240494e+02;-1.285677673789499238e+02
7.823999999999999844e+00;9.110640778456626787e-01;-4.046289632031042638e-01;2.765545881926252036e+02;-1.345096401730085631e+02
7.825999999999999623e+00;9.066518207410411145e-01;-4.250822515488546505e-01;2.736605705534408912e+02;-1.402737987029085787e+02
7.828000000000000291e+00;8.925566767428536608e-01;-4.401303730141082893e-01;2.706315371923959674e+02;-1.462195248258668414e+02
7.830000000000000071e+00;8.884124264166706197e-01;-4.624302966497535472e-01;2.674494636565306678e+02;-1.517978434470379057e+02
7.831999999999999851e+00;8.772636033403864442e-01;-4.794841970027648448e-01;2.640441299004163511e+02;-1.574174759920975362e+02
7.833999999999999631e+00;8.653021582517442800e-01;-4.971008901219368670e-01;2.608614114549202441e+02;-1.630805634583236667e+02
7.836000000000000298e+00;8.547453141377197028e-01;-5.155301455365769447e-01;2.572851305261063999e+02;-1.686327812258921597e+02
7.838000000000000078e+00;8.421097236703773969e-01;-5.325154624061464448e-01;2.539076969940002186e+02;-1.740179276599869240e+02
7.839999999999999858e+00;8.325574156701437412e-01;-5.515790476521406083e-01;2.502005160035731421e+02;-1.791560332470765502e+02
7.841999999999999638e+00;8.206434365673311859e-01;-5.682633708216686674e-01;2.464158421021681420e+02;-1.844170106203371517e+02
7.844000000000000306e+00;8.113768065268281982e-01;-5.863514529791491459e-01;2.422867779014744372e+02;-1.894647299423067750e+02
7.846000000000000085e+00;7.958920199257626393e-01;-6.031223950085274899e-01;2.382533183887508699e+02;-1.946419594478803390e+02
7.847999999999999865e+00;7.812013381986190330e-01;-6.188895931075413248e-01;2.342265573037626893e+02;-1.996030535048837180e+02
7.849999999999999645e+00;7.698622639318393190e-01;-6.370147223417941262e-01;2.298085655220727972e+02;-2.044154244417822497e+02
7.852000000000000313e+00;7.525066561983136948e-01;-6.518476050721498938e-01;2.253925405387503247e+02;-2.092100266208973096e+02
7.854000000000000092e+00;7.419599747677201318e-01;-6.710826443601410896e-01;2.209441596310280715e+02;-2.138739140460612020e+02
7.855999999999999872e+00;7.297277263285650850e-01;-6.878548091897600525e-01;2.164663286389250061e+02;-2.185484806259639754e+02
7.857999999999999652e+00;7.103427114145552945e-01;-7.009121414270511607e-01;2.117747432048482494e+02;-2.229834261431742561e+02
7.860000000000000320e+00;6.964507156043796554e-01;-7.176102158507553508e-01;2.069104379926539536e+02;-2.274066567012529561e+02
7.862000000000000099e+00;6.796680077786004803e-01;-7.315971993918677363e-01;2.019167336985015595e+02;-2.314905321194522401e+02
7.863999999999999879e+00;6.627669503311508503e-01;-7.459594554251092191e-01;1.972399078434840476e+02;-2.358135677890279567e+02
7.865999999999999659e+00;6.464675100113141948e-01;-7.615865709498386149e-01;1.919789743304958165e+02;-2.398242758353323154e+02
7.868000000000000327e+00;6.258229019960070971e-01;-7.728709011825762865e-01;1.868203346935048899e+02;-2.438413533321934779e+02
7.870000000000000107e+00;6.147792078306044683e-01;-7.881322652584011879e-01;1.814757155818354590e+02;-2.474286366792944989e+02
7.871999999999999886e+00;5.934621936938672127e-01;-8.000386270459503013e-01;1.762049447294503750e+02;-2.515911332466753834e+02
7.873999999999999666e+00;5.788101005269754573e-01;-8.152028113477480797e-01;1.707991555407489557e+02;-2.550907614733615389e+02
7.876000000000000334e+00;5.607430452470500981e-01;-8.253954204656427374e-01;1.651425184372137949e+02;-2.583957898568061182e+02
7.878000000000000114e+00;5.399599667136925074e-01;-8.373377641536698945e-01;1.596710639951182884e+02;-2.619674005364162213e+02
7.879999999999999893e+00;5.236918873503226823e-01;-8.504771270058315569e-01;1.542992431679120386e+02;-2.653042625879774619e+02
7.881999999999999673e+00;5.021520314485150571e-01;-8.597331320246208719e-01;1.482241028434721102e+02;-2.682740474597254661e+02
7.884000000000000341e+00;4.827345673338094834e-01;-8.712507550479478002e-01;1.425992961922507618e+02;-2.714091368311754877e+02
7.886000000000000121e+00;4.631214090127458993e-01;-8.810194199246961233e-01;1.367647439253437369e+02;-2.744541606564627045e+02
7.887999999999999901e+00;4.471078811443957579e-01;-8.917082210365000483e-01;1.308069638715829797e+02;-2.771518447666742873e+02
7.889999999999999680e+00;4.280293808714633608e-01;-9.013881434175466945e-01;1.247681223635158432e+02;-2.796146328132168719e+02
7.892000000000000348e+00;4.054008166480497222e-01;-9.096728128063007457e-01;1.188789200583890562e+02;-2.823372555775425212e+02
7.894000000000000128e+00;3.866778957038231601e-01;-9.191972270400314837e-01;1.126169104201682813e+02;-2.846057497204189985e+02
7.895999999999999908e+00;3.689029717641417738e-01;-9.264973311215964902e-01;1.065061819122609705e+02;-2.867430070767790653e+02
7.897999999999999687e+00;3.471513687651190949e-01;-9.354886073274248925e-01;1.005295752256335220e+02;-2.887706547380310553e+02
7.900000000000000355e+00;3.223803585141234440e-01;-9.405972005716046747e-01;9.419886367487819712e+01;-2.910595218675266551e+02
7.902000000000000135e+00;3.025038956689940495e-01;-9.479441572056248599e-01;8.771625546077822833e+01;-2.927305800925116728e+02
7.903999999999999915e+00;2.845580527146753802e-01;-9.554866803337205283e-01;8.136339510139137587e+01;-2.943902479658291895e+02
7.905999999999999694e+00;2.618187332086249208e-01;-9.615844501690575807e-01;7.506868611591923468e+01;-2.960675313100733774e+02
7.908000000000000362e+00;2.430436053926005591e-01;-9.673800841073898482e-01;6.861091421917181776e+01;-2.974460069497291101e+02
7.910000000000000142e+00;2.207999247537152654e-01;-9.732112776768933049e-01;6.230665692744047135e+01;-2.990931559824640544e+02
7.911999999999999922e+00;2.015958892556096449e-01;-9.781347589014816046e-01;5.570791315638371088e+01;-3.002567134206021251e+02
7.913999999999999702e+00;1.821869113348115188e-01;-9.824721253880293048e-01;4.903684505232909885e+01;-3.008648034676733687e+02
7.916000000000000369e+00;1.593985365047344560e-01;-9.854883804813040493e-01;4.271317341009327606e+01;-3.020289272442180959e+02
7.918000000000000149e+00;1.349343927844567914e-01;-9.874521547353287687e-01;3.621988589328763908e+01;-3.028210282958589232e+02
7.919999999999999929e+00;1.148511298442088657e-01;-9.911119603391747024e-01;2.967422480848516742e+01;-3.034334435449757734e+02
7.921999999999999709e+00;9.675274332542374567e-02;-9.946173712127374111e-01;2.303315468158637103e+01;-3.037555962270950545e+02
7.924000000000000377e+00;7.723910324800857541e-02;-9.985104325986681184e-01;1.647375570814745771e+01;-3.041631010777759911e+02
7.926000000000000156e+00;5.199522386548468406e-02;-9.991404591601191765e-01;9.810790091533597490e+00;-3.044028463943672591e+02
7.927999999999999936e+00;2.950670006954820776e-02;-9.993821422017449274e-01;3.268291808933325715e+00;-3.047413012573750848e+02
7.929999999999999716e+00;6.323037391387063486e-03;-1.000764865020731254e+00;-3.181616357266796147e+00;-3.046811817169146934e+02
7.932000000000000384e+00;-1.655770771383110324e-02;-9.995705495319796574e-01;-1.018508113303320783e+01;-3.043605378462620479e+02
7.934000000000000163e+00;-3.775783882711489930e-02;-1.000936888672250280e+00;-1.667805412549717303e+01;-3.037979062069446741e+02
7.935999999999999943e+00;-6.005855328756991296e-02;-9.998762008938080204e-01;-2.342777584416989356e+01;-3.033777712752239495e+02
7.937999999999999723e+00;-8.213338731954182570e-02;-9.988203406547848662e-01;-2.984461543912033221e+01;-3.030682263195870974e+02
7.940000000000000391e+00;-1.002219599061850985e-01;-9.992958266153643132e-01;-3.653466594625901820e+01;-3.021610669689146107e+02
7.942000000000000171e+00;-1.212877189682499274e-01;-9.975201039306847983e-01;-4.310505859198087819e+01;-3.011254067424551408e+02
7.943999999999999950e+00;-1.430679624301751385e-01;-9.946764701792043528e-01;-4.944067735797035112e+01;-3.001579588694725658e+02
7.945999999999999730e+00;-1.664593010625110558e-01;-9.917158974451915077e-01;-5.581237056507448102e+01;-2.993396893780916912e+02
7.948000000000000398e+00;-1.841277770822085658e-01;-9.900923196677566818e-01;-6.250000244973087149e+01;-2.977935784545320530e+02
7.950000000000000178e+00;-2.088723438638775964e-01;-9.846110068298907780e-01;-6.891705861495205454e+01;-2.964708407832270041e+02
7.951999999999999957e+00;-2.302854610637377619e-01;-9.801582752895043882e-01;-7.521404995928745052e+01;-2.949659531200846914e+02
7.953999999999999737e+00;-2.512690149471455969e-01;-9.750159612560489464e-01;-8.169276680912105348e+01;-2.930307327049059154e+02
7.956000000000000405e+00;-2.708974705028533991e-01;-9.721492752685069183e-01;-8.795292590908232455e+01;-2.913693839846622495e+02
7.958000000000000185e+00;-2.896776877395931815e-01;-9.664431996986312390e-01;-9.415713616485685122e+01;-2.893956829122451495e+02
7.959999999999999964e+00;-3.155854166116294768e-01;-9.604064706570462073e-01;-1.002448236341121799e+02;-2.874952301840759219e+02
7.961999999999999744e+00;-3.279763696016468888e-01;-9.553976908021468706e-01;-1.069879308800167763e+02;-2.849194887955334821e+02
7.964000000000000412e+00;-3.518205249056226003e-01;-9.474723042357886538e-01;-1.126511538414090694e+02;-2.826986304947888584e+02
7.966000000000000192e+00;-3.730236809766621642e-01;-9.405657335254090645e-01;-1.187639722241313791e+02;-2.802103864605023205e+02
7.967999999999999972e+00;-3.962826188022097740e-01;-9.324694736134148121e-01;-1.247925572879204026e+02;-2.777387511191378735e+02
7.969999999999999751e+00;-4.147491802956743134e-01;-9.249270454346877335e-01;-1.307369061339424547e+02;-2.749504495463888816e+02
7.972000000000000419e+00;-4.368647868947535540e-01;-9.138979754707093894e-01;-1.365395643069361142e+02;-2.719241266049916703e+02
7.974000000000000199e+00;-4.555185157125554163e-01;-9.070209140837588446e-01;-1.425993191044971411e+02;-2.691941118128255539e+02
7.975999999999999979e+00;-4.747781103864008867e-01;-8.982749155273717090e-01;-1.481450255889631080e+02;-2.658619315953628757e+02
7.977999999999999758e+00;-4.943616220779535331e-01;-8.881774587140300881e-01;-1.538993804611056930e+02;-2.627903461514075616e+02
7.980000000000000426e+00;-5.152706394892183628e-01;-8.759282906308243355e-01;-1.595180330672184823e+02;-2.595757632637805727e+02
7.982000000000000206e+00;-5.358385402357986882e-01;-8.647778671521096916e-01;-1.651051433848612646e+02;-2.561346496258345269e+02
7.983999999999999986e+00;-5.512410455580134538e-01;-8.560836087219708679e-01;-1.703250076002405251e+02;-2.522209227654244330e+02
7.985999999999999766e+00;-5.705667942347527610e-01;-8.437665265418573535e-01;-1.756318102292875949e+02;-2.485879133362433606e+02
7.987999999999999545e+00;-5.909273637151717384e-01;-8.302728245503301352e-01;-1.812041508667032588e+02;-2.446787770569309828e+02
7.990000000000000213e+00;-6.082921899483330064e-01;-8.172218748911082020e-01;-1.862586497279149569e+02;-2.407074437630849957e+02
7.991999999999999993e+00;-6.248301398027318321e-01;-8.047873520926298596e-01;-1.914700095527637984e+02;-2.367298041080572659e+02
7.993999999999999773e+00;-6.420187401030603702e-01;-7.916454622481444714e-01;-1.963544950422409840e+02;-2.326839036441000701e+02
7.996000000000000441e+00;-6.578982232826782184e-01;-7.773526823612605385e-01;-2.011103602250681206e+02;-2.282748896757633759e+02
7.998000000000000220e+00;-6.767050176756698177e-01;-7.633403714708033583e-01;-2.060411222930518420e+02;-2.241856829474008919e+02
8.000000000000000000e+00;-6.925271432054734833e-01;-7.477970413360612856e-01;-2.109463574216357244e+02;-2.197898948871926734e+02
8.002000000000000668e+00;-7.036458229572128964e-01;-7.339651806445631754e-01;-2.155973055969377583e+02;-2.149095230983397755e+02
8.003999999999999559e+00;-7.232804423660327275e-01;-7.184120803624810536e-01;-2.199557826385483565e+02;-2.103833976122733986e+02
8.006000000000000227e+00;-7.376245358283333164e-01;-7.024972366881845343e-01;-2.243889991664274532e+02;-2.053230158986132778e+02
8.007999999999999119e+00;-7.558643888806152455e-01;-6.832399865640964576e-01;-2.288637942321358025e+02;-2.005475433687232396e+02
8.009999999999999787e+00;-7.707459293277035828e-01;-6.664620956907295612e-01;-2.329419057049306048e+02;-1.959023778285439619e+02
8.012000000000000455e+00;-7.853038345638913009e-01;-6.509751316859766490e-01;-2.368099623197031178e+02;-1.907659128289345176e+02
8.013999999999999346e+00;-7.979499842837417534e-01;-6.324585696217761566e-01;-2.408648103300886305e+02;-1.857522329338993927e+02
8.016000000000000014e+00;-8.121011717632699023e-01;-6.146394167511216589e-01;-2.448005724847383533e+02;-1.803164334411147252e+02
8.018000000000000682e+00;-8.235543116191899049e-01;-5.972198751625462654e-01;-2.485580096767664600e+02;-1.749045721492588541e+02
8.019999999999999574e+00;-8.347376362971343777e-01;-5.793275443495563559e-01;-2.522018388041102241e+02;-1.693481290244342006e+02
8.022000000000000242e+00;-8.457353765132182843e-01;-5.605121195400436518e-01;-2.557223620673375137e+02;-1.639737091987105373e+02
8.023999999999999133e+00;-8.608912527839264195e-01;-5.408663426406733477e-01;-2.590701404874253058e+02;-1.584404960719424196e+02
8.025999999999999801e+00;-8.738445422789394845e-01;-5.197067014741623137e-01;-2.621853019478996316e+02;-1.530992533904099275e+02
8.028000000000000469e+00;-8.821617852798573356e-01;-5.037647290412217149e-01;-2.651204826954864302e+02;-1.474110280571611327e+02
8.029999999999999361e+00;-8.889861750493708303e-01;-4.837372125293568637e-01;-2.683420983414565626e+02;-1.414011057821008137e+02
8.032000000000000028e+00;-9.015793425629204938e-01;-4.643760070608671242e-01;-2.713380425299453691e+02;-1.356702511517812582e+02
8.034000000000000696e+00;-9.137918141084684365e-01;-4.436055449605565970e-01;-2.738154983685710135e+02;-1.299552536324821972e+02
8.035999999999999588e+00;-9.217859164302154573e-01;-4.228832031542345549e-01;-2.765381560983981899e+02;-1.241736802364874421e+02
8.038000000000000256e+00;-9.317989597826068504e-01;-4.021150560590295298e-01;-2.792691846418034629e+02;-1.182211668192029919e+02
8.039999999999999147e+00;-9.359903518756743646e-01;-3.830016700720973999e-01;-2.814402313595012401e+02;-1.119849935420902938e+02
8.041999999999999815e+00;-9.402901937156805667e-01;-3.642061056887316850e-01;-2.836176019543798930e+02;-1.057414586448970795e+02
8.044000000000000483e+00;-9.507290451853046553e-01;-3.417152686738422762e-01;-2.855467964811986121e+02;-9.974450579288603080e+01
8.045999999999999375e+00;-9.583423021486010551e-01;-3.198055378727609477e-01;-2.874779184493801836e+02;-9.351647194100527827e+01
8.048000000000000043e+00;-9.626040155483475136e-01;-3.012712355006946230e-01;-2.894348948715170309e+02;-8.701447708744963450e+01
8.050000000000000711e+00;-9.695487721682173321e-01;-2.785805322905590131e-01;-2.910518635964127157e+02;-8.091561436394714235e+01
8.051999999999999602e+00;-9.695177119185351966e-01;-2.593050661937207346e-01;-2.928040081421813738e+02;-7.433838830455685809e+01
8.054000000000000270e+00;-9.757366594563215978e-01;-2.374202292099654998e-01;-2.940734207887388152e+02;-6.816303763040249919e+01
8.055999999999999162e+00;-9.799503076425732928e-01;-2.143507204516792441e-01;-2.954032748313597381e+02;-6.170777800339668318e+01
8.057999999999999829e+00;-9.816186006874524361e-01;-1.955955474664071714e-01;-2.964772131048090387e+02;-5.525684875993370326e+01
8.060000000000000497e+00;-9.873791098227557850e-01;-1.733448987644842232e-01;-2.975248779912075179e+02;-4.874863453981055983e+01
8.061999999999999389e+00;-9.926464776959029734e-01;-1.506018048594410796e-01;-2.982045685403626294e+02;-4.242239363695195209e+01
8.064000000000000057e+00;-9.882541236869224477e-01;-1.319628369913277699e-01;-2.988617898874404091e+02;-3.569067658877447968e+01
8.066000000000000725e+00;-9.967459938786191742e-01;-1.072686507085659491e-01;-2.993739296255047861e+02;-2.949998669101692528e+01
8.067999999999999616e+00;-9.959921173374020054e-01;-8.909266262070467124e-02;-2.998053058491513525e+02;-2.273758997723513531e+01
8.070000000000000284e+00;-9.968862499214339312e-01;-6.642272882488906016e-02;-3.002710512277201929e+02;-1.626132919159169532e+01
8.071999999999999176e+00;-9.989025242406708305e-01;-4.426028179253493205e-02;-3.002927313384149102e+02;-9.751491676266670794e+00
8.073999999999999844e+00;-9.999334259092522714e-01;-2.331294846097282242e-02;-3.001671398611950394e+02;-3.139626257365519368e+00
8.076000000000000512e+00;-9.948790943741574466e-01;-2.782854464264210379e-03;-3.000669637111119528e+02;3.538814254369175849e+00
8.077999999999999403e+00;-9.962580560329581392e-01;2.295248482114815164e-02;-3.001207897303187337e+02;1.029506851624882025e+01
8.080000000000000071e+00;-1.000634965469497262e+00;4.738405089499209827e-02;-2.995406507412470773e+02;1.675119219451129027e+01
8.082000000000000739e+00;-9.904153341623235240e-01;6.590351306207184456e-02;-2.988445902601721968e+02;2.332938581208523132e+01
8.083999999999999631e+00;-9.923269238560969985e-01;8.805120780260021485e-02;-2.982479369613748190e+02;2.968934145688212922e+01
8.086000000000000298e+00;-9.853830490776834816e-01;1.088391106853600354e-01;-2.972197852290365745e+02;3.639780756773986070e+01
8.087999999999999190e+00;-9.821381067142711530e-01;1.294600770608753393e-01;-2.964854426299290822e+02;4.292553417558163176e+01
8.089999999999999858e+00;-9.788495389966527238e-01;1.514427472796548990e-01;-2.953299795831573533e+02;4.923031054524805228e+01
8.092000000000000526e+00;-9.762270889808248864e-01;1.735527214167683907e-01;-2.941355039722342894e+02;5.569369533574863596e+01
8.093999999999999417e+00;-9.752851915950465633e-01;1.954196329532131293e-01;-2.926304473808860394e+02;6.191596046377546969e+01
8.096000000000000085e+00;-9.669032768719143522e-01;2.146864564251467211e-01;-2.910675767574992960e+02;6.858268893597079341e+01
8.098000000000000753e+00;-9.592813288420772855e-01;2.346507495114094621e-01;-2.894992562290898377e+02;7.514286850068532431e+01
8.099999999999999645e+00;-9.555908259060610366e-01;2.559977582847073885e-01;-2.876118826917321485e+02;8.137221006377720300e+01
8.102000000000000313e+00;-9.483687768360660186e-01;2.781326005887238551e-01;-2.855991990673029477e+02;8.775303219659852516e+01
8.103999999999999204e+00;-9.455051778819152375e-01;2.988778169947081120e-01;-2.836917233043955093e+02;9.382328591317696009e+01
8.105999999999999872e+00;-9.381872783728834042e-01;3.188474045463308704e-01;-2.812447765432301594e+02;1.000855253467599653e+02
8.108000000000000540e+00;-9.272033520986804334e-01;3.383517745461153137e-01;-2.790242742653080086e+02;1.062996828515872210e+02
8.109999999999999432e+00;-9.224619544626758705e-01;3.625817490965009271e-01;-2.763583677943168482e+02;1.123017487827076764e+02
8.112000000000000099e+00;-9.101716093183227496e-01;3.824049949170398310e-01;-2.738132498338019332e+02;1.182775024321367283e+02
8.114000000000000767e+00;-9.026307297485732795e-01;4.026044006593757496e-01;-2.711102098306478752e+02;1.242622304876050947e+02
8.115999999999999659e+00;-8.919450545944174191e-01;4.222833995559181486e-01;-2.684050729229232388e+02;1.302566232493022085e+02
8.118000000000000327e+00;-8.775702903077171602e-01;4.396542951888286477e-01;-2.654938965196467393e+02;1.365500247320537426e+02
8.119999999999999218e+00;-8.733550495697480764e-01;4.617786950676240343e-01;-2.621185432103545168e+02;1.419014443915782806e+02
8.121999999999999886e+00;-8.640359196334113090e-01;4.816997422419495578e-01;-2.589816155604705159e+02;1.476457806597935019e+02
8.124000000000000554e+00;-8.502921489964642143e-01;5.011030472058475294e-01;-2.558416699785641413e+02;1.534312255998810315e+02
8.125999999999999446e+00;-8.399318308662166999e-01;5.200197344540045119e-01;-2.521515581728153279e+02;1.588723376281904507e+02
8.128000000000000114e+00;-8.253318756086377439e-01;5.382683276114819115e-01;-2.486758977925314014e+02;1.646301732850103576e+02
8.130000000000000782e+00;-8.154698933450470477e-01;5.587749094198942723e-01;-2.449627772185285721e+02;1.698950610785743720e+02
8.131999999999999673e+00;-8.012798271168783959e-01;5.760460338690149840e-01;-2.410841586122227511e+02;1.751664705532066080e+02
8.134000000000000341e+00;-7.880406914160312803e-01;5.935983318351906179e-01;-2.368858585345825247e+02;1.805284405902845606e+02
8.135999999999999233e+00;-7.781809216303396948e-01;6.136977233861676817e-01;-2.330704313637099006e+02;1.854472985415164601e+02
8.137999999999999901e+00;-7.613561642303688926e-01;6.293979099841163771e-01;-2.289254427470724238e+02;1.907073451226242753e+02
8.140000000000000568e+00;-7.459969842242565319e-01;6.464936041747164630e-01;-2.247214146177802263e+02;1.958867530980297715e+02
8.141999999999999460e+00;-7.341531547594796203e-01;6.641919314235356087e-01;-2.202672055273512797e+02;2.007245479792424305e+02
8.144000000000000128e+00;-7.129539203545716131e-01;6.794684240346361426e-01;-2.155950438504816304e+02;2.057233050422993585e+02
8.146000000000000796e+00;-7.008858489955187565e-01;6.973841883051605794e-01;-2.110735678765367425e+02;2.102569094086040877e+02
8.147999999999999687e+00;-6.855676813365096933e-01;7.142966378856441256e-01;-2.064823224441405216e+02;2.147978035759799695e+02
8.150000000000000355e+00;-6.639454604742708321e-01;7.276443590537449158e-01;-2.015027401339908977e+02;2.197723763536437787e+02
8.151999999999999247e+00;-6.552171750550493945e-01;7.473455352127692519e-01;-1.966490335218632026e+02;2.237576118065670130e+02
8.153999999999999915e+00;-6.362683873616057362e-01;7.614254362025308920e-01;-1.916968315178825719e+02;2.279510277521523562e+02
8.156000000000000583e+00;-6.180194128839606726e-01;7.748191304130426227e-01;-1.866287102535345923e+02;2.323285398048871286e+02
8.157999999999999474e+00;-5.960734210351581464e-01;7.867616962885809473e-01;-1.814853828959764428e+02;2.366661490329555306e+02
8.160000000000000142e+00;-5.810309449820815209e-01;8.006888376395266960e-01;-1.763851986707751962e+02;2.406060326904604949e+02
8.162000000000000810e+00;-5.663571753940910281e-01;8.155795695898231390e-01;-1.709050657202706134e+02;2.441559585166135093e+02
8.163999999999999702e+00;-5.435450571681365028e-01;8.270046581413430520e-01;-1.655669062385994437e+02;2.481271837048848283e+02
8.166000000000000369e+00;-5.269313149308707533e-01;8.396527128912355531e-01;-1.600493363081778568e+02;2.514145512625534025e+02
8.167999999999999261e+00;-5.089115210728321070e-01;8.528204319387532317e-01;-1.546587758898862432e+02;2.552375769761937931e+02
8.169999999999999929e+00;-4.882600898356588282e-01;8.636242738595640844e-01;-1.487128112742760777e+02;2.587434718817322619e+02
8.172000000000000597e+00;-4.685221121108391062e-01;8.746392842393369005e-01;-1.430448988292801573e+02;2.617066078581682973e+02
8.173999999999999488e+00;-4.489706880376059805e-01;8.857122882341990078e-01;-1.372216621118265323e+02;2.648232273197231734e+02
8.176000000000000156e+00;-4.301426833193754407e-01;8.949781479800298367e-01;-1.314841153630302983e+02;2.677875377924883082e+02
8.178000000000000824e+00;-4.081670285158318090e-01;9.042203831801993719e-01;-1.255761895759072502e+02;2.710987804855636796e+02
8.179999999999999716e+00;-3.896788720421258678e-01;9.147149624357288067e-01;-1.195114583371922663e+02;2.736204473604345822e+02
8.182000000000000384e+00;-3.679552501991119051e-01;9.226639459394618825e-01;-1.134864647590110991e+02;2.763067804418261630e+02
8.183999999999999275e+00;-3.500574634805678209e-01;9.308862792337322389e-01;-1.073500820786052117e+02;2.786274616071606260e+02
8.185999999999999943e+00;-3.292112685719111864e-01;9.396519320234212325e-01;-1.015091528107775787e+02;2.811367113212087361e+02
8.188000000000000611e+00;-3.073912169333795630e-01;9.465102877043749530e-01;-9.541784494764131352e+01;2.834663884281839046e+02
8.189999999999999503e+00;-2.865981300056433811e-01;9.526465780810917661e-01;-8.894680157548013710e+01;2.854873937202361844e+02
8.192000000000000171e+00;-2.652730846489697591e-01;9.582808909446549617e-01;-8.262094174031146565e+01;2.874685620066264846e+02
8.194000000000000838e+00;-2.449448139747704423e-01;9.655425542714718423e-01;-7.647671139687048480e+01;2.891263102009098134e+02
8.195999999999999730e+00;-2.241603392025988684e-01;9.699223161709239482e-01;-6.996268559441166701e+01;2.909607431524929666e+02
8.198000000000000398e+00;-2.012772915505454951e-01;9.736949920754416343e-01;-6.370082728575063413e+01;2.927083948530604403e+02
8.199999999999999289e+00;-1.813100735350570980e-01;9.779625837824703627e-01;-5.730611195476128472e+01;2.939455067276984437e+02
8.201999999999999957e+00;-1.575540127012413638e-01;9.820129448886282253e-01;-5.088379289358157109e+01;2.953503716848845784e+02
8.204000000000000625e+00;-1.371506195924672156e-01;9.854958621175662348e-01;-4.415621579286796816e+01;2.963746566186543987e+02
8.205999999999999517e+00;-1.186310100589975935e-01;9.896324121768884652e-01;-3.770087770451009845e+01;2.975174777268604203e+02
8.208000000000000185e+00;-9.463892257151507170e-02;9.917254622258058205e-01;-3.117884401206386613e+01;2.983678106754081227e+02
8.210000000000000853e+00;-7.223932069630638331e-02;9.935596552580326923e-01;-2.487702758932329417e+01;2.991032480802260807e+02
8.211999999999999744e+00;-5.115282130469722688e-02;9.934791841470236307e-01;-1.813635490495918390e+01;2.996066880825150633e+02
8.214000000000000412e+00;-3.100550319362276389e-02;9.961160477384085610e-01;-1.177349044148925827e+01;3.000564168287339157e+02
8.215999999999999304e+00;-8.018017158738446545e-03;9.974039086003182453e-01;-4.983334085314750084e+00;3.005285029219495527e+02
8.217999999999999972e+00;7.668386567666207569e-03;1.000020779460320863e+00;1.694447375645662834e+00;3.000429922029924228e+02
8.220000000000000639e+00;3.457598323328535395e-02;9.979257738642302034e-01;8.039591255094634903e+00;3.005113497977278598e+02
8.221999999999999531e+00;5.428634853887204237e-02;9.981865926284569923e-01;1.475795794719095433e+01;3.003002915920086480e+02
8.224000000000000199e+00;7.270182519261050857e-02;9.986682855796222835e-01;2.127669142924132473e+01;2.999930235796169882e+02
8.226000000000000867e+00;9.831506426797941012e-02;9.945394030665463125e-01;2.783024112935553518e+01;2.996230978035715680e+02
8.227999999999999758e+00;1.222948375773148522e-01;9.926568333143592771e-01;3.418557284905406135e+01;2.993165596991824486e+02
8.230000000000000426e+00;1.391264729946954382e-01;9.908102894402868177e-01;4.057784232494775978e+01;2.984640357455508592e+02
8.231999999999999318e+00;1.652110998578262824e-01;9.882892854037097496e-01;4.710598199352990889e+01;2.978255452184929482e+02
8.233999999999999986e+00;1.851925785544426550e-01;9.832037847804547814e-01;5.370331665781789354e+01;2.967267558906254976e+02
8.236000000000000654e+00;2.043294250515134691e-01;9.798576362230312364e-01;6.013544035183272030e+01;2.954966005703355449e+02
8.237999999999999545e+00;2.267488591308689239e-01;9.752846643441142049e-01;6.642954050871495042e+01;2.943834717205282914e+02
8.240000000000000213e+00;2.432409979127076460e-01;9.726621508297774721e-01;7.287344662333794076e+01;2.927770405053911418e+02
8.242000000000000881e+00;2.681092309610598745e-01;9.684034349285545185e-01;7.931214683154058775e+01;2.915846064639049473e+02
8.243999999999999773e+00;2.861728806982785089e-01;9.625184688991044180e-01;8.553336667725037046e+01;2.899428033197922332e+02
8.246000000000000441e+00;3.040883097201839691e-01;9.575364038070526274e-01;9.199238784596910534e+01;2.879970312605623235e+02
8.247999999999999332e+00;3.254318425630870482e-01;9.495357626935770901e-01;9.827161060404260695e+01;2.861174503656537809e+02
8.250000000000000000e+00;3.482205717720171512e-01;9.425271598770864623e-01;1.042284562359435967e+02;2.839725986976883974e+02
8.252000000000000668e+00;3.657698880580457224e-01;9.363385691413409484e-01;1.105525272374470944e+02;2.818140030798341513e+02
8.253999999999999559e+00;3.887151065389791715e-01;9.278397098322385128e-01;1.166409934920460927e+02;2.794691499033000355e+02
8.256000000000000227e+00;4.083467463709900547e-01;9.203003496833115360e-01;1.227027315088847388e+02;2.770261019482346683e+02
8.257999999999999119e+00;4.270972073018176607e-01;9.117912092597540985e-01;1.285078665816683099e+02;2.745535349661124656e+02
8.259999999999999787e+00;4.500795426121232401e-01;9.018784771237091658e-01;1.343654541855417506e+02;2.719774862120596026e+02
8.262000000000000455e+00;4.670533952594574378e-01;8.919012154183167951e-01;1.402760921446285920e+02;2.689205068179625755e+02
8.263999999999999346e+00;4.879551482542566765e-01;8.809513714018712971e-01;1.461591615838365499e+02;2.660288991670835230e+02
8.266000000000000014e+00;5.051483186230716349e-01;8.715626149337551976e-01;1.518422173211752124e+02;2.628833510111531950e+02
8.268000000000000682e+00;5.201765813933317828e-01;8.614619816752029369e-01;1.575609246676429223e+02;2.593768169274229081e+02
8.269999999999999574e+00;5.372233629334290939e-01;8.512748252354576106e-01;1.631075816203052113e+02;2.563145462128126724e+02
8.272000000000000242e+00;5.613968072159744027e-01;8.377749320575660352e-01;1.685875846955352984e+02;2.528433319237578303e+02
8.274000000000000909e+00;5.791156910202233110e-01;8.253311118286232873e-01;1.740197285482164489e+02;2.493646894785761674e+02
8.275999999999999801e+00;5.933831206886104326e-01;8.142015600358153415e-01;1.794287847881331288e+02;2.455456526530945780e+02
8.278000000000000469e+00;6.139668904751572898e-01;8.008660144587314011e-01;1.846172690991879222e+02;2.419525899813891670e+02
8.279999999999999361e+00;6.308411414678911644e-01;7.877654479451987601e-01;1.897016763658929221e+02;2.379201392873281407e+02
8.282000000000000028e+00;6.500363222049646561e-01;7.729429966633205584e-01;1.950212805301509320e+02;2.337939891682175073e+02
8.284000000000000696e+00;6.633729264549390603e-01;7.606479199784911271e-01;1.999651930870076910e+02;2.295516056407984138e+02
8.285999999999999588e+00;6.760770862612970333e-01;7.482453019963088980e-01;2.049169547559963007e+02;2.250491402092686144e+02
8.288000000000000256e+00;6.973283988870598860e-01;7.308520108908743707e-01;2.096486242732397898e+02;2.209465198475421346e+02
8.289999999999999147e+00;7.071268759402109527e-01;7.181033534521901185e-01;2.146369686897051565e+02;2.162352971197110492e+02
8.291999999999999815e+00;7.229056296312096341e-01;7.017012261935620110e-01;2.189829215974386898e+02;2.115560150235691594e+02
8.294000000000000483e+00;7.415752301862300611e-01;6.838207021429811849e-01;2.235488649067919198e+02;2.072475982577255706e+02
8.295999999999999375e+00;7.501079438651498954e-01;6.701763760777887935e-01;2.278727895145933928e+02;2.020811957515750805e+02
8.298000000000000043e+00;7.642196069175402062e-01;6.538922877302596470e-01;2.322796072435915846e+02;1.973824651027666164e+02
8.300000000000000711e+00;7.821788811416769960e-01;6.359669750310025238e-01;2.363750894026363767e+02;1.926722590237091595e+02
8.301999999999999602e+00;7.947148651764134319e-01;6.188654026844848666e-01;2.407516027887531891e+02;1.874779072788782059e+02
8.304000000000000270e+00;8.088863036513554983e-01;6.021629017009677565e-01;2.444493976936057607e+02;1.823102660124803549e+02
8.305999999999999162e+00;8.186389889236196371e-01;5.859344378054334168e-01;2.484342159096903231e+02;1.771002958906319122e+02
8.307999999999999829e+00;8.310535883140902635e-01;5.675880119939729074e-01;2.522301118874360384e+02;1.719801709510321643e+02
8.310000000000000497e+00;8.399813551387456112e-01;5.520618595712628585e-01;2.556775367108773480e+02;1.663229099064948286e+02
8.311999999999999389e+00;8.559348190315828608e-01;5.314593483269999252e-01;2.591058958363308307e+02;1.611895762194255610e+02
8.314000000000000057e+00;8.653175730537704391e-01;5.139842438896333743e-01;2.626553965454849617e+02;1.552958694614509056e+02
8.316000000000000725e+00;8.787178217585147610e-01;4.940925863604420654e-01;2.659583329650109818e+02;1.498518870995183647e+02
8.317999999999999616e+00;8.875803818913616805e-01;4.766744785926218531e-01;2.689098190265034418e+02;1.442972861472033230e+02
8.320000000000000284e+00;8.931272031273647105e-01;4.592466809723158572e-01;2.720735192748580289e+02;1.383411804047340468e+02
8.321999999999999176e+00;9.049596158624371167e-01;4.386158205379569464e-01;2.749419501223325710e+02;1.327216470862590825e+02
8.323999999999999844e+00;9.129956342110252532e-01;4.199803967445586150e-01;2.778660985488734809e+02;1.267839978159359617e+02
8.326000000000000512e+00;9.212892031663999504e-01;4.007590811392994778e-01;2.806456411488567824e+02;1.206056174418925195e+02
8.327999999999999403e+00;9.305932192365432565e-01;3.814916527925416578e-01;2.830366216191278568e+02;1.147993858598811840e+02
8.330000000000000071e+00;9.315690745149097785e-01;3.633134197970598889e-01;2.854217375257127856e+02;1.084997743545333151e+02
8.332000000000000739e+00;9.415778526393332459e-01;3.403922904693773011e-01;2.877177317318615906e+02;1.026364186335722763e+02
8.333999999999999631e+00;9.500381758278668709e-01;3.221547167913687004e-01;2.898019166849629187e+02;9.655124709270118899e+01
8.336000000000000298e+00;9.580981584048171573e-01;3.011196009840004240e-01;2.920588759699725188e+02;9.011935595704721891e+01
8.337999999999999190e+00;9.642444326330081861e-01;2.819052794814487228e-01;2.937822583672283940e+02;8.395018939343285069e+01
8.339999999999999858e+00;9.681269014669755535e-01;2.621787006538888187e-01;2.953960313022440687e+02;7.765859117704656001e+01
8.342000000000000526e+00;9.719187694234037167e-01;2.419591762381226585e-01;2.971425592274147220e+02;7.137103217620243356e+01
8.343999999999999417e+00;9.776108817172450838e-01;2.216916949065420306e-01;2.987141147632311231e+02;6.505895847409233568e+01
8.346000000000000085e+00;9.820098362529960934e-01;2.026164533989106842e-01;3.000773983667074276e+02;5.871717961108173256e+01
8.348000000000000753e+00;9.817815017445891135e-01;1.821909612533922085e-01;3.013082580119149725e+02;5.204315885174928269e+01
8.349999999999999645e+00;9.855190150403642102e-01;1.621608063798617438e-01;3.024134214087565624e+02;4.568577677783589053e+01
8.352000000000000313e+00;9.891114340485580581e-01;1.412765902609934288e-01;3.031931964221114981e+02;3.929133882800981326e+01
8.353999999999999204e+00;9.923649389334887605e-01;1.218466183107676237e-01;3.042498616495805663e+02;3.283055339766215752e+01
8.355999999999999872e+00;9.906401770086781244e-01;1.022926341191546101e-01;3.047354547502652053e+02;2.610400635346832132e+01
8.358000000000000540e+00;9.950259450370758652e-01;8.136418296298375541e-02;3.053888040812176996e+02;1.984644667022758568e+01
8.359999999999999432e+00;9.977251122532895256e-01;6.091326521346240863e-02;3.057897021035811349e+02;1.334810248807061939e+01
8.362000000000000099e+00;9.988096181246983729e-01;3.946879083619416612e-02;3.060354276116880783e+02;6.716692503925831836e+00
8.364000000000000767e+00;9.973863878348080414e-01;1.894677479800291331e-02;3.063850706920625839e+02;8.702646533543019480e-02
8.365999999999999659e+00;9.986540022002859951e-01;-3.997011506240140052e-03;3.064014020386101720e+02;-6.382007915246774132e+00
8.368000000000000327e+00;9.973030850316311202e-01;-2.407183709388512755e-02;3.061163443633516863e+02;-1.291615561697938475e+01
8.369999999999999218e+00;9.961177075970890638e-01;-4.388323965489560746e-02;3.058721051676859588e+02;-1.944910417945626335e+01
8.371999999999999886e+00;9.968716439711611255e-01;-6.516389121396437556e-02;3.054860624915803555e+02;-2.601916460138560794e+01
8.374000000000000554e+00;9.944882877578129499e-01;-8.426891994378707396e-02;3.047866831781497581e+02;-3.238850088389441595e+01
8.375999999999999446e+00;9.907217425025420798e-01;-1.043248281117635790e-01;3.040545763032735067e+02;-3.906490813097922654e+01
8.378000000000000114e+00;9.913875446342711450e-01;-1.242446809719412737e-01;3.031501275361676448e+02;-4.513125767236449803e+01
8.380000000000000782e+00;9.897097648057965324e-01;-1.473730676550304430e-01;3.022604333788887629e+02;-5.164520849941885672e+01
8.381999999999999673e+00;9.849332856975264727e-01;-1.677537352892909395e-01;3.011842123142566834e+02;-5.814325332031157956e+01
8.384000000000000341e+00;9.798156483227005165e-01;-1.870817180003182256e-01;3.000766565920457651e+02;-6.485695931815074289e+01
8.385999999999999233e+00;9.738693068936319364e-01;-2.043606821589632472e-01;2.986331297414725441e+02;-7.117113521350374583e+01
8.387999999999999901e+00;9.732935962648368022e-01;-2.258357691695861147e-01;2.970801252152202210e+02;-7.732948013206099347e+01
8.390000000000000568e+00;9.705602366483168097e-01;-2.474007021708926612e-01;2.953440166078602260e+02;-8.352288464363097376e+01
8.391999999999999460e+00;9.596538259151176087e-01;-2.649688250495986774e-01;2.935123886559356379e+02;-8.979636845123346234e+01
8.394000000000000128e+00;9.549491690906203312e-01;-2.854821291073935674e-01;2.916670200551926655e+02;-9.633538962916188098e+01
8.396000000000000796e+00;9.523196117736052457e-01;-3.061147593070521755e-01;2.896866372778964092e+02;-1.022165909622123650e+02
8.397999999999999687e+00;9.456950574815138344e-01;-3.254204077719692334e-01;2.872929489116961577e+02;-1.081424578159461163e+02
8.400000000000000355e+00;9.375402973517866778e-01;-3.459897518049006027e-01;2.851895899964870864e+02;-1.143937352029452938e+02
8.401999999999999247e+00;9.276311888022936714e-01;-3.638846734373443192e-01;2.827612119815520373e+02;-1.205235114718200720e+02
8.403999999999999915e+00;9.209715901051973574e-01;-3.839005424274710698e-01;2.801773694902836951e+02;-1.266383651530783254e+02
8.406000000000000583e+00;9.141815199831450078e-01;-4.029563187639088606e-01;2.775145825037134273e+02;-1.322678249657328422e+02
8.407999999999999474e+00;9.052158788893187591e-01;-4.221443597299855410e-01;2.747125061467851879e+02;-1.382560510823888080e+02
8.410000000000000142e+00;8.956149149999845793e-01;-4.407760097457127380e-01;2.717501158061785418e+02;-1.438520704798172005e+02
8.412000000000000810e+00;8.854073900742754910e-01;-4.592441474078434172e-01;2.685751286761152983e+02;-1.496559012792984618e+02
8.413999999999999702e+00;8.767381112378480612e-01;-4.794464027078790269e-01;2.654803734890233500e+02;-1.552198653267844008e+02
8.416000000000000369e+00;8.645383506762248649e-01;-4.978688791888679077e-01;2.622093636867130044e+02;-1.610776454011277110e+02
8.417999999999999261e+00;8.544509623145983834e-01;-5.156030941804783385e-01;2.588454761643245661e+02;-1.663629323353559357e+02
8.419999999999999929e+00;8.442412434292080325e-01;-5.347306173469054125e-01;2.552707493660536215e+02;-1.717142513718742407e+02
8.422000000000000597e+00;8.332313789055119102e-01;-5.522244841502791379e-01;2.516738408397115165e+02;-1.770603621041171891e+02
8.423999999999999488e+00;8.187748690408186425e-01;-5.677547047663011881e-01;2.477104193009469668e+02;-1.824259794544309727e+02
8.426000000000000156e+00;8.073312182190537367e-01;-5.855362898358571488e-01;2.437230945929304653e+02;-1.875131650432693391e+02
8.428000000000000824e+00;7.919920476479387350e-01;-6.033745727590744679e-01;2.399211551633137844e+02;-1.926251098149664926e+02
8.429999999999999716e+00;7.784752957743525936e-01;-6.209546294915850861e-01;2.358307096966551910e+02;-1.978896750743136295e+02
8.432000000000000384e+00;7.682698387834830944e-01;-6.382789175363713374e-01;2.314589653501643056e+02;-2.024819772425243229e+02
8.433999999999999275e+00;7.518928364827025534e-01;-6.523672731084757537e-01;2.272239864807687013e+02;-2.074893732384351495e+02
8.435999999999999943e+00;7.368002549045647998e-01;-6.715204600173388938e-01;2.228758278973880351e+02;-2.122576603267126814e+02
8.438000000000000611e+00;7.232965815311652724e-01;-6.867796545200555158e-01;2.181268907316362800e+02;-2.167586005367351731e+02
8.439999999999999503e+00;7.057155764885341132e-01;-7.020716282430372601e-01;2.135581010927780881e+02;-2.212717354030479271e+02
8.442000000000000171e+00;6.867713462477789133e-01;-7.155075306651978995e-01;2.087656819559372252e+02;-2.260642863239925191e+02
8.444000000000000838e+00;6.756595477450018095e-01;-7.308150635013203056e-01;2.038522292992607277e+02;-2.300462726401609928e+02
8.445999999999999730e+00;6.593635726281010800e-01;-7.470710733884806665e-01;1.992128516405909977e+02;-2.343025394110243838e+02
8.448000000000000398e+00;6.429632756655478953e-01;-7.622517063769741474e-01;1.939076978062024921e+02;-2.382592200986785542e+02
8.449999999999999289e+00;6.272297634598265059e-01;-7.752375905390923583e-01;1.886514665358608625e+02;-2.422036330044053898e+02
8.451999999999999957e+00;6.123613516723482864e-01;-7.893717056165189261e-01;1.835951878507028709e+02;-2.460284286976575459e+02
8.454000000000000625e+00;5.930849688685253529e-01;-8.034501875812225524e-01;1.782245336241443567e+02;-2.500035015588078409e+02
8.455999999999999517e+00;5.759456118769658017e-01;-8.155192730009620528e-01;1.728661187354226172e+02;-2.535109780378930395e+02
8.458000000000000185e+00;5.525733241729000600e-01;-8.232554070274197278e-01;1.673576197167465693e+02;-2.572902115950463440e+02
8.460000000000000853e+00;5.379329318664468618e-01;-8.392795792883994688e-01;1.622584900122779175e+02;-2.608867159875660491e+02
8.461999999999999744e+00;5.198772267327606000e-01;-8.506612102945693143e-01;1.564083089309579009e+02;-2.640883103826251954e+02
8.464000000000000412e+00;4.992812701705548473e-01;-8.601572718984057397e-01;1.506417972862713839e+02;-2.672243979611253621e+02
8.465999999999999304e+00;4.823950966041648525e-01;-8.725111357096873022e-01;1.448867797444617622e+02;-2.701721634983333615e+02
8.467999999999999972e+00;4.659634924856100868e-01;-8.836790278143779043e-01;1.387796013614908475e+02;-2.729369464291889926e+02
8.470000000000000639e+00;4.442075883708101469e-01;-8.939485140696111776e-01;1.330982541301036974e+02;-2.760277435684862439e+02
8.471999999999999531e+00;4.246312523359184188e-01;-9.023616774184501921e-01;1.273080862538929949e+02;-2.787674868049282395e+02
8.474000000000000199e+00;4.001582522910428485e-01;-9.092170629828544293e-01;1.211784249637385074e+02;-2.813831694028673382e+02
8.476000000000000867e+00;3.845114937054902038e-01;-9.185186961576212727e-01;1.149872609754412167e+02;-2.838027902561541396e+02
8.477999999999999758e+00;3.648742750329854734e-01;-9.277280176870172923e-01;1.086795734036066960e+02;-2.859743824739394427e+02
8.480000000000000426e+00;3.412822294972487347e-01;-9.344006857841959945e-01;1.027163706413707871e+02;-2.883098513618352285e+02
8.481999999999999318e+00;3.212866385740414943e-01;-9.420597694153908241e-01;9.646326173158799122e+01;-2.903186685155203008e+02
8.483999999999999986e+00;3.006393470040752969e-01;-9.472233018861535569e-01;9.022284343484024305e+01;-2.922803179291339006e+02
8.486000000000000654e+00;2.858414507762820356e-01;-9.567773403825677869e-01;8.394761727136506124e+01;-2.938100668299586005e+02
8.487999999999999545e+00;2.620766478568336555e-01;-9.617649201176418083e-01;7.756892910880665681e+01;-2.954116423833285694e+02
8.490000000000000213e+00;2.416879364634128835e-01;-9.685225878920860065e-01;7.131566300552242410e+01;-2.972655446639428192e+02
8.492000000000000881e+00;2.195522101320626085e-01;-9.722836231741581736e-01;6.456388060585996413e+01;-2.982607012556619566e+02
8.493999999999999773e+00;2.001332697168509700e-01;-9.773415457741480017e-01;5.812506301186906654e+01;-2.997718482427063122e+02
8.496000000000000441e+00;1.799990631289001553e-01;-9.823395898303299845e-01;5.187928888247246562e+01;-3.006428058159075363e+02
8.497999999999999332e+00;1.549943627523884815e-01;-9.847744130640435634e-01;4.520904047835960426e+01;-3.017238017306066240e+02
8.500000000000000000e+00;1.359118151493150517e-01;-9.890718592305643986e-01;3.850591628870828487e+01;-3.025819931654824586e+02
8.502000000000000668e+00;1.163762629484682287e-01;-9.919698592906192047e-01;3.205587859085635216e+01;-3.033154167306113322e+02
8.503999999999999559e+00;9.545735316714017149e-02;-9.951253425012195342e-01;2.557395449109954200e+01;-3.038097833408284032e+02
8.506000000000000227e+00;7.200703684134994453e-02;-9.956161053534401395e-01;1.894902720243494443e+01;-3.044035876467051480e+02
8.507999999999999119e+00;5.220948045440798602e-02;-9.994820562503781147e-01;1.257455837706080715e+01;-3.044087843043028556e+02
8.509999999999999787e+00;3.458155745648522350e-02;-1.002716212757626790e+00;5.775794642289119096e+00;-3.046796970808262586e+02
8.512000000000000455e+00;9.174347299078022128e-03;-9.976582277303398527e-01;-8.933819869637236177e-01;-3.046128977326715130e+02
8.513999999999999346e+00;-1.389780619134097818e-02;-1.000529279566452212e+00;-7.580396484774131416e+00;-3.047175507017208247e+02
8.516000000000000014e+00;-3.450573541940924610e-02;-1.002391241023269819e+00;-1.401726839923741963e+01;-3.043627651070443108e+02
8.518000000000000682e+00;-5.866270399754275333e-02;-9.993128008535261397e-01;-2.081156863417597691e+01;-3.036984412485446683e+02
8.519999999999999574e+00;-7.606541894263554870e-02;-1.002216763486013296e+00;-2.736535881876649157e+01;-3.032731031190043041e+02
8.522000000000000242e+00;-9.727214136495823671e-02;-9.996320319705279678e-01;-3.396233173176201348e+01;-3.024654444527866985e+02
8.523999999999999133e+00;-1.220858532132053503e-01;-9.953673976564786363e-01;-4.044498110626993537e+01;-3.016644059671658056e+02
8.525999999999999801e+00;-1.389873049273522010e-01;-9.955068011572431042e-01;-4.689949374690459649e+01;-3.007229931931091187e+02
8.528000000000000469e+00;-1.598791539098878278e-01;-9.922053540602823185e-01;-5.351647565990921152e+01;-2.994889422425932253e+02
8.529999999999999361e+00;-1.836633372880626669e-01;-9.880332283201779253e-01;-5.984407000654098141e+01;-2.985287886182346710e+02
8.532000000000000028e+00;-2.061965395951177449e-01;-9.842880533628038942e-01;-6.648300736067878347e+01;-2.971363144109840846e+02
8.534000000000000696e+00;-2.258987354208228937e-01;-9.813905898097979863e-01;-7.301398629433931831e+01;-2.956329966916560466e+02
8.535999999999999588e+00;-2.432928742335121464e-01;-9.783746453940240784e-01;-7.910862527868280836e+01;-2.938806416964081336e+02
8.538000000000000256e+00;-2.643037415255040101e-01;-9.739803994951076183e-01;-8.554228789937550914e+01;-2.921205785300269895e+02
8.539999999999999147e+00;-2.859938218864311876e-01;-9.685654005059942673e-01;-9.187158025292191610e+01;-2.902317154308199179e+02
8.541999999999999815e+00;-3.040008149249193159e-01;-9.619224388150303673e-01;-9.796487866077180229e+01;-2.881047223088154396e+02
8.544000000000000483e+00;-3.259411254670250280e-01;-9.551788650561180427e-01;-1.042773650545482695e+02;-2.859528234268373694e+02
8.545999999999999375e+00;-3.491175879469859966e-01;-9.498732984996454132e-01;-1.103068870342935099e+02;-2.837276959681245216e+02
8.548000000000000043e+00;-3.679898999478145027e-01;-9.418174162291338414e-01;-1.165077829600122215e+02;-2.812292403027483942e+02
8.550000000000000711e+00;-3.861270626847734255e-01;-9.357407917000560849e-01;-1.224990030807042558e+02;-2.787213703670145151e+02
8.551999999999999602e+00;-4.093764181645679345e-01;-9.282378620783742207e-01;-1.286666770345944428e+02;-2.762717690065273928e+02
8.554000000000000270e+00;-4.249557975799619913e-01;-9.203573612276152449e-01;-1.344183770564633562e+02;-2.730984262125746795e+02
8.555999999999999162e+00;-4.448075526137048041e-01;-9.114987506899904224e-01;-1.402029205377337462e+02;-2.701639619647011727e+02
8.557999999999999829e+00;-4.662769484290139599e-01;-9.017603278850252480e-01;-1.460821342868439388e+02;-2.670539083869479668e+02
8.560000000000000497e+00;-4.865003969842008891e-01;-8.927450300860995114e-01;-1.517456139402014514e+02;-2.641568337679052547e+02
8.561999999999999389e+00;-5.048855337936457577e-01;-8.816579552354927296e-01;-1.572749664450879550e+02;-2.607965818290917355e+02
8.564000000000000057e+00;-5.242631440064853265e-01;-8.711110598019565776e-01;-1.628248870370130703e+02;-2.574153923034821219e+02
8.566000000000000725e+00;-5.435761134755843216e-01;-8.594657906225158239e-01;-1.684692624527073974e+02;-2.538075708431798319e+02
8.567999999999999616e+00;-5.615754934697004819e-01;-8.498156978464322941e-01;-1.738248099766956898e+02;-2.501085988855320466e+02
8.570000000000000284e+00;-5.793888101404802704e-01;-8.387087568287314721e-01;-1.791963380900771199e+02;-2.461283385502673013e+02
8.571999999999999176e+00;-5.950443303135606321e-01;-8.252342109109965795e-01;-1.843854983302808535e+02;-2.422110948686569429e+02
8.573999999999999844e+00;-6.164478772166005482e-01;-8.106691496985266587e-01;-1.896350820747775572e+02;-2.382524983520883666e+02
8.576000000000000512e+00;-6.304572880970017446e-01;-7.999609531890754521e-01;-1.944153339406258567e+02;-2.341652492286152665e+02
8.577999999999999403e+00;-6.489978336567533423e-01;-7.844978033296429176e-01;-1.994428495019010938e+02;-2.299895280452750228e+02
8.580000000000000071e+00;-6.681397150743544344e-01;-7.707488674091124148e-01;-2.043439828701839076e+02;-2.257663896684438498e+02
8.582000000000000739e+00;-6.884050501919596332e-01;-7.550562035102824643e-01;-2.090682960869307863e+02;-2.215958630818040547e+02
8.583999999999999631e+00;-6.981988360538040617e-01;-7.413810367493314235e-01;-2.136693642752038045e+02;-2.167683191137644769e+02
8.586000000000000298e+00;-7.140447997603902586e-01;-7.269506733725379366e-01;-2.181818323783948586e+02;-2.122083525374075066e+02
8.587999999999999190e+00;-7.327779172202204538e-01;-7.106531908686162247e-01;-2.227501941697025245e+02;-2.074430182068891497e+02
8.589999999999999858e+00;-7.480038130817201480e-01;-6.950653084411535509e-01;-2.270262123162560783e+02;-2.026442272362348831e+02
8.592000000000000526e+00;-7.599003050298929196e-01;-6.795758253421066986e-01;-2.312175880771073935e+02;-1.975658226670308011e+02
8.593999999999999417e+00;-7.753046835365651201e-01;-6.597379786448660521e-01;-2.352416670562664933e+02;-1.927029333997730021e+02
8.596000000000000085e+00;-7.893081731591252703e-01;-6.448266342834970688e-01;-2.392300923288260890e+02;-1.874989363767917609e+02
8.598000000000000753e+00;-8.053718267005228748e-01;-6.269647854883114713e-01;-2.431580454942453002e+02;-1.824177416306535235e+02
8.599999999999999645e+00;-8.158753758148099555e-01;-6.083627581106456628e-01;-2.472741095851163777e+02;-1.769855022696399942e+02
8.602000000000000313e+00;-8.273987915428924200e-01;-5.911995107870663402e-01;-2.508177032408337652e+02;-1.716565694222705361e+02
8.603999999999999204e+00;-8.410293359202553054e-01;-5.721433084199374353e-01;-2.543858535627928177e+02;-1.664805555822339898e+02
8.605999999999999872e+00;-8.543643695195539678e-01;-5.546172779729030555e-01;-2.576492148869742778e+02;-1.608483343628047066e+02
8.608000000000000540e+00;-8.639001174478874168e-01;-5.362359240209160216e-01;-2.608914595746968530e+02;-1.551404126399001768e+02
8.609999999999999432e+00;-8.735123454828018774e-01;-5.173047082472007618e-01;-2.640714246659009632e+02;-1.496836473275541266e+02
8.612000000000000099e+00;-8.828222342773708320e-01;-4.991759374039422825e-01;-2.669806809500345253e+02;-1.435813250988357197e+02
8.614000000000000767e+00;-8.957736464486607542e-01;-4.776632124698111381e-01;-2.701508441180084219e+02;-1.378869915710169778e+02
8.615999999999999659e+00;-9.026491079644649584e-01;-4.586818353179930585e-01;-2.729350369785009889e+02;-1.321462755452366480e+02
8.618000000000000327e+00;-9.155459835487482767e-01;-4.380046017389505053e-01;-2.755560079298654159e+02;-1.262233403868368242e+02
8.619999999999999218e+00;-9.277486366215059732e-01;-4.167369784062266436e-01;-2.778543059731879339e+02;-1.205340278001313266e+02
8.621999999999999886e+00;-9.322968835604887872e-01;-3.965851393898703336e-01;-2.805715654258994505e+02;-1.143501886869999282e+02
8.624000000000000554e+00;-9.366515846176479698e-01;-3.789669151323020180e-01;-2.825664033417923520e+02;-1.083339562548548685e+02
8.625999999999999446e+00;-9.404650602842666851e-01;-3.584535370690845602e-01;-2.849352039681722317e+02;-1.017050633727395734e+02
8.628000000000000114e+00;-9.509749800509668116e-01;-3.388403789821569090e-01;-2.870572895505158044e+02;-9.573361006661346551e+01
8.630000000000000782e+00;-9.600576369499066454e-01;-3.155225864498671928e-01;-2.888190297370069857e+02;-8.956042381597282542e+01
8.631999999999999673e+00;-9.639180084425902351e-01;-2.932731084289095236e-01;-2.905887205193775458e+02;-8.331695367883803272e+01
8.634000000000000341e+00;-9.695473985302645037e-01;-2.731538783536077153e-01;-2.919713626396706445e+02;-7.692055430630682622e+01
8.635999999999999233e+00;-9.742150060590143434e-01;-2.507977381666576799e-01;-2.936822154974256023e+02;-7.059299164984881259e+01
8.637999999999999901e+00;-9.788149019969774045e-01;-2.300153778198195664e-01;-2.950008956352518794e+02;-6.417194766944344053e+01
8.640000000000000568e+00;-9.769624962100701415e-01;-2.122658400586117933e-01;-2.958953859920312084e+02;-5.770181357221290597e+01
8.641999999999999460e+00;-9.846524853556879453e-01;-1.892511085943210936e-01;-2.969872234307750887e+02;-5.137142615941651513e+01
8.644000000000000128e+00;-9.875750375940224313e-01;-1.690553227526519764e-01;-2.978247222421572360e+02;-4.482660113962124626e+01
8.646000000000000796e+00;-9.912016278149581305e-01;-1.459562443020536449e-01;-2.987533772306883293e+02;-3.829754131373660186e+01
8.647999999999999687e+00;-9.906328815082039441e-01;-1.259048847462049259e-01;-2.994015906581815329e+02;-3.173315622746065401e+01
8.650000000000000355e+00;-9.962913094108154510e-01;-1.032722784811168637e-01;-2.999548253576129468e+02;-2.547136550151906675e+01
8.651999999999999247e+00;-9.953765706537742730e-01;-8.234789273985201885e-02;-3.000938772256180300e+02;-1.865142130910911789e+01
8.653999999999999915e+00;-9.958774981636372425e-01;-6.134812446973788441e-02;-3.001491981533296212e+02;-1.226366335333419499e+01
8.656000000000000583e+00;-1.000310227056774526e+00;-3.840648582264509503e-02;-3.000662165360902804e+02;-5.693349882865642364e+00
8.657999999999999474e+00;-9.958682483128251661e-01;-1.763366672978119998e-02;-3.004691562635214837e+02;1.047439860314730797e+00
8.660000000000000142e+00;-9.939151896215095983e-01;1.269035706519369656e-03;-3.001776052734392124e+02;7.778756401296308631e+00
8.662000000000000810e+00;-9.943755917632246533e-01;2.631143751295943883e-02;-2.997963340247551969e+02;1.412190447770965918e+01
8.663999999999999702e+00;-9.918863595664418886e-01;4.984050706105546541e-02;-2.992146819334606107e+02;2.083479472545375799e+01
8.666000000000000369e+00;-9.913311195186901292e-01;7.247069518719949366e-02;-2.986546827492912257e+02;2.719925336161071527e+01
8.667999999999999261e+00;-9.877605872336783221e-01;9.327410512315062463e-02;-2.977200410630301803e+02;3.400860008586945327e+01
8.669999999999999929e+00;-9.852138125355871523e-01;1.150469954697337788e-01;-2.970148884883344067e+02;4.026236951504636608e+01
8.672000000000000597e+00;-9.818705186488141390e-01;1.358094959838555826e-01;-2.957675010859610438e+02;4.665000858322595434e+01
8.673999999999999488e+00;-9.788577552963738659e-01;1.572449179996285862e-01;-2.945588581509183541e+02;5.319252143317339687e+01
8.676000000000000156e+00;-9.764737892775909867e-01;1.787205281258771872e-01;-2.930867754696406564e+02;5.970918712817704233e+01
8.678000000000000824e+00;-9.704714489537119571e-01;2.008827361698227454e-01;-2.919227336533189145e+02;6.622025175736943936e+01
8.679999999999999716e+00;-9.685088973864255379e-01;2.234647044820423645e-01;-2.901726991560112197e+02;7.247129387961504676e+01
8.682000000000000384e+00;-9.609590844392181808e-01;2.435516785641773652e-01;-2.884268881202777948e+02;7.880768617843632740e+01
8.683999999999999275e+00;-9.531233776503755806e-01;2.634549180125061452e-01;-2.863739230604584236e+02;8.518496845553252683e+01
8.685999999999999943e+00;-9.456106003433223384e-01;2.830479017068157632e-01;-2.843063742464961479e+02;9.135026122811328264e+01
8.688000000000000611e+00;-9.395198327760885260e-01;3.052753599633496462e-01;-2.824428600087312589e+02;9.770679441488816508e+01
8.689999999999999503e+00;-9.311678091666134582e-01;3.251981623286844814e-01;-2.798181623961341984e+02;1.038031252247370020e+02
8.692000000000000171e+00;-9.257137053646211644e-01;3.483675923045569389e-01;-2.775606834826559179e+02;1.099258310888470476e+02
8.694000000000000838e+00;-9.195719553490020459e-01;3.702096569125474246e-01;-2.749933421658188877e+02;1.159146688954310491e+02
8.695999999999999730e+00;-9.093413411817014014e-01;3.913303336099343555e-01;-2.722073841984943670e+02;1.219072376582757187e+02
8.698000000000000398e+00;-8.984865543345954553e-01;4.095556440373816498e-01;-2.694792561101140222e+02;1.279651245963300426e+02
8.699999999999999289e+00;-8.909767053019500560e-01;4.312618290241000407e-01;-2.665300813811373928e+02;1.339747644699039597e+02
8.701999999999999957e+00;-8.794002633692528104e-01;4.497621069287754958e-01;-2.632967685197017431e+02;1.397489449845020886e+02
8.704000000000000625e+00;-8.699334864009197199e-01;4.704090291244411581e-01;-2.603491468277286458e+02;1.455567623965025632e+02
8.705999999999999517e+00;-8.541256255262507091e-01;4.884709968346737097e-01;-2.571067405584260541e+02;1.514154570973198020e+02
8.708000000000000185e+00;-8.486325070464173503e-01;5.100650535619217774e-01;-2.536293829128215691e+02;1.568726864311404086e+02
8.710000000000000853e+00;-8.337217305704289760e-01;5.288268056850174981e-01;-2.501991394575040317e+02;1.625678207744869610e+02
8.711999999999999744e+00;-8.231699416984387119e-01;5.482744355708156769e-01;-2.464150996376840794e+02;1.678097933035394078e+02
8.714000000000000412e+00;-8.094793873280254903e-01;5.664360808790075419e-01;-2.423250743360146657e+02;1.731566817475299445e+02
8.715999999999999304e+00;-7.977932763263947402e-01;5.861039522802152790e-01;-2.384983049373657309e+02;1.783959446893569520e+02
8.717999999999999972e+00;-7.843483882508354155e-01;6.020372738714834249e-01;-2.344142515884207114e+02;1.834968269228720033e+02
8.720000000000000639e+00;-7.671241060083655583e-01;6.204944593033667743e-01;-2.305748623820653904e+02;1.889958864517706729e+02
8.721999999999999531e+00;-7.543927133761337833e-01;6.386956099197286241e-01;-2.263066031066952348e+02;1.937337976600943250e+02
8.724000000000000199e+00;-7.366132271442782375e-01;6.543800514669292356e-01;-2.217701382498871681e+02;1.990295631945247408e+02
8.726000000000000867e+00;-7.199466408882884139e-01;6.717298583016859670e-01;-2.173376866891247232e+02;2.038067170859989119e+02
8.727999999999999758e+00;-7.072379366264085476e-01;6.895473492264316828e-01;-2.130018241328291992e+02;2.084839106378074689e+02
8.730000000000000426e+00;-6.892353596905737012e-01;7.070989526076500997e-01;-2.081641860762885585e+02;2.130371818593991975e+02
8.731999999999999318e+00;-6.709129309142762843e-01;7.213531002067891107e-01;-2.036451967380128849e+02;2.179604387445011469e+02
8.733999999999999986e+00;-6.582878691924027859e-01;7.399051823446349818e-01;-1.986180893995620806e+02;2.222502265150257301e+02
8.736000000000000654e+00;-6.427739652950874572e-01;7.550933319368380303e-01;-1.936347794588614306e+02;2.263488157112457770e+02
8.737999999999999545e+00;-6.232652709865018625e-01;7.678522110968908354e-01;-1.886478224968631707e+02;2.308270504307389217e+02
8.740000000000000213e+00;-6.046870623407760714e-01;7.824403499544225760e-01;-1.834432223923904530e+02;2.349830330139323848e+02
8.742000000000000881e+00;-5.870474023092667748e-01;7.973473015353895743e-01;-1.783457950798638478e+02;2.390363132627720972e+02
8.743999999999999773e+00;-5.661496633576884596e-01;8.095404221973054870e-01;-1.730359101190263971e+02;2.429899366427986820e+02
8.746000000000000441e+00;-5.488334158810900254e-01;8.235647181330376654e-01;-1.676476950764458138e+02;2.465663462894854945e+02
8.747999999999999332e+00;-5.289627832209118363e-01;8.346193501549663551e-01;-1.625049540015153298e+02;2.502736831048190709e+02
8.750000000000000000e+00;-5.144086919893847698e-01;8.481630851657857573e-01;-1.567013110258325810e+02;2.537454156215261776e+02
8.752000000000000668e+00;-4.921547310103299155e-01;8.604306743250788037e-01;-1.509959479213682130e+02;2.573166718129918422e+02
8.753999999999999559e+00;-4.727890998899672570e-01;8.718755231180944643e-01;-1.450211835047161344e+02;2.606449255737391582e+02
8.756000000000000227e+00;-4.541788576498716479e-01;8.826413644289654581e-01;-1.395201382773137482e+02;2.636690513423278048e+02
8.757999999999999119e+00;-4.337781242262478965e-01;8.928512352613333647e-01;-1.338744589667501543e+02;2.668854474387618438e+02
8.759999999999999787e+00;-4.141530922335466824e-01;9.003985719100991991e-01;-1.276428453644967931e+02;2.697387975930544144e+02
8.762000000000000455e+00;-3.914492817721512141e-01;9.110850607046663274e-01;-1.218097645377920344e+02;2.725386062595812859e+02
8.763999999999999346e+00;-3.742400398134908546e-01;9.216974621591264016e-01;-1.158418632013364657e+02;2.751773148561983362e+02
8.766000000000000014e+00;-3.478714090690910865e-01;9.276617965476958716e-01;-1.098185159153289021e+02;2.779007448454126461e+02
8.768000000000000682e+00;-3.287533731083694954e-01;9.350128006633593447e-01;-1.037488323399717984e+02;2.802279085061458659e+02
8.769999999999999574e+00;-3.088092478699935861e-01;9.437675516861423475e-01;-9.751265621074976764e+01;2.826577570738631948e+02
8.772000000000000242e+00;-2.864090969089993499e-01;9.496922321032620351e-01;-9.135047672421647746e+01;2.847274039163777388e+02
8.774000000000000909e+00;-2.684910749014127740e-01;9.570505358702584564e-01;-8.508692556466883161e+01;2.867012057378088343e+02
8.775999999999999801e+00;-2.463876880597803409e-01;9.632537532590899065e-01;-7.885822243150377631e+01;2.885590698646312831e+02
8.778000000000000469e+00;-2.254738874657758463e-01;9.683933199765144550e-01;-7.257895971251375045e+01;2.903278933071877077e+02
8.779999999999999361e+00;-2.057205374715123103e-01;9.741800276098654399e-01;-6.593822891589830704e+01;2.918875796417632955e+02
8.782000000000000028e+00;-1.846059160910600017e-01;9.787936776961961849e-01;-5.947480684353762115e+01;2.934687291918763208e+02
8.784000000000000696e+00;-1.618661236384311974e-01;9.819197874132543635e-01;-5.309119395342126779e+01;2.947005534407311416e+02
8.785999999999999588e+00;-1.369613499686666291e-01;9.842232026986970084e-01;-4.674360009560777485e+01;2.960501461766510829e+02
8.788000000000000256e+00;-1.154771434957355264e-01;9.867291436805813998e-01;-4.034508671988816531e+01;2.972623640307034520e+02
8.789999999999999147e+00;-9.766552327973358760e-02;9.912993264561817952e-01;-3.373302324342176206e+01;2.980739329290864816e+02
8.791999999999999815e+00;-7.614208441717217057e-02;9.938665998942255442e-01;-2.707399323133935098e+01;2.988809804372227177e+02
8.794000000000000483e+00;-5.750890271929807313e-02;9.961248252587988627e-01;-2.086605759034373619e+01;2.993344599236613703e+02
8.795999999999999375e+00;-3.366578604856123452e-02;9.960607719039241692e-01;-1.401121455664568849e+01;2.999341044288320290e+02
8.798000000000000043e+00;-1.589141829304919692e-02;9.989280940806161135e-01;-7.395756345222393335e+00;3.000579077693411705e+02
8.800000000000000711e+00;1.460158535903014788e-02;9.973773953149576155e-01;-8.290593117909642595e-01;3.004390092449663143e+02
8.801999999999999602e+00;3.513894517131593148e-02;9.972627062249257435e-01;5.594960349143389244e+00;3.003510060568497693e+02
8.804000000000000270e+00;5.461276029520444053e-02;9.966477287499658777e-01;1.230748962242097910e+01;3.004852479181121225e+02
8.805999999999999162e+00;7.491160882155799283e-02;9.957895679701131986e-01;1.878109171241112563e+01;3.002436123463243689e+02
8.807999999999999829e+00;9.633251869068046314e-02;9.942391457822555845e-01;2.517608710531946414e+01;2.999915318453018926e+02
8.810000000000000497e+00;1.192625413522577088e-01;9.936325099050756782e-01;3.175108372294826609e+01;2.994963067906613219e+02
8.811999999999999389e+00;1.404347963785924913e-01;9.908625861207326357e-01;3.829191921751423422e+01;2.989175258872937775e+02
8.814000000000000057e+00;1.614331227861060536e-01;9.886517224573363460e-01;4.474254000467702497e+01;2.978598554454671330e+02
8.816000000000000725e+00;1.826836668455653345e-01;9.847271721777799414e-01;5.116643555889014294e+01;2.971176496779835361e+02
8.817999999999999616e+00;2.040125059599853241e-01;9.819135504782832147e-01;5.738209678335905295e+01;2.962217306565309514e+02
8.820000000000000284e+00;2.249954753161047538e-01;9.757915373340289023e-01;6.404625962198893774e+01;2.949848083383955100e+02
8.821999999999999176e+00;2.452531884990269140e-01;9.717705258562855386e-01;7.045137120282747389e+01;2.936097476770103185e+02
8.823999999999999844e+00;2.623418310138938558e-01;9.678190672011970364e-01;7.692990829166825506e+01;2.920129374729698384e+02
8.826000000000000512e+00;2.836088121691587860e-01;9.625464506845637924e-01;8.327176790035467491e+01;2.904308894331729221e+02
8.827999999999999403e+00;3.047181546885862624e-01;9.573634979803469225e-01;8.935084674689554163e+01;2.888397105551258051e+02
8.830000000000000071e+00;3.280725610343449006e-01;9.493761203930495274e-01;9.572433673211801874e+01;2.870274040780014388e+02
8.832000000000000739e+00;3.437113302508000845e-01;9.433410333096061695e-01;1.019097427165683882e+02;2.846221362090133766e+02
8.833999999999999631e+00;3.655604726729005938e-01;9.360472567747555317e-01;1.082209186499613907e+02;2.827682702535982457e+02
8.836000000000000298e+00;3.846192258280946574e-01;9.288663828014284141e-01;1.143583161008939015e+02;2.803346929228795261e+02
8.837999999999999190e+00;4.047265394530855653e-01;9.212606997349104265e-01;1.203732530512663743e+02;2.778260551050668710e+02
8.839999999999999858e+00;4.256831820763708474e-01;9.114291184483818142e-01;1.264843275389471273e+02;2.753297121608756584e+02
8.842000000000000526e+00;4.434283322303776420e-01;9.033142627342277686e-01;1.321504359361616423e+02;2.726828040544111786e+02
8.843999999999999417e+00;4.640575420291488951e-01;8.929052090451492507e-01;1.381160412532798603e+02;2.701281288012053778e+02
8.846000000000000085e+00;4.842506665590694537e-01;8.831158878801168566e-01;1.439764973331390649e+02;2.671440412513997558e+02
8.848000000000000753e+00;4.992612829014941300e-01;8.739389403770226883e-01;1.498289084511012845e+02;2.640390814220962739e+02
8.849999999999999645e+00;5.194418455216773811e-01;8.622312856145504245e-01;1.552044737900006908e+02;2.607967118636818213e+02
8.852000000000000313e+00;5.382559890634407429e-01;8.506622325552471997e-01;1.609655681540958199e+02;2.576098150848364412e+02
8.853999999999999204e+00;5.535675456496277347e-01;8.409582677497061676e-01;1.665937164924700937e+02;2.539167002670797615e+02
8.855999999999999872e+00;5.707439146006475506e-01;8.297662194539479064e-01;1.719499369634691277e+02;2.503283073342522584e+02
8.858000000000000540e+00;5.933088861721627083e-01;8.146748277457653842e-01;1.771982484880485345e+02;2.471769305917347594e+02
8.859999999999999432e+00;6.117622018287829366e-01;8.032899784720912706e-01;1.825242235042559287e+02;2.432698472173511561e+02
8.862000000000000099e+00;6.249911182298287793e-01;7.915620569883696778e-01;1.877318026300852125e+02;2.393192742608653134e+02
8.864000000000000767e+00;6.435007983184470870e-01;7.773308274712615873e-01;1.929133647539971719e+02;2.353162362867094544e+02
8.865999999999999659e+00;6.598619926803869218e-01;7.619377465596506305e-01;1.980486185226606608e+02;2.312771222304881178e+02
8.868000000000000327e+00;6.758175916947239958e-01;7.496267983512509003e-01;2.027896543218744512e+02;2.270259811990207766e+02
8.869999999999999218e+00;6.882892929328547904e-01;7.359737278079416800e-01;2.078976863973836373e+02;2.225813659385351571e+02
8.871999999999999886e+00;7.079812664492312058e-01;7.211317923696334287e-01;2.126087650147545105e+02;2.181942527193101284e+02
8.874000000000000554e+00;7.238099859511624157e-01;7.045195334680682819e-01;2.173441937676796840e+02;2.135108957374224588e+02
8.875999999999999446e+00;7.379491597498730737e-01;6.882291942401065343e-01;2.217962367090886744e+02;2.091601418913597570e+02
8.878000000000000114e+00;7.521182271162730748e-01;6.729144369287048955e-01;2.260534515958733266e+02;2.043578593966196024e+02
8.880000000000000782e+00;7.640886214240717456e-01;6.576986180619177613e-01;2.306061025518550309e+02;1.993183209951376114e+02
8.881999999999999673e+00;7.765025700786064577e-01;6.405086671162505407e-01;2.347703036292944887e+02;1.945777594794121228e+02
8.884000000000000341e+00;7.945305406006271109e-01;6.237464926817207767e-01;2.389336187585043660e+02;1.895811409692742586e+02
8.885999999999999233e+00;8.063737082923509991e-01;6.065389408208003985e-01;2.428435446838906557e+02;1.842540657040487417e+02
8.887999999999999901e+00;8.192051052742403972e-01;5.890981721630604850e-01;2.468864849874009053e+02;1.794475815906945684e+02
8.890000000000000568e+00;8.269374427361413371e-01;5.743942232890846267e-01;2.506874248205913318e+02;1.739007017886848985e+02
8.891999999999999460e+00;8.427900938748154047e-01;5.541235273840527942e-01;2.543451375861204156e+02;1.688235315535126801e+02
8.894000000000000128e+00;8.539893124780937317e-01;5.365596090518116590e-01;2.579552738463966080e+02;1.632955984076660627e+02
8.896000000000000796e+00;8.641671048760597440e-01;5.177736818199548674e-01;2.614611817988758844e+02;1.576794681341050932e+02
8.897999999999999687e+00;8.734445880002684737e-01;5.001553521818411507e-01;2.646690681325823675e+02;1.520247835653285335e+02
8.900000000000000355e+00;8.832085967270943971e-01;4.818124884404155206e-01;2.677759930740120353e+02;1.465704878336925958e+02
8.901999999999999247e+00;8.897813423138967170e-01;4.651196285584961454e-01;2.709758396562959319e+02;1.405862038100876532e+02
8.903999999999999915e+00;9.033880036696378957e-01;4.443571772496178740e-01;2.739787053024630836e+02;1.350557031816670417e+02
8.906000000000000583e+00;9.149428403376399510e-01;4.249708374528163302e-01;2.767266297599501286e+02;1.289575193775095272e+02
8.907999999999999474e+00;9.181267059636123440e-01;4.093650758500545495e-01;2.794998227765415777e+02;1.229870074072032793e+02
8.910000000000000142e+00;9.286442948404008968e-01;3.866948081943938353e-01;2.820399542517426426e+02;1.171893485663800618e+02
8.912000000000000810e+00;9.308036116992551845e-01;3.707709231691896923e-01;2.847245033626238637e+02;1.110472445530569701e+02
8.913999999999999702e+00;9.382359976796845746e-01;3.497493937957486532e-01;2.869194844592037725e+02;1.047712215213397258e+02
8.916000000000000369e+00;9.494321113640099563e-01;3.272209053416223479e-01;2.892217842104296324e+02;9.878709098982594128e+01
8.917999999999999261e+00;9.528152144387274092e-01;3.101547743151947811e-01;2.912743955148620216e+02;9.273387394930398386e+01
8.919999999999999929e+00;9.606578248587028801e-01;2.901122416253297809e-01;2.932016408885598366e+02;8.644004721756870424e+01
8.922000000000000597e+00;9.680025744023851297e-01;2.700153131617194502e-01;2.948757313948577803e+02;8.033527023921394061e+01
8.923999999999999488e+00;9.699345086077109102e-01;2.518310515670978411e-01;2.966416776635790598e+02;7.388610989221749037e+01
8.926000000000000156e+00;9.775723509006487566e-01;2.306883470757508658e-01;2.982675679741515182e+02;6.755538693927661598e+01
8.928000000000000824e+00;9.763490482699586082e-01;2.130202937316557910e-01;2.996272069339948416e+02;6.107299421649852178e+01
8.929999999999999716e+00;9.827240811353379346e-01;1.915250416891129126e-01;3.008477275805090585e+02;5.456693053880678690e+01
8.932000000000000384e+00;9.880932335736544170e-01;1.713558368722850334e-01;3.018408002853821017e+02;4.838200646072461097e+01
8.933999999999999275e+00;9.893885997341815841e-01;1.525108603179016753e-01;3.029050614785006132e+02;4.189579980573689966e+01
8.935999999999999943e+00;9.912191469947982947e-01;1.317154382045543914e-01;3.038080550965344173e+02;3.540644544898516699e+01
8.938000000000000611e+00;9.939613798858587534e-01;1.122311439157650526e-01;3.044503382017953186e+02;2.886357762951074690e+01
8.939999999999999503e+00;9.960025586611550574e-01;9.120886830931915212e-02;3.052603659458850984e+02;2.223037944356355666e+01
8.942000000000000171e+00;9.955021564364573416e-01;7.161939119370573648e-02;3.057956415484793524e+02;1.568607495886523928e+01
8.944000000000000838e+00;9.991149002773791477e-01;5.032016598993824946e-02;3.061089199597094535e+02;9.482138163760016170e+00
8.945999999999999730e+00;9.972075506496673736e-01;3.085898114041101675e-02;3.062737219939684223e+02;2.640108844717810932e+00
8.948000000000000398e+00;9.964399003845769709e-01;9.209209150357272958e-03;3.063175198580670440e+02;-3.975071070173755938e+00
8.949999999999999289e+00;9.988932265153878109e-01;-1.347124452799147720e-02;3.062113644478723131e+02;-1.053269383201809717e+01
8.951999999999999957e+00;9.991046552379707624e-01;-3.372367531721539441e-02;3.059775232843798562e+02;-1.687692045308307343e+01
8.954000000000000625e+00;9.956238731037203582e-01;-5.323148889733540085e-02;3.055075906799612540e+02;-2.343440326755250425e+01
8.955999999999999517e+00;9.966528029884053064e-01;-7.339885521238279087e-02;3.048898863418242513e+02;-2.989952242853428999e+01
8.958000000000000185e+00;9.897751374506263966e-01;-9.065922788897143314e-02;3.043070375803108618e+02;-3.644453599820676715e+01
8.960000000000000853e+00;9.922429017653036087e-01;-1.125318254427101622e-01;3.036268687570928932e+02;-4.290836068800554415e+01
8.961999999999999744e+00;9.882055558594643463e-01;-1.329472810195370669e-01;3.026035435453535456e+02;-4.936316029932713434e+01
8.964000000000000412e+00;9.855626386152686047e-01;-1.540725694180640759e-01;3.016937465493509762e+02;-5.573818236608167354e+01
8.965999999999999304e+00;9.850116331738950626e-01;-1.749227997363170251e-01;3.005193946794106523e+02;-6.217174683403924007e+01
8.967999999999999972e+00;9.782213101331469485e-01;-1.938426625961881256e-01;2.989986741728314428e+02;-6.867957363746873511e+01
8.970000000000000639e+00;9.738471630166278814e-01;-2.129241040565557908e-01;2.975572113216936714e+02;-7.471876303876334191e+01
8.971999999999999531e+00;9.701710067714538477e-01;-2.337713967102243995e-01;2.960545565215053330e+02;-8.116741128828734020e+01
8.974000000000000199e+00;9.665633247086556912e-01;-2.531964501707391624e-01;2.942557859083993321e+02;-8.738269619693699042e+01
8.976000000000000867e+00;9.582270138322861452e-01;-2.733020029637900361e-01;2.925109430914309314e+02;-9.384932317101237231e+01
8.977999999999999758e+00;9.505281767257309777e-01;-2.901187562116957497e-01;2.904593572797460865e+02;-9.996460164758153155e+01
8.980000000000000426e+00;9.440582322847477226e-01;-3.104251043693105339e-01;2.884348303805074920e+02;-1.061222349433769523e+02
8.981999999999999318e+00;9.411115941889878211e-01;-3.332622357160440751e-01;2.859835193746890809e+02;-1.118753779361813656e+02
8.983999999999999986e+00;9.352937448899604211e-01;-3.530423987227738758e-01;2.838530686402870629e+02;-1.181625970135621202e+02
8.986000000000000654e+00;9.246252086758486310e-01;-3.716061109781373384e-01;2.812449216207272684e+02;-1.241977024620341581e+02
8.987999999999999545e+00;9.179418694541677803e-01;-3.923259892294669315e-01;2.785057727722866048e+02;-1.300370511154109465e+02
8.990000000000000213e+00;9.091521309441809029e-01;-4.104950012706182205e-01;2.756927949204667812e+02;-1.356619951373183142e+02
8.992000000000000881e+00;9.031774287638306697e-01;-4.304998135397009595e-01;2.727024236221613478e+02;-1.413823623745162763e+02
8.993999999999999773e+00;8.936052124962203802e-01;-4.487278165380043093e-01;2.697334532017031279e+02;-1.472910464528503667e+02
8.996000000000000441e+00;8.809943936552887545e-01;-4.663921041569262238e-01;2.667799729028764091e+02;-1.530707611815801670e+02
8.997999999999999332e+00;8.686865950510356260e-01;-4.825426314350032553e-01;2.634549522797502163e+02;-1.587260318060250768e+02
9.000000000000000000e+00;8.588865413395792014e-01;-5.054750489788705226e-01;2.602541313437845929e+02;-1.642606717829131355e+02
9.002000000000000668e+00;8.494470298389167340e-01;-5.231929412238257582e-01;2.564403156761788978e+02;-1.696297697643332185e+02
9.003999999999999559e+00;8.336654984528857337e-01;-5.401244191401690653e-01;2.529752371564468945e+02;-1.752011068918868375e+02
9.006000000000000227e+00;8.293671966091741288e-01;-5.588023445244573173e-01;2.491930547275808863e+02;-1.802887649291574803e+02
9.007999999999999119e+00;8.142013643767154196e-01;-5.756532200478463590e-01;2.454386438687312761e+02;-1.856422025921387728e+02
9.009999999999999787e+00;8.017824083580343819e-01;-5.942564831797532143e-01;2.413450662259303385e+02;-1.907973417478188480e+02
9.012000000000000455e+00;7.897228875056547803e-01;-6.110184246986685164e-01;2.372372371802612747e+02;-1.957049044966890676e+02
9.013999999999999346e+00;7.722153123376779282e-01;-6.267233471755311314e-01;2.332146095330260778e+02;-2.008503824612778317e+02
9.016000000000000014e+00;7.598725253419449377e-01;-6.443089445487286682e-01;2.289690405468510903e+02;-2.056803660330561456e+02
9.018000000000000682e+00;7.440058049144836483e-01;-6.607366301922589225e-01;2.245145350500320944e+02;-2.102735414666700251e+02
9.019999999999999574e+00;7.323822543789113571e-01;-6.779924938751398233e-01;2.201017394486224816e+02;-2.151269248109833825e+02
9.022000000000000242e+00;7.151226345143729679e-01;-6.929345554977246469e-01;2.154348091900891689e+02;-2.197219420039176043e+02
9.023999999999999133e+00;7.022230352262683883e-01;-7.110583752343208053e-01;2.105914557721372660e+02;-2.238190231599981530e+02
9.025999999999999801e+00;6.806286558762901784e-01;-7.229788963818076786e-01;2.056554478537819364e+02;-2.284503270036978790e+02
9.028000000000000469e+00;6.671644144108824781e-01;-7.390601427277008195e-01;2.008922385426921267e+02;-2.326562947846363727e+02
9.029999999999999361e+00;6.520022383453484283e-01;-7.538047410891377531e-01;1.957506150856598879e+02;-2.367760571859222978e+02
9.032000000000000028e+00;6.326526705260243633e-01;-7.677361513631493217e-01;1.907908523166846066e+02;-2.407842732535256403e+02
9.034000000000000696e+00;6.147148197774197076e-01;-7.802655345726721148e-01;1.858127008287374906e+02;-2.448614770688214719e+02
9.035999999999999588e+00;5.979428651405700457e-01;-7.961635286612097628e-01;1.806284319126377227e+02;-2.486997253883705525e+02
9.038000000000000256e+00;5.840792703725471435e-01;-8.091379325033823955e-01;1.750747938530648184e+02;-2.522969527148567863e+02
9.039999999999999147e+00;5.617171341578898192e-01;-8.198163203379481567e-01;1.696355298170311130e+02;-2.559506219486955558e+02
9.041999999999999815e+00;5.439684699491854625e-01;-8.328459766913660633e-01;1.640325918923238362e+02;-2.594446521968137631e+02
9.044000000000000483e+00;5.287964020888299421e-01;-8.472305199551186661e-01;1.586209122481164115e+02;-2.628409862379276092e+02
9.045999999999999375e+00;5.091384908779306162e-01;-8.579888274900323575e-01;1.530553494665759899e+02;-2.658135433645233547e+02
9.048000000000000043e+00;4.908554118954958634e-01;-8.686159579049912427e-01;1.470166362792301982e+02;-2.688278828632535351e+02
9.050000000000000711e+00;4.692622853561408958e-01;-8.797798406649558478e-01;1.411617323550585184e+02;-2.720193848638979830e+02
9.051999999999999602e+00;4.505571864455937825e-01;-8.886339555554261249e-01;1.353583606911118977e+02;-2.747964291492945677e+02
9.054000000000000270e+00;4.302003919136089261e-01;-8.983580107969899586e-01;1.296759153184432023e+02;-2.777997512703686880e+02
9.055999999999999162e+00;4.088164719730064678e-01;-9.064539834859871581e-01;1.235982606345624220e+02;-2.802728613917222447e+02
9.057999999999999829e+00;3.947453479632995199e-01;-9.183287329219773643e-01;1.174832549613831532e+02;-2.825670121591477937e+02
9.060000000000000497e+00;3.706024102407755594e-01;-9.252119385742518798e-01;1.111665141015123908e+02;-2.851752268104456789e+02
9.061999999999999389e+00;3.513422307309396198e-01;-9.330647686517570261e-01;1.051217726341059233e+02;-2.872722505537362281e+02
9.064000000000000057e+00;3.322074598307422355e-01;-9.416325793236548503e-01;9.895308284306359781e+01;-2.893533166066051763e+02
9.066000000000000725e+00;3.075160942559574950e-01;-9.473594414885860848e-01;9.263556197172854922e+01;-2.914459157155517346e+02
9.067999999999999616e+00;2.869195554968150264e-01;-9.536910267410361186e-01;8.637000217284177950e+01;-2.930507926905103773e+02
9.070000000000000284e+00;2.681052119986814253e-01;-9.601994360669665607e-01;7.992542325909523981e+01;-2.948307661528236849e+02
9.071999999999999176e+00;2.444201656142419021e-01;-9.668481864142950410e-01;7.378752833706127490e+01;-2.964767782749919434e+02
9.073999999999999844e+00;2.229248277749565632e-01;-9.709622521082680313e-01;6.717077752254800771e+01;-2.979606772146635194e+02
9.076000000000000512e+00;2.067972873917281740e-01;-9.776422657679002537e-01;6.073248298257878020e+01;-2.991302832842601447e+02
9.077999999999999403e+00;1.826393425341439891e-01;-9.807999387782231349e-01;5.417121610084559791e+01;-3.003354196616263039e+02
9.080000000000000071e+00;1.622590900343353071e-01;-9.845833562080809065e-01;4.760193947777663226e+01;-3.011254008103871911e+02
9.082000000000000739e+00;1.396441765969437809e-01;-9.888244049895622556e-01;4.127955008812602955e+01;-3.022731711990398367e+02
9.083999999999999631e+00;1.186171111326230487e-01;-9.905532043632518935e-01;3.465293796416603556e+01;-3.030533803254978125e+02
9.086000000000000298e+00;9.930963662975625383e-02;-9.936425699827797775e-01;2.806849435685558802e+01;-3.035262286468319530e+02
9.087999999999999190e+00;7.338214310531868123e-02;-9.941087545984265139e-01;2.148623216681784953e+01;-3.042462327761184611e+02
9.089999999999999858e+00;5.269907799880159394e-02;-9.985135515238978687e-01;1.501366660209579607e+01;-3.044629675201060763e+02
9.092000000000000526e+00;3.257842549046104097e-02;-9.990957060589620298e-01;8.380820207959219559e+00;-3.045423847202619640e+02
9.093999999999999417e+00;1.199516932418510581e-02;-9.999892750491223836e-01;1.820807443243949164e+00;-3.047375902453898107e+02
9.096000000000000085e+00;-9.395358173825148207e-03;-1.000272387815788644e+00;-4.771455574604711813e+00;-3.047279418107725633e+02
9.098000000000000753e+00;-3.116155673333192294e-02;-1.001345778232825889e+00;-1.163349275668900873e+01;-3.044510917068619733e+02
9.099999999999999645e+00;-5.578042729429334712e-02;-1.001280564821195096e+00;-1.813030051690438427e+01;-3.039285464879786787e+02
9.102000000000000313e+00;-8.089821694731008650e-02;-9.986632311791268091e-01;-2.482934952514009552e+01;-3.036041681724576620e+02
9.103999999999999204e+00;-9.691718139155683365e-02;-9.984168587309794063e-01;-3.144447867012005915e+01;-3.027482814523871752e+02
9.105999999999999872e+00;-1.169609017297721099e-01;-9.962064911375068110e-01;-3.818749303342769252e+01;-3.018685672689887269e+02
9.108000000000000540e+00;-1.406381303203439737e-01;-9.939290882036970753e-01;-4.450130230632308326e+01;-3.010622987810519930e+02
9.109999999999999432e+00;-1.590231362255969116e-01;-9.927587836819879996e-01;-5.117211232868642412e+01;-3.000317317897605562e+02
9.112000000000000099e+00;-1.821345578413220978e-01;-9.887038264962996204e-01;-5.738935042964426714e+01;-2.990114727138419539e+02
9.114000000000000767e+00;-2.012892806549536895e-01;-9.853842519243107834e-01;-6.409731250737260666e+01;-2.975997443179247739e+02
9.115999999999999659e+00;-2.238037402507795370e-01;-9.818010160518332308e-01;-7.023657473179244448e+01;-2.962331660744906685e+02
9.118000000000000327e+00;-2.439041579119919922e-01;-9.776923854496807342e-01;-7.674225044123301132e+01;-2.944957307875508832e+02
9.119999999999999218e+00;-2.648343026445225679e-01;-9.735068725232307596e-01;-8.312246982541527984e+01;-2.927469241436397169e+02
9.121999999999999886e+00;-2.875623427481061589e-01;-9.672827971046176199e-01;-8.942784104340425699e+01;-2.909510321575569947e+02
9.124000000000000554e+00;-3.055842292216763290e-01;-9.612216950073013688e-01;-9.581186510613540008e+01;-2.888598447999899577e+02
9.125999999999999446e+00;-3.272529993283485039e-01;-9.559048756912258415e-01;-1.017911931898237867e+02;-2.870083768762312388e+02
9.128000000000000114e+00;-3.469114356240668995e-01;-9.494399956022905318e-01;-1.079473535015776804e+02;-2.846890165398647810e+02
9.130000000000000782e+00;-3.659688146897507877e-01;-9.444901557179857798e-01;-1.142741375695144086e+02;-2.822167736168454439e+02
9.131999999999999673e+00;-3.892365998751528555e-01;-9.364152048881730916e-01;-1.200760376513010925e+02;-2.796808501535685423e+02
9.134000000000000341e+00;-4.092241242011953051e-01;-9.279779491165888183e-01;-1.260499809900311732e+02;-2.772001898132479027e+02
9.135999999999999233e+00;-4.277911267084610891e-01;-9.198553579324956209e-01;-1.320862566884183593e+02;-2.744124969924092738e+02
9.137999999999999901e+00;-4.470947573031301969e-01;-9.107482103488985237e-01;-1.380510345225174831e+02;-2.713101481070498835e+02
9.140000000000000568e+00;-4.689877309594109311e-01;-9.007474678565079440e-01;-1.436414991892655166e+02;-2.685993627876330265e+02
9.141999999999999460e+00;-4.853733854664688541e-01;-8.914689089860360349e-01;-1.493847894340097469e+02;-2.653392506773735136e+02
9.144000000000000128e+00;-5.059174020136498751e-01;-8.816863938322645478e-01;-1.553192643039502343e+02;-2.619592100939797774e+02
9.146000000000000796e+00;-5.245276664543979672e-01;-8.702611283317895907e-01;-1.607745665625639049e+02;-2.587109070200873475e+02
9.147999999999999687e+00;-5.441758013518056547e-01;-8.604330108080022743e-01;-1.664345541408141855e+02;-2.552040103516376917e+02
9.150000000000000355e+00;-5.585670408543228493e-01;-8.503908275705838182e-01;-1.718645378925572231e+02;-2.513973578146070338e+02
9.151999999999999247e+00;-5.795044559364452841e-01;-8.371109006688552956e-01;-1.770676674820743415e+02;-2.477894696458517956e+02
9.153999999999999915e+00;-5.956972654831093061e-01;-8.239366753833810009e-01;-1.822219344618436594e+02;-2.438644734296324827e+02
9.156000000000000583e+00;-6.137888401283356776e-01;-8.123695095472674987e-01;-1.873455082918943617e+02;-2.399458729337983129e+02
9.157999999999999474e+00;-6.334275894054932632e-01;-7.979338557891410000e-01;-1.923222239074861761e+02;-2.359545805996577599e+02
9.160000000000000142e+00;-6.495441755452068255e-01;-7.849545803744985006e-01;-1.975831214883995415e+02;-2.317054792279278388e+02
9.162000000000000810e+00;-6.625559055718716062e-01;-7.729674953280711858e-01;-2.023687951450829416e+02;-2.273708296429990128e+02
9.163999999999999702e+00;-6.815657564528491141e-01;-7.576360553519064789e-01;-2.071531332251675508e+02;-2.230603388584678157e+02
9.166000000000000369e+00;-6.993027877185377106e-01;-7.426496550239527483e-01;-2.119014866864470719e+02;-2.184222288405694599e+02
9.167999999999999261e+00;-7.143486686188901258e-01;-7.277841958541130252e-01;-2.165739881427891191e+02;-2.138851458845803677e+02
9.169999999999999929e+00;-7.290999894042966556e-01;-7.136688515642466424e-01;-2.209825881017445681e+02;-2.091517041494864770e+02
9.172000000000000597e+00;-7.418867929931194372e-01;-6.983500263890253246e-01;-2.251568253552806311e+02;-2.044154344229883122e+02
9.173999999999999488e+00;-7.595065604571373807e-01;-6.805522600151668877e-01;-2.295321555213116937e+02;-1.995918370164110058e+02
9.176000000000000156e+00;-7.729136323133998232e-01;-6.629829279749718252e-01;-2.338505781080336305e+02;-1.944527079603736581e+02
9.178000000000000824e+00;-7.878617634265097092e-01;-6.458067604445864029e-01;-2.376876063822322180e+02;-1.897767514311704531e+02
9.179999999999999716e+00;-8.031736790802647130e-01;-6.278333025373706855e-01;-2.417624689544637420e+02;-1.843661097563380622e+02
9.182000000000000384e+00;-8.145120484866581467e-01;-6.109912882092836117e-01;-2.456363926157955007e+02;-1.790122990990118410e+02
9.183999999999999275e+00;-8.265980068306882922e-01;-5.944648725418041346e-01;-2.492472173735360741e+02;-1.739332958625926437e+02
9.185999999999999943e+00;-8.417261507410881416e-01;-5.743790921001734606e-01;-2.530071983100180262e+02;-1.687189208481496507e+02
9.188000000000000611e+00;-8.526813385923259769e-01;-5.565218315251880821e-01;-2.563294067775839267e+02;-1.629824054943924239e+02
9.189999999999999503e+00;-8.672211802764906441e-01;-5.379233174494254532e-01;-2.597400308126300388e+02;-1.577577559089990586e+02
9.192000000000000171e+00;-8.740424008294297442e-01;-5.211078992819134781e-01;-2.627493028726191255e+02;-1.519515032342050347e+02
9.194000000000000838e+00;-8.811531525874254367e-01;-5.017707601135452666e-01;-2.658650465598649362e+02;-1.459165739905919565e+02
9.195999999999999730e+00;-8.902436354894358583e-01;-4.835925839878892907e-01;-2.689110607840246985e+02;-1.402033064893152527e+02
9.198000000000000398e+00;-9.029885417185825602e-01;-4.622396772555260602e-01;-2.718341743224389120e+02;-1.345006330003610344e+02
9.199999999999999289e+00;-9.110695094644164493e-01;-4.432402147834459960e-01;-2.744883525142528242e+02;-1.285820230806144195e+02
9.201999999999999957e+00;-9.210335165118817002e-01;-4.234778782105653727e-01;-2.769621626409374358e+02;-1.226545305670249491e+02
9.204000000000000625e+00;-9.310442109377816688e-01;-4.034701927890997908e-01;-2.795680179453798928e+02;-1.168135383254688975e+02
9.205999999999999517e+00;-9.353522248624950297e-01;-3.844446774149770096e-01;-2.817502346282774965e+02;-1.108030708368774810e+02
9.208000000000000185e+00;-9.466397673094559817e-01;-3.631240663138846081e-01;-2.840069118303916866e+02;-1.045735648863375928e+02
9.210000000000000853e+00;-9.509061385580815928e-01;-3.440758417523174240e-01;-2.861231700520516483e+02;-9.831869359566221078e+01
9.211999999999999744e+00;-9.553909894078123077e-01;-3.237283371325213599e-01;-2.880160290291953515e+02;-9.214675372279376120e+01
9.214000000000000412e+00;-9.640321035683871997e-01;-3.005643195064873763e-01;-2.899280185151357614e+02;-8.590600582327490997e+01
9.215999999999999304e+00;-9.667560793978111633e-01;-2.810154028909083723e-01;-2.913459033507068057e+02;-7.974007472748840541e+01
9.217999999999999972e+00;-9.698477629368245090e-01;-2.608634603895163551e-01;-2.931189388323941785e+02;-7.306038265518731123e+01
9.220000000000000639e+00;-9.750280006168654534e-01;-2.412008368787067758e-01;-2.942791198634301963e+02;-6.675627933064546937e+01
9.221999999999999531e+00;-9.832569492965641533e-01;-2.181085237662402920e-01;-2.953733606007327239e+02;-6.041811132092660586e+01
9.224000000000000199e+00;-9.836732558715202135e-01;-1.992013429986171091e-01;-2.966723953942795333e+02;-5.370978929463943530e+01
9.226000000000000867e+00;-9.879762760893748830e-01;-1.769886682812262801e-01;-2.977387309947316680e+02;-4.732247414806645480e+01
9.227999999999999758e+00;-9.921719680660137097e-01;-1.553372944363972386e-01;-2.985193523871114394e+02;-4.094114837758207415e+01
9.230000000000000426e+00;-9.893623972824505675e-01;-1.364320740435449597e-01;-2.989888929975148812e+02;-3.408738303780604895e+01
9.231999999999999318e+00;-9.920848423894771395e-01;-1.149753352401285955e-01;-2.995017741696870530e+02;-2.778970126169596710e+01
9.233999999999999986e+00;-9.948750326338835492e-01;-9.381636712740461237e-02;-2.999503389590479969e+02;-2.131685653614542630e+01
9.236000000000000654e+00;-9.949002443146381935e-01;-7.313412600706628575e-02;-3.001895672539390034e+02;-1.487812302080078020e+01
9.237999999999999545e+00;-9.966443794809085599e-01;-5.179579450366962601e-02;-3.006111918754151020e+02;-8.198094381466031422e+00
9.240000000000000213e+00;-9.957938745585783735e-01;-3.098016543712768175e-02;-3.002471302555567263e+02;-1.541739902586171329e+00
9.242000000000000881e+00;-9.973505989140910577e-01;-8.182612292837735529e-03;-3.002807711375485269e+02;4.956132150532370773e+00
9.243999999999999773e+00;-9.976491271678830097e-01;1.519169730208685433e-02;-2.999316498626861858e+02;1.156113849814547123e+01
9.246000000000000441e+00;-9.960831830548336763e-01;3.728346508603706810e-02;-2.992595413808672902e+02;1.793750254589803106e+01
9.247999999999999332e+00;-9.947547009003917529e-01;6.023674493830989685e-02;-2.989081449005160493e+02;2.453829458377309081e+01
9.250000000000000000e+00;-9.898764104918498230e-01;8.004911570054523695e-02;-2.980206289549145140e+02;3.124677519142435855e+01
9.252000000000000668e+00;-9.888466344533689556e-01;1.019576177311321413e-01;-2.973648556744198572e+02;3.761649584927682355e+01
9.253999999999999559e+00;-9.853715854025055787e-01;1.229103327508662413e-01;-2.961361951288230330e+02;4.429098005600361887e+01
9.256000000000000227e+00;-9.791122784779610067e-01;1.424365855472321807e-01;-2.950682122538472072e+02;5.075378456322148679e+01
9.257999999999999119e+00;-9.781721588384156840e-01;1.645831773553153576e-01;-2.938280761090317696e+02;5.729990673067595708e+01
9.259999999999999787e+00;-9.753033305785600016e-01;1.873763954851260516e-01;-2.923117566419556965e+02;6.368465988093722530e+01
9.262000000000000455e+00;-9.663585992346813702e-01;2.059660814909822224e-01;-2.908199189503180833e+02;7.035353947311639899e+01
9.263999999999999346e+00;-9.639698079816015897e-01;2.268864972545897030e-01;-2.890068612038646165e+02;7.647185442969016833e+01
9.266000000000000014e+00;-9.580665377653392323e-01;2.500979874532730518e-01;-2.872114736193279896e+02;8.301035902796431287e+01
9.268000000000000682e+00;-9.523360177389627035e-01;2.709418459872449114e-01;-2.852383891613529840e+02;8.907050754426003891e+01
9.269999999999999574e+00;-9.438655030364818677e-01;2.902086904400658085e-01;-2.832050690625337666e+02;9.537612151297972218e+01
9.272000000000000242e+00;-9.384617958162241314e-01;3.104166333455545823e-01;-2.808785943841372728e+02;1.014975178954786372e+02
9.274000000000000909e+00;-9.268485816762066509e-01;3.299928070822438775e-01;-2.783763940407596920e+02;1.077942492036335125e+02
9.275999999999999801e+00;-9.241347796505301471e-01;3.524566100782480227e-01;-2.760407215583669540e+02;1.137946338393677479e+02
9.278000000000000469e+00;-9.152618845809536996e-01;3.730872673024401842e-01;-2.734146091652810355e+02;1.196859656451498211e+02
9.279999999999999361e+00;-9.055089540557170746e-01;3.939002964586402200e-01;-2.704349226678214109e+02;1.256336561177066216e+02
9.282000000000000028e+00;-8.948335957558499754e-01;4.141844338218472754e-01;-2.678608240143494754e+02;1.317248299415518034e+02
9.284000000000000696e+00;-8.883285100528299782e-01;4.352191015017858322e-01;-2.645970865416597348e+02;1.373918826436217842e+02
9.285999999999999588e+00;-8.787649994249321361e-01;4.547314746929879692e-01;-2.613565062831426076e+02;1.430685625131637551e+02
9.288000000000000256e+00;-8.652666904386668856e-01;4.727489773463028899e-01;-2.583604505155930156e+02;1.489299390026220351e+02
9.289999999999999147e+00;-8.533638892595997172e-01;4.942973095363059066e-01;-2.549306781920600713e+02;1.546670721547729954e+02
9.291999999999999815e+00;-8.431410306503052121e-01;5.128244731740032591e-01;-2.515127948120450583e+02;1.603483305830505401e+02
9.294000000000000483e+00;-8.297670188148218440e-01;5.309737503193014962e-01;-2.478507518939002807e+02;1.658941023429977690e+02
9.295999999999999375e+00;-8.190390753390323075e-01;5.505134458984952683e-01;-2.438963427060809011e+02;1.710243596020017094e+02
9.298000000000000043e+00;-8.072391682578821115e-01;5.703344146432746120e-01;-2.401811967908559780e+02;1.765605466942718351e+02
9.300000000000000711e+00;-7.950105166822261094e-01;5.893774054237718163e-01;-2.360961037105331286e+02;1.814433901926970805e+02
9.301999999999999602e+00;-7.792092821050604634e-01;6.064266910819253731e-01;-2.321361437228180762e+02;1.868610881927705520e+02
9.304000000000000270e+00;-7.682469875961667194e-01;6.261214630913205514e-01;-2.279367605420875975e+02;1.917817234358392398e+02
9.305999999999999162e+00;-7.523742903751498012e-01;6.426559017897868209e-01;-2.235120846402517145e+02;1.969549090240502949e+02
9.307999999999999829e+00;-7.346826258841130386e-01;6.583744405370082209e-01;-2.191305281991709819e+02;2.019402209661082566e+02
9.310000000000000497e+00;-7.196792831243955524e-01;6.762343668704151600e-01;-2.146107803626479438e+02;2.066702800418957509e+02
9.311999999999999389e+00;-7.056389852124660411e-01;6.935309116428427512e-01;-2.100303148327649012e+02;2.110440265043781380e+02
9.314000000000000057e+00;-6.885531224592026378e-01;7.112046147098983750e-01;-2.053175587566183253e+02;2.157826278857734508e+02
9.316000000000000725e+00;-6.668741127895676524e-01;7.239000360206482299e-01;-2.004845073550745553e+02;2.206318201834312163e+02
9.317999999999999616e+00;-6.554943697516477652e-01;7.424279063570262682e-01;-1.958587999448476751e+02;2.249105487330593007e+02
9.320000000000000284e+00;-6.358995419067593469e-01;7.562038998578359816e-01;-1.907541410701720963e+02;2.292655118879394252e+02
9.321999999999999176e+00;-6.187862827186583203e-01;7.706222502377492178e-01;-1.854023710866856050e+02;2.333005245895970745e+02
9.323999999999999844e+00;-6.032084807838173912e-01;7.867918719118257576e-01;-1.804185448603206794e+02;2.373234740175868751e+02
9.326000000000000512e+00;-5.843343486404611875e-01;7.998589665086381917e-01;-1.750481121037477692e+02;2.413021609392926621e+02
9.327999999999999403e+00;-5.647001861466437456e-01;8.121323599590478670e-01;-1.698203434614070488e+02;2.451594952486213970e+02
9.330000000000000071e+00;-5.446548659035845841e-01;8.252878373145919877e-01;-1.642261182548666056e+02;2.487294964301960647e+02
9.332000000000000739e+00;-5.277041744552197766e-01;8.389574169336050380e-01;-1.587474710156938897e+02;2.524124562127543925e+02
9.333999999999999631e+00;-5.066424518228889173e-01;8.492913744422960765e-01;-1.532977371293832789e+02;2.560296092686696170e+02
9.336000000000000298e+00;-4.877980431912261605e-01;8.616462421009132289e-01;-1.475507963811263892e+02;2.592429755156041438e+02
9.337999999999999190e+00;-4.680871597146639695e-01;8.738206151586892512e-01;-1.419301878498413316e+02;2.625708471071819190e+02
9.339999999999999858e+00;-4.476544690322639686e-01;8.849764930366953442e-01;-1.359420502653333074e+02;2.657583252613972604e+02
9.342000000000000526e+00;-4.318778461301574501e-01;8.965960739855833861e-01;-1.303077621077225388e+02;2.684601514615478663e+02
9.343999999999999417e+00;-4.097621678561078618e-01;9.050214961407165859e-01;-1.241404043175653413e+02;2.715882088950772868e+02
9.346000000000000085e+00;-3.866097350363997820e-01;9.131865760011745881e-01;-1.180822169770279260e+02;2.742479903433248865e+02
9.348000000000000753e+00;-3.652218544007811984e-01;9.219916452660310568e-01;-1.122981227414966270e+02;2.768707324944503512e+02
9.349999999999999645e+00;-3.444843893197914175e-01;9.303934410261746057e-01;-1.060057978202350739e+02;2.793078371667246529e+02
9.352000000000000313e+00;-3.246551252664925946e-01;9.384859673039256389e-01;-9.992647537438037375e+01;2.817535174419082296e+02
9.353999999999999204e+00;-3.024507010638102789e-01;9.441049472217291072e-01;-9.360882169993355717e+01;2.840390437614733514e+02
9.355999999999999872e+00;-2.808227061534660507e-01;9.524914637502472914e-01;-8.751725291455915112e+01;2.861935946566051143e+02
9.358000000000000540e+00;-2.618574075432882342e-01;9.593535990132255886e-01;-8.136975459929320209e+01;2.880074807435220237e+02
9.359999999999999432e+00;-2.411741132878632565e-01;9.667878467407311494e-01;-7.494396486196404794e+01;2.896815911324523540e+02
9.362000000000000099e+00;-2.188986354835934789e-01;9.711438724821785939e-01;-6.847897895573527194e+01;2.915025226162823628e+02
9.364000000000000767e+00;-1.971963837274084419e-01;9.751954197739964858e-01;-6.216480068391895486e+01;2.929464228116306685e+02
9.365999999999999659e+00;-1.745781952106618684e-01;9.792891286825591290e-01;-5.581312472910676803e+01;2.942640909601676640e+02
9.368000000000000327e+00;-1.510765324271434729e-01;9.821974148497794044e-01;-4.944446261398891806e+01;2.957569645508911549e+02
9.369999999999999218e+00;-1.328557046089859084e-01;9.881485463361874277e-01;-4.282126691897009607e+01;2.965626491210895779e+02
9.371999999999999886e+00;-1.074891097080929170e-01;9.884247468311881946e-01;-3.631444083704877812e+01;2.978068904163298498e+02
9.374000000000000554e+00;-8.934978486629295558e-02;9.941591632316354454e-01;-2.992332206374347692e+01;2.984618001697946283e+02
9.375999999999999446e+00;-6.536018503284074521e-02;9.944970534092518744e-01;-2.329760839713444653e+01;2.991636593576981227e+02
9.378000000000000114e+00;-4.226829807300005321e-02;9.948444658209947278e-01;-1.670908172477231801e+01;2.999520030639517927e+02
9.380000000000000782e+00;-2.140303413195502810e-02;9.964026575359195004e-01;-1.014194512689591043e+01;3.001190641748877397e+02
9.381999999999999673e+00;1.682037310834962746e-03;9.989936197699943454e-01;-3.610667207203131390e+00;3.005337237148617078e+02
9.384000000000000341e+00;2.246962720559617793e-02;9.987136194733364780e-01;3.161604326546287425e+00;3.004822649622334438e+02
9.385999999999999233e+00;4.586893110657690870e-02;9.973932318199209002e-01;9.539175820511250237e+00;3.005381982498042248e+02
9.387999999999999901e+00;7.153163638492812670e-02;9.958525471443350208e-01;1.584584451553430640e+01;3.005068744368726357e+02
9.390000000000000568e+00;8.686106714559620190e-02;9.974644009825990310e-01;2.252558877596153053e+01;3.000825201865461054e+02
9.391999999999999460e+00;1.109597198310667554e-01;9.949469472283130056e-01;2.915461628099013325e+01;2.997416812486562776e+02
9.394000000000000128e+00;1.325375379046937474e-01;9.909152444100250978e-01;3.595293445022650758e+01;2.989630266847269695e+02
9.396000000000000796e+00;1.506960234903574891e-01;9.896981390316037519e-01;4.220279164811299921e+01;2.982178899996514474e+02
9.397999999999999687e+00;1.771088247012906902e-01;9.847677652533788351e-01;4.850764227672353002e+01;2.976763591911911817e+02
9.400000000000000355e+00;1.959885999441476900e-01;9.816813342736979697e-01;5.521887589774233618e+01;2.965566807634967290e+02
9.401999999999999247e+00;2.180147527720453782e-01;9.771830188922019378e-01;6.155925347215831067e+01;2.953309744979637799e+02
9.403999999999999915e+00;2.371896916626114460e-01;9.744182514633481507e-01;6.798379040732967837e+01;2.940037041363808044e+02
9.406000000000000583e+00;2.616690051222895219e-01;9.683928097473085694e-01;7.444699939858477933e+01;2.926770571738841227e+02
9.407999999999999474e+00;2.833914733808436393e-01;9.620019833052951830e-01;8.066027907452350121e+01;2.912861093051722037e+02
9.410000000000000142e+00;3.010038655808991992e-01;9.578889891773849641e-01;8.680644083007931044e+01;2.894808273566940784e+02
9.412000000000000810e+00;3.212033320361549205e-01;9.529807734111395146e-01;9.318283098772963058e+01;2.877425033264010494e+02
9.413999999999999702e+00;3.400374103312249763e-01;9.467818521352704408e-01;9.952891545053320499e+01;2.855015735316534915e+02
9.416000000000000369e+00;3.634085620524341032e-01;9.379539829445985299e-01;1.056363022265385752e+02;2.836276621155208204e+02
9.417999999999999261e+00;3.858482871362521327e-01;9.280614137018821097e-01;1.116922354523567691e+02;2.815347206419476151e+02
9.419999999999999929e+00;4.054186595127551307e-01;9.213798444510679087e-01;1.179228568746713819e+02;2.788388231444605481e+02
9.422000000000000597e+00;4.254121632271107845e-01;9.132186740037055994e-01;1.239125898357329163e+02;2.764748492863622005e+02
9.423999999999999488e+00;4.412736056976814258e-01;9.045588915789913864e-01;1.299449307966031029e+02;2.738281284521826819e+02
9.426000000000000156e+00;4.625703466557385402e-01;8.945463995699813875e-01;1.359557334557581783e+02;2.709971690094182009e+02
9.428000000000000824e+00;4.797160950101834187e-01;8.846673113052663240e-01;1.415104105117976303e+02;2.682934977193810369e+02
9.429999999999999716e+00;4.997118341726337620e-01;8.734267605323406958e-01;1.473064578989880147e+02;2.651797756488673485e+02
9.432000000000000384e+00;5.196619037827353571e-01;8.621341336736216832e-01;1.531479089074593958e+02;2.621529409296241511e+02
9.433999999999999275e+00;5.378071413782392618e-01;8.507487524228825038e-01;1.588706673575110813e+02;2.587449733687108733e+02
9.435999999999999943e+00;5.578134024387365608e-01;8.388474161740611112e-01;1.643860401380489407e+02;2.556848187571878839e+02
9.438000000000000611e+00;5.757183341942578858e-01;8.284998293539744818e-01;1.696197514518267440e+02;2.519120177566991856e+02
9.439999999999999503e+00;5.947670261496958988e-01;8.150501207430460582e-01;1.751228808591619668e+02;2.483636283405069776e+02
9.442000000000000171e+00;6.135624993510772063e-01;8.015075226973790157e-01;1.806577319026577868e+02;2.447958062498995844e+02
9.444000000000000838e+00;6.279753113649312324e-01;7.904107107399708232e-01;1.857518885122512984e+02;2.408537887663963488e+02
9.445999999999999730e+00;6.427924240345865847e-01;7.761527207135385797e-01;1.908816674321107030e+02;2.368076523623780361e+02
9.448000000000000398e+00;6.596466651336698739e-01;7.639285609519583797e-01;1.958834134607018882e+02;2.327426477801379008e+02
9.449999999999999289e+00;6.759638328470043422e-01;7.486106993193557546e-01;2.011015034454482588e+02;2.284978149468012703e+02
9.451999999999999957e+00;6.941912514238732790e-01;7.329354950758862897e-01;2.060490472752961182e+02;2.242827655694019029e+02
9.454000000000000625e+00;7.102651455759778631e-01;7.177431810204788487e-01;2.107016373967078948e+02;2.199799300612371553e+02
9.455999999999999517e+00;7.256239945126944368e-01;7.021525358384084203e-01;2.153636395360925349e+02;2.153307023169659828e+02
9.458000000000000185e+00;7.409340539128479453e-01;6.835248982275532459e-01;2.199497203318535981e+02;2.108873527762193589e+02
9.460000000000000853e+00;7.546158152602366886e-01;6.687367580945372536e-01;2.244943202631737336e+02;2.062691471321134884e+02
9.461999999999999744e+00;7.701382454659099208e-01;6.525011177817812147e-01;2.288874902186823874e+02;2.012765285491455813e+02
9.464000000000000412e+00;7.829236384072066901e-01;6.363679332975455960e-01;2.329318713742526654e+02;1.965701038033671750e+02
9.465999999999999304e+00;7.939787730315664982e-01;6.206511369527955013e-01;2.373067489187255319e+02;1.913953419051919980e+02
9.467999999999999972e+00;8.092702696509531668e-01;6.023910651787789394e-01;2.413009922343480014e+02;1.863733322467777782e+02
9.470000000000000639e+00;8.208069349293424244e-01;5.855965035646819583e-01;2.451435160138807134e+02;1.812722544079778118e+02
9.471999999999999531e+00;8.329118345113013522e-01;5.677515688889303025e-01;2.491161285714153166e+02;1.760590862952801672e+02
9.474000000000000199e+00;8.456653780650367214e-01;5.487519655567356658e-01;2.529087774132972299e+02;1.706827098002192713e+02
9.476000000000000867e+00;8.554149735551204170e-01;5.316674246732846498e-01;2.565895912590782473e+02;1.652655304805912522e+02
9.477999999999999758e+00;8.651604304949961355e-01;5.128340252551827350e-01;2.601541637037032615e+02;1.598931516862287481e+02
9.480000000000000426e+00;8.781919500592261230e-01;4.953083558691893096e-01;2.634721046794194308e+02;1.543042024035906934e+02
9.481999999999999318e+00;8.877426018586875855e-01;4.761878774468617515e-01;2.665943334292769578e+02;1.486008303787026250e+02
9.483999999999999986e+00;8.950423851885593862e-01;4.598963021794028050e-01;2.698161787900197623e+02;1.426770184825078047e+02
9.486000000000000654e+00;9.030004964775875109e-01;4.393354750649091645e-01;2.729922572665137182e+02;1.370588976865526831e+02
9.487999999999999545e+00;9.114725994363970241e-01;4.220807712581152726e-01;2.756108687100089583e+02;1.313872935801481390e+02
9.490000000000000213e+00;9.212437115170388768e-01;4.014689907113499490e-01;2.784998128338469883e+02;1.255344148121372712e+02
9.492000000000000881e+00;9.285290124799114864e-01;3.823587462512262336e-01;2.811094557664411013e+02;1.195528660800786867e+02
9.493999999999999773e+00;9.369975537934568388e-01;3.636904286894870331e-01;2.836089465323460672e+02;1.134231069265925527e+02
9.496000000000000441e+00;9.430561380480944056e-01;3.433780754919573130e-01;2.859068775562125211e+02;1.072511813620576930e+02
9.497999999999999332e+00;9.475344269321480661e-01;3.245237379044720316e-01;2.881975440054117712e+02;1.011289209515798291e+02
9.500000000000000000e+00;9.573464686691556258e-01;3.036075891682783467e-01;2.904258905225987064e+02;9.507894813855169502e+01
9.502000000000000668e+00;9.618392336713859070e-01;2.848608863208593744e-01;2.925986759072818018e+02;8.876503137134069732e+01
9.503999999999999559e+00;9.680311534515515515e-01;2.639057174036832931e-01;2.943680388017807559e+02;8.264465714933780305e+01
9.506000000000000227e+00;9.723279396863269142e-01;2.452462589800502857e-01;2.958761771125612086e+02;7.615352878975511430e+01
9.507999999999999119e+00;9.744205845258948617e-01;2.256335931956549301e-01;2.975245147583856351e+02;6.995391846467296659e+01
9.509999999999999787e+00;9.833631622779147596e-01;2.043391494832431099e-01;2.988902043149171845e+02;6.390593393164171232e+01
9.512000000000000455e+00;9.855703376716631325e-01;1.847233276372199640e-01;3.004688849532587369e+02;5.722614445806691208e+01
9.513999999999999346e+00;9.893013639173091622e-01;1.650014688836600740e-01;3.015607924184899389e+02;5.086518462417005537e+01
9.516000000000000014e+00;9.911137126244247142e-01;1.461999814129223974e-01;3.026458775809761619e+02;4.438130742918101390e+01
9.518000000000000682e+00;9.904921937408401877e-01;1.276112325922349744e-01;3.036031059711608009e+02;3.775274159723797140e+01
9.519999999999999574e+00;9.930656010613890805e-01;1.080943968745597117e-01;3.043122342215127674e+02;3.133183569438954308e+01
9.522000000000000242e+00;9.966409143388654801e-01;8.746946049117701460e-02;3.048579570996968187e+02;2.500499694248308202e+01
9.523999999999999133e+00;9.950977396793974084e-01;6.819813793105854172e-02;3.054868056833185506e+02;1.845162125718034574e+01
9.525999999999999801e+00;1.000625538129839898e+00;4.739040933194822725e-02;3.058706202508965362e+02;1.189007844696642202e+01
9.528000000000000469e+00;9.974372653561683899e-01;2.826698326833212288e-02;3.060398815993020207e+02;5.254198646706345954e+00
9.529999999999999361e+00;1.000062261977621603e+00;3.795383039809573870e-03;3.063546361669628482e+02;-1.402497614778304591e+00
9.532000000000000028e+00;9.963177598547583447e-01;-1.449777144155311656e-02;3.064251575133653773e+02;-8.149925819302808350e+00
9.534000000000000696e+00;9.950141247627698471e-01;-3.346455627986653913e-02;3.060866482648834221e+02;-1.446195209652348090e+01
9.535999999999999588e+00;9.967993020284910966e-01;-5.381531194582642869e-02;3.056189532497342043e+02;-2.093308002137093382e+01
9.538000000000000256e+00;9.920793801897289654e-01;-7.214261217906375867e-02;3.051274715394946497e+02;-2.732467949153028286e+01
9.539999999999999147e+00;9.951211862393108953e-01;-9.367007483176356675e-02;3.046396715046496979e+02;-3.380073157362444647e+01
9.541999999999999815e+00;9.949329514913813899e-01;-1.143292064244202655e-01;3.037538461129507823e+02;-4.035812365520531841e+01
9.544000000000000483e+00;9.927176716370273990e-01;-1.352921336379832584e-01;3.031738895661848119e+02;-4.666429123335727525e+01
9.545999999999999375e+00;9.858839137210383408e-01;-1.528953420380026740e-01;3.020524769648873189e+02;-5.329913450008966436e+01
9.548000000000000043e+00;9.841973061574151860e-01;-1.735730990805193774e-01;3.008417838346618964e+02;-5.949013695520179823e+01
9.550000000000000711e+00;9.769461765903797446e-01;-1.913534586078272925e-01;2.996130884858235390e+02;-6.620814571968833206e+01
9.551999999999999602e+00;9.749455132709290428e-01;-2.113349359237445546e-01;2.980988982020706430e+02;-7.245446161806864893e+01
9.554000000000000270e+00;9.694337845276171928e-01;-2.288025117269558706e-01;2.966766057726769645e+02;-7.883808349486130851e+01
9.555999999999999162e+00;9.625888852299642195e-01;-2.493660375073043500e-01;2.951544770480379043e+02;-8.502898368493890757e+01
9.557999999999999829e+00;9.568881076362352189e-01;-2.682936664965848705e-01;2.932611118406981063e+02;-9.136155685028560924e+01
9.560000000000000497e+00;9.551573843956033816e-01;-2.882494601643796339e-01;2.913123202437269583e+02;-9.751411920248361298e+01
9.561999999999999389e+00;9.486374610753113279e-01;-3.079118052982522391e-01;2.892634400622579278e+02;-1.036842743453910316e+02
9.564000000000000057e+00;9.438504412646079311e-01;-3.294646140142794000e-01;2.871902867652593159e+02;-1.096691773333592863e+02
9.566000000000000725e+00;9.356750324013605180e-01;-3.492414855395972184e-01;2.846880298270877461e+02;-1.156122901314281961e+02
9.567999999999999616e+00;9.284954113667451825e-01;-3.661882596204343865e-01;2.821441668346535607e+02;-1.219624784074940465e+02
9.570000000000000284e+00;9.219257458496628033e-01;-3.854817510497962618e-01;2.795221661015886525e+02;-1.276800118977389786e+02
9.571999999999999176e+00;9.118994327024735336e-01;-4.022732837845361398e-01;2.767661014776261936e+02;-1.334735295734903957e+02
9.573999999999999844e+00;9.031806999016355197e-01;-4.219580383926217482e-01;2.741463270515843647e+02;-1.396639981968720861e+02
9.576000000000000512e+00;8.955873282871082974e-01;-4.395876380706212894e-01;2.711576837255050236e+02;-1.451254378903989561e+02
9.577999999999999403e+00;8.884148882331377450e-01;-4.597586061485262610e-01;2.677566021425944882e+02;-1.506695464430902973e+02
9.580000000000000071e+00;8.760107440983400107e-01;-4.767751118957621048e-01;2.645930075137135873e+02;-1.565263118014363499e+02
9.582000000000000739e+00;8.674422660244879291e-01;-4.961706893671142815e-01;2.614514872053775321e+02;-1.621709310662909900e+02
9.583999999999999631e+00;8.591336185294125016e-01;-5.145102806630257319e-01;2.580627176171756787e+02;-1.673712744702447139e+02
9.586000000000000298e+00;8.428149972094372000e-01;-5.293768005527754728e-01;2.544033761365682835e+02;-1.731664347474111310e+02
9.587999999999999190e+00;8.302398201057499261e-01;-5.470088014054240722e-01;2.509069540557987352e+02;-1.784350419422110576e+02
9.589999999999999858e+00;8.191789479285963571e-01;-5.649527017430808762e-01;2.471539302563948581e+02;-1.837718211724734090e+02
9.592000000000000526e+00;8.098253169314407751e-01;-5.828966344125633414e-01;2.429571255210719869e+02;-1.888376793102090119e+02
9.593999999999999417e+00;7.996469005396384944e-01;-6.010262748965555790e-01;2.388611136836594540e+02;-1.938976417899594651e+02
9.596000000000000085e+00;7.865969679501610967e-01;-6.166118801921147696e-01;2.346767948076060293e+02;-1.986629991132269311e+02
9.598000000000000753e+00;7.697346894417933516e-01;-6.321850407811842043e-01;2.304909095539889279e+02;-2.037178844681483838e+02
9.599999999999999645e+00;7.596715918592331640e-01;-6.504571073627064548e-01;2.261387779348110598e+02;-2.083624244600725319e+02
9.602000000000000313e+00;7.454697231706768346e-01;-6.677396360752838600e-01;2.217258460822533834e+02;-2.130788930982078568e+02
9.603999999999999204e+00;7.302808868670164211e-01;-6.831471195773702876e-01;2.173104994566112964e+02;-2.178111947693351738e+02
9.605999999999999872e+00;7.136090302062029211e-01;-6.976525294674156275e-01;2.126761911359354258e+02;-2.223919588886759300e+02
9.608000000000000540e+00;7.019921051723874150e-01;-7.135489857932870716e-01;2.077740066250851214e+02;-2.264637322642215054e+02
9.609999999999999432e+00;6.806953553255611356e-01;-7.279522670971380061e-01;2.027671560138184077e+02;-2.309822515166331982e+02
9.612000000000000099e+00;6.672184819542110734e-01;-7.426720086900165940e-01;1.979300948134780356e+02;-2.350942663558028016e+02
9.614000000000000767e+00;6.524963748819410103e-01;-7.577994447058220562e-01;1.926912095428658631e+02;-2.390984638724360707e+02
9.615999999999999659e+00;6.335892451010936011e-01;-7.697056207764249036e-01;1.876679934537041845e+02;-2.431716623314791832e+02
9.618000000000000327e+00;6.165732181369152354e-01;-7.812348954624188657e-01;1.821960042431089164e+02;-2.471043159713040893e+02
9.619999999999999218e+00;6.001068228537687066e-01;-7.956646736299214373e-01;1.770382120242071835e+02;-2.509903996705571103e+02
9.621999999999999886e+00;5.836877300435124871e-01;-8.085824458968167150e-01;1.715530734315421171e+02;-2.544722758064238803e+02
9.624000000000000554e+00;5.632796205329438921e-01;-8.212621024155748461e-01;1.662636326255588415e+02;-2.580486388629703924e+02
9.625999999999999446e+00;5.479510062246346624e-01;-8.329860280712011456e-01;1.606293533832660785e+02;-2.613879670093734831e+02
9.628000000000000114e+00;5.276665028866188711e-01;-8.440056143171388303e-01;1.549967992042525680e+02;-2.648239919822513002e+02
9.630000000000000782e+00;5.124952299850109583e-01;-8.559298670677879528e-01;1.490791981558483599e+02;-2.679018566818028262e+02
9.631999999999999673e+00;4.913075991777073881e-01;-8.679816743665604850e-01;1.435277450376598267e+02;-2.708211619864636646e+02
9.634000000000000341e+00;4.741112577420092400e-01;-8.781928812139809803e-01;1.377236192840422291e+02;-2.737599430767292006e+02
9.635999999999999233e+00;4.540912562681224673e-01;-8.888189254595675326e-01;1.317292375595824581e+02;-2.766444820983359705e+02
9.637999999999999901e+00;4.333784351186892314e-01;-8.974544813453972925e-01;1.257246066817022410e+02;-2.791899676889370880e+02
9.640000000000000568e+00;4.165103189835044906e-01;-9.064400396941856286e-01;1.197882019230836477e+02;-2.816531069758021317e+02
9.641999999999999460e+00;3.947433846280272163e-01;-9.143414753113237037e-01;1.137512160420047138e+02;-2.843128251476761079e+02
9.644000000000000128e+00;3.717888953588953660e-01;-9.209367058110073945e-01;1.073895942166113429e+02;-2.865043962531229909e+02
9.646000000000000796e+00;3.568872270693480009e-01;-9.315241615865229585e-01;1.013128591419048519e+02;-2.885491777995494544e+02
9.647999999999999687e+00;3.329573074720560966e-01;-9.381020788572559388e-01;9.516503407205871667e+01;-2.906040164649380131e+02
9.650000000000000355e+00;3.121532580330773632e-01;-9.450294053146753859e-01;8.870307135915660979e+01;-2.925344292259972576e+02
9.651999999999999247e+00;2.924015363615148355e-01;-9.511207234711230862e-01;8.251053543736358620e+01;-2.942899653150960830e+02
9.653999999999999915e+00;2.724910273778432535e-01;-9.575967608156696897e-01;7.610658385240765256e+01;-2.958751497182356047e+02
9.656000000000000583e+00;2.540255410539469794e-01;-9.650844890465540837e-01;6.979181159973700233e+01;-2.971392806821105523e+02
9.657999999999999474e+00;2.270327817018025773e-01;-9.676414272757849488e-01;6.327848822335516843e+01;-2.989921641561012393e+02
9.660000000000000142e+00;2.101862202186240425e-01;-9.753099432338195873e-01;5.677818461928985982e+01;-2.997792779094368143e+02
9.662000000000000810e+00;1.861909180943162878e-01;-9.768595836294133861e-01;5.013529836390529937e+01;-3.010281412443777072e+02
9.663999999999999702e+00;1.715740426649247641e-01;-9.846780164790474021e-01;4.386925836225223918e+01;-3.019480061625623648e+02
9.666000000000000369e+00;1.445273181229781989e-01;-9.867661221894469259e-01;3.716894832138806493e+01;-3.029591039346188381e+02
9.667999999999999261e+00;1.236684336512474669e-01;-9.877727442989252538e-01;3.052434024551140368e+01;-3.034312161177062990e+02
9.669999999999999929e+00;1.018262604664750687e-01;-9.923418844937282879e-01;2.417838152685417441e+01;-3.039322573410092332e+02
9.672000000000000597e+00;8.899079473904414339e-02;-9.964899920118777121e-01;1.714402488165548988e+01;-3.040680925448867811e+02
9.673999999999999488e+00;6.386343111223470592e-02;-9.963830516945370031e-01;1.058402297988316398e+01;-3.043464350007779444e+02
9.676000000000000156e+00;3.872661319763168880e-02;-9.971820839814272697e-01;4.344999513381292644e+00;-3.048014210249650091e+02
9.678000000000000824e+00;2.181515441895198748e-02;-1.001217274713781080e+00;-2.333361847019182367e+00;-3.044340203163420711e+02
9.679999999999999716e+00;-1.559796455824487543e-03;-1.001228116402580026e+00;-9.197534264727618591e+00;-3.043783524002261629e+02
9.682000000000000384e+00;-2.260287994301242095e-02;-1.002126171064103399e+00;-1.574420199541438059e+01;-3.040992672540385229e+02
9.683999999999999275e+00;-4.818105128308325380e-02;-1.001457990794284214e+00;-2.215334617718068699e+01;-3.036041681364040414e+02
9.685999999999999943e+00;-6.772287592282399959e-02;-1.002059793125176679e+00;-2.880023958041844523e+01;-3.029509395807713759e+02
9.688000000000000611e+00;-9.228222410978169366e-02;-9.977708215601550634e-01;-3.541158904665632434e+01;-3.025456186308649080e+02
9.689999999999999503e+00;-1.080773871357969262e-01;-9.998322839658007055e-01;-4.191162076755257715e+01;-3.014372272182072834e+02
9.692000000000000171e+00;-1.342307083137658785e-01;-9.945749096761631325e-01;-4.850760330348951044e+01;-3.005440555816380765e+02
9.694000000000000838e+00;-1.502507085736734249e-01;-9.950593077931246810e-01;-5.484376978833502392e+01;-2.993203806431790213e+02
9.695999999999999730e+00;-1.767988645955587690e-01;-9.903318305942979682e-01;-6.147698541296064434e+01;-2.980980604490450787e+02
9.698000000000000398e+00;-1.954063417217746790e-01;-9.855931514475662070e-01;-6.795010657205034477e+01;-2.963014961077846579e+02
9.699999999999999289e+00;-2.175478640336082348e-01;-9.826245289401642768e-01;-7.412537578722754006e+01;-2.949830489551025039e+02
9.701999999999999957e+00;-2.396063864956828326e-01;-9.783561354529446419e-01;-8.066925700760830864e+01;-2.936146763739057519e+02
9.704000000000000625e+00;-2.600930042507425544e-01;-9.744718527678715159e-01;-8.689020366304384879e+01;-2.917631950075811460e+02
9.705999999999999517e+00;-2.796532868571077746e-01;-9.687473201383600685e-01;-9.312554997869705176e+01;-2.897940121677166871e+02
9.708000000000000185e+00;-3.004966985828411152e-01;-9.626496988228476770e-01;-9.952795585158669667e+01;-2.876647077627782778e+02
9.710000000000000853e+00;-3.192616191757416400e-01;-9.582668128484058689e-01;-1.056716136656239513e+02;-2.853499314235754127e+02
9.711999999999999744e+00;-3.412257883265683578e-01;-9.531262686471961842e-01;-1.117281275626791910e+02;-2.830897426704022450e+02
9.714000000000000412e+00;-3.647203010715098781e-01;-9.429725582628325498e-01;-1.179499461545194237e+02;-2.807131303718655317e+02
9.715999999999999304e+00;-3.881029823167739812e-01;-9.342857067073410127e-01;-1.237716293605260489e+02;-2.781151474543491986e+02
9.717999999999999972e+00;-4.033811785869075850e-01;-9.293900265947984130e-01;-1.298400687947126357e+02;-2.752294373235075682e+02
9.720000000000000639e+00;-4.277611115352069615e-01;-9.214251276596655549e-01;-1.357041042267661055e+02;-2.724443204942745638e+02
9.721999999999999531e+00;-4.455402079226710166e-01;-9.107731006374188976e-01;-1.416114797838658319e+02;-2.695126896836985111e+02
9.724000000000000199e+00;-4.638422694579253935e-01;-9.022067196708201120e-01;-1.473272920599697215e+02;-2.664315140118339400e+02
9.726000000000000867e+00;-4.869954746701671833e-01;-8.929685479181648233e-01;-1.530621992920693231e+02;-2.633250363075497376e+02
9.727999999999999758e+00;-5.078777897829016563e-01;-8.816905093912156266e-01;-1.585859596340322355e+02;-2.600427927093763856e+02
9.730000000000000426e+00;-5.255725189882773929e-01;-8.702193192680682809e-01;-1.643211854089735198e+02;-2.566241623474580251e+02
9.731999999999999318e+00;-5.412480598323312631e-01;-8.595758756513580678e-01;-1.699123782711892829e+02;-2.527910679498446314e+02
9.733999999999999986e+00;-5.629803682425509326e-01;-8.475566486732354354e-01;-1.749357425204042045e+02;-2.492983425659298007e+02
9.736000000000000654e+00;-5.814554513000170788e-01;-8.346846419421577457e-01;-1.803356072273505788e+02;-2.453558487124439580e+02
9.737999999999999545e+00;-6.017245840039865401e-01;-8.222053470155105126e-01;-1.855885530700791719e+02;-2.414727192328883234e+02
9.740000000000000213e+00;-6.193323503521375173e-01;-8.094553453852544322e-01;-1.906169978149123381e+02;-2.374452861160129373e+02
9.742000000000000881e+00;-6.378335175382572331e-01;-7.953615461781882168e-01;-1.955672540017549181e+02;-2.335488614229475388e+02
9.743999999999999773e+00;-6.507273049049584479e-01;-7.829192799891953047e-01;-2.004852463213181295e+02;-2.290243451011672278e+02
9.746000000000000441e+00;-6.708334601288643562e-01;-7.689304654063978672e-01;-2.052738962163853671e+02;-2.249047455333059986e+02
9.747999999999999332e+00;-6.853425796436732886e-01;-7.554288731300047299e-01;-2.100242879637310125e+02;-2.202238575992682854e+02
9.750000000000000000e+00;-7.017231875835610033e-01;-7.391089829277894818e-01;-2.147432252816935829e+02;-2.157089557506055257e+02
9.752000000000000668e+00;-7.214360202959159141e-01;-7.209457635083728055e-01;-2.193501976819282788e+02;-2.110470374668564943e+02
9.753999999999999559e+00;-7.357669650361760016e-01;-7.060434047401030755e-01;-2.237121416994065441e+02;-2.064286647233513179e+02
9.756000000000000227e+00;-7.514730826532061148e-01;-6.898242004559698159e-01;-2.280555568434942018e+02;-2.013065275868769390e+02
9.757999999999999119e+00;-7.652167920586131489e-01;-6.732420447622752269e-01;-2.322909800459575820e+02;-1.966039797123166295e+02
9.759999999999999787e+00;-7.796445066324438899e-01;-6.550699174941696512e-01;-2.362155874091066323e+02;-1.915365413486760815e+02
9.762000000000000455e+00;-7.964652445216447996e-01;-6.369455042076238582e-01;-2.402893726778304426e+02;-1.864497392137444365e+02
9.763999999999999346e+00;-8.076017825833797792e-01;-6.208410322933284320e-01;-2.441667092534572987e+02;-1.810995021123412130e+02
9.766000000000000014e+00;-8.212655825089856254e-01;-6.029474204502323076e-01;-2.478883095429982291e+02;-1.758203916670632623e+02
9.768000000000000682e+00;-8.302078283105744916e-01;-5.857494811345478336e-01;-2.516741607091009882e+02;-1.704439596667589569e+02
9.769999999999999574e+00;-8.443555284771969704e-01;-5.647938022759022569e-01;-2.549884773581416937e+02;-1.648225881138900206e+02
9.772000000000000242e+00;-8.561931094189187963e-01;-5.455018679549299421e-01;-2.584699645341332825e+02;-1.595031920904335436e+02
9.774000000000000909e+00;-8.694041047047218473e-01;-5.260073020466859983e-01;-2.617135386647677819e+02;-1.539155820361687006e+02
9.775999999999999801e+00;-8.798373234948504429e-01;-5.068854632843425856e-01;-2.648572817016728891e+02;-1.482643206826446090e+02
9.778000000000000469e+00;-8.898861607445299748e-01;-4.864910733642167640e-01;-2.678203558945953091e+02;-1.424233705484322741e+02
9.779999999999999361e+00;-8.978285067100676420e-01;-4.690067519588122513e-01;-2.707556923938994373e+02;-1.366672410819244874e+02
9.782000000000000028e+00;-9.091659928355870779e-01;-4.478503797739248893e-01;-2.734475880692235137e+02;-1.308579549645028806e+02
9.784000000000000696e+00;-9.201965313884876707e-01;-4.274426694147776540e-01;-2.759830390103692821e+02;-1.251756518723047691e+02
9.785999999999999588e+00;-9.280367084334353311e-01;-4.059315351963032059e-01;-2.784700151319674433e+02;-1.191572697015172935e+02
9.788000000000000256e+00;-9.338872311004312587e-01;-3.851342978090684377e-01;-2.810306144440158960e+02;-1.127223619271753421e+02
9.789999999999999147e+00;-9.438614673459525539e-01;-3.649765890593278383e-01;-2.831339464662253818e+02;-1.068845425727991625e+02
9.791999999999999815e+00;-9.475375524351992151e-01;-3.452928950152409082e-01;-2.852758067436639635e+02;-1.007788800534883222e+02
9.794000000000000483e+00;-9.566706281274521828e-01;-3.222293275940432133e-01;-2.873791298168712274e+02;-9.451874317214458188e+01
9.795999999999999375e+00;-9.607583351484594303e-01;-3.003439217286145158e-01;-2.891093831213025851e+02;-8.807555840632451805e+01
9.798000000000000043e+00;-9.641389359639926937e-01;-2.806913627749726414e-01;-2.907181612828484845e+02;-8.181002913236473262e+01
9.800000000000000711e+00;-9.761654751300516963e-01;-2.562820725936349464e-01;-2.924351973354416145e+02;-7.564565990643436066e+01
9.801999999999999602e+00;-9.785314335829731203e-01;-2.382845048475716876e-01;-2.936777288529886505e+02;-6.923066684141427629e+01
9.804000000000000270e+00;-9.814461545055432889e-01;-2.155228592530925857e-01;-2.949193703391823078e+02;-6.290943005885957007e+01
9.805999999999999162e+00;-9.887165994003564995e-01;-1.920260846919524533e-01;-2.961429291018208687e+02;-5.666247928815984380e+01
9.807999999999999829e+00;-9.858794939730428641e-01;-1.735464292562860500e-01;-2.974800071194759425e+02;-4.983476751677233096e+01
9.810000000000000497e+00;-9.904686250753422794e-01;-1.508931048911769657e-01;-2.981679309920417040e+02;-4.336347536488954546e+01
9.811999999999999389e+00;-9.934483108376866989e-01;-1.292692070230365142e-01;-2.990853392852239381e+02;-3.697644852677575500e+01
9.814000000000000057e+00;-9.938350633303221215e-01;-1.071874121363891874e-01;-2.994823357750618129e+02;-3.059400332104349474e+01
9.816000000000000725e+00;-9.922021106155198833e-01;-8.653758786254835134e-02;-2.999660397183153009e+02;-2.367294079722023170e+01
9.817999999999999616e+00;-9.979484933642999156e-01;-6.404119563458156306e-02;-3.002628290101652624e+02;-1.734350506026009242e+01
9.820000000000000284e+00;-1.000289274781380966e+00;-4.099209496685268794e-02;-3.003076838060150067e+02;-1.100908694528949283e+01
9.821999999999999176e+00;-9.966255643913157769e-01;-2.023416134223255530e-02;-3.000206136440749560e+02;-4.236991875449616529e+00
9.823999999999999844e+00;-1.000157677017199820e+00;3.378712473139763341e-03;-3.003256250951620814e+02;2.180973124411326403e+00
9.826000000000000512e+00;-9.974388139153521626e-01;2.526658203826718380e-02;-2.997492343162431325e+02;8.927388664501304305e+00
9.827999999999999403e+00;-9.932925152671169267e-01;4.803940454960407835e-02;-2.998172676486009891e+02;1.573274642535280066e+01
9.830000000000000071e+00;-9.889230864488075534e-01;6.920140870603293248e-02;-2.990367387427132826e+02;2.250588315809272189e+01
9.832000000000000739e+00;-9.914836773143547166e-01;9.196563729086247585e-02;-2.983952354803274147e+02;2.876873142848497267e+01
9.833999999999999631e+00;-9.869931539271098453e-01;1.147461008313000741e-01;-2.975345952707810966e+02;3.517384865922068826e+01
9.836000000000000298e+00;-9.823839274726783310e-01;1.344520278922533008e-01;-2.965819080050836192e+02;4.170686332133816165e+01
9.837999999999999190e+00;-9.764650056618278118e-01;1.533649092351614673e-01;-2.955491185183772131e+02;4.856641846602640555e+01
9.839999999999999858e+00;-9.740234646186692880e-01;1.770669792998588732e-01;-2.943643871806251582e+02;5.466177245705218724e+01
9.842000000000000526e+00;-9.742257929813840089e-01;2.005412634110130266e-01;-2.928982643377158865e+02;6.120470645465938730e+01
9.843999999999999417e+00;-9.644719606127472034e-01;2.190401088314084532e-01;-2.913833082127653711e+02;6.784363331675628217e+01
9.846000000000000085e+00;-9.592185222191570437e-01;2.410366359173312656e-01;-2.895845571343394909e+02;7.407725998529410560e+01
9.848000000000000753e+00;-9.527206135159556055e-01;2.608024280678079565e-01;-2.880190223188514551e+02;8.025776451352763274e+01
9.849999999999999645e+00;-9.449718582823249946e-01;2.823267301340872670e-01;-2.859427800164527866e+02;8.675004499536711933e+01
9.852000000000000313e+00;-9.448021753665114542e-01;3.044483751686711259e-01;-2.839148243837031487e+02;9.261199403908508998e+01
9.853999999999999204e+00;-9.317608165338902015e-01;3.244251004580607778e-01;-2.816498979238902507e+02;9.919859069995382583e+01
9.855999999999999872e+00;-9.290826959050189071e-01;3.465428846008823949e-01;-2.793643038999942974e+02;1.049901122492367875e+02
9.858000000000000540e+00;-9.155065502291870327e-01;3.674755090981350891e-01;-2.771674129825602790e+02;1.116775018940865323e+02
9.859999999999999432e+00;-9.098838364353948327e-01;3.892650258060183499e-01;-2.742455886018702813e+02;1.175300204034203517e+02
9.862000000000000099e+00;-8.971646222766889167e-01;4.077903381505807445e-01;-2.716505701151668859e+02;1.234464137464665328e+02
9.864000000000000767e+00;-8.924842688101254362e-01;4.302130871381334987e-01;-2.689537911402157988e+02;1.292965882040002157e+02
9.865999999999999659e+00;-8.796784138099132955e-01;4.502546123385929855e-01;-2.658785453117693010e+02;1.352797070798083610e+02
9.868000000000000327e+00;-8.658030763899671189e-01;4.660321197254435610e-01;-2.628932828974325275e+02;1.412708872195424021e+02
9.869999999999999218e+00;-8.592275328710755611e-01;4.885058616714066382e-01;-2.595705040194253570e+02;1.466336031482359772e+02
9.871999999999999886e+00;-8.479627252144308347e-01;5.077028534395588988e-01;-2.561508198389655604e+02;1.522148635526179419e+02
9.874000000000000554e+00;-8.358825575334165592e-01;5.269931025460186103e-01;-2.527392552831335308e+02;1.580392968217757357e+02
9.875999999999999446e+00;-8.236161625368140227e-01;5.456714745032835712e-01;-2.492532254510691416e+02;1.634405428058227585e+02
9.878000000000000114e+00;-8.094634534162572503e-01;5.629026710790827615e-01;-2.455988506636845727e+02;1.691877216856964878e+02
9.880000000000000782e+00;-7.976831728905682262e-01;5.824086759772776345e-01;-2.417857505201864967e+02;1.744007159835580865e+02
9.881999999999999673e+00;-7.840103029931915213e-01;5.994182483526598881e-01;-2.378356245721014943e+02;1.797515713866596627e+02
9.884000000000000341e+00;-7.703518740523720432e-01;6.190850142946185963e-01;-2.335852643777379285e+02;1.845452519696558511e+02
9.885999999999999233e+00;-7.570681153374974048e-01;6.348981628034374713e-01;-2.294727769179630172e+02;1.899472959886397234e+02
9.887999999999999901e+00;-7.410907651833975596e-01;6.524686994956815367e-01;-2.255704136204442420e+02;1.951253654650103613e+02
9.890000000000000568e+00;-7.279719770279499125e-01;6.694726993084078037e-01;-2.208171028232929984e+02;1.999633236792651303e+02
9.891999999999999460e+00;-7.111132380094751237e-01;6.857336390269026527e-01;-2.164310236500956250e+02;2.047357878179369948e+02
9.894000000000000128e+00;-6.940714981287625651e-01;7.030639460225580617e-01;-2.118631119509999792e+02;2.093423108274669175e+02
9.896000000000000796e+00;-6.815857360253440023e-01;7.205253925657111314e-01;-2.072359457932157056e+02;2.139523702318626306e+02
9.897999999999999687e+00;-6.596964807701934941e-01;7.336668233310252862e-01;-2.024026697957263536e+02;2.189031448280418317e+02
9.900000000000000355e+00;-6.444448196809903218e-01;7.494896467259907213e-01;-1.975251287132667812e+02;2.231724916912816354e+02
9.901999999999999247e+00;-6.297024344265513829e-01;7.647487911427914842e-01;-1.923418177089147889e+02;2.273578081454516564e+02
9.903999999999999915e+00;-6.136795918993094290e-01;7.797729677264277903e-01;-1.874344338960978007e+02;2.314860706430883397e+02
9.906000000000000583e+00;-6.002945013955811593e-01;7.949399978709656978e-01;-1.823674541731358829e+02;2.354674708733412842e+02
9.907999999999999474e+00;-5.742326239375291630e-01;8.048308076600226846e-01;-1.773685324675965092e+02;2.397354871149908035e+02
9.910000000000000142e+00;-5.625841733296189640e-01;8.200775257920543959e-01;-1.717566778466025994e+02;2.432174683820175289e+02
9.912000000000000810e+00;-5.408236934115330241e-01;8.315506794525278078e-01;-1.664632253440697980e+02;2.473931561285906469e+02
9.913999999999999702e+00;-5.245838546159775628e-01;8.442573521252901836e-01;-1.610417229262328647e+02;2.508759274370654566e+02
9.916000000000000369e+00;-5.020108933772946536e-01;8.548479167250537802e-01;-1.553313332104893902e+02;2.546646543891429815e+02
9.917999999999999261e+00;-4.819142692713138665e-01;8.648824699877831756e-01;-1.498106319209779826e+02;2.581946029936295304e+02
9.919999999999999929e+00;-4.621735493686178198e-01;8.763827341073839872e-01;-1.440651410839057291e+02;2.612834461411503071e+02
9.922000000000000597e+00;-4.449805712749005937e-01;8.875477390048249760e-01;-1.383811257202666525e+02;2.644240605491614815e+02
9.923999999999999488e+00;-4.235212261372054421e-01;8.959525280880853426e-01;-1.323604856823141631e+02;2.675678092039654530e+02
9.926000000000000156e+00;-4.064806037769251867e-01;9.064273798967349416e-01;-1.266461923601038677e+02;2.703261464970863699e+02
9.928000000000000824e+00;-3.840585612118257441e-01;9.152288616846536717e-01;-1.205476395716983973e+02;2.733283157417848770e+02
9.929999999999999716e+00;-3.628582184172287617e-01;9.221420327763167890e-01;-1.144207804000356248e+02;2.759631727355887847e+02
9.932000000000000384e+00;-3.429008084665671197e-01;9.318007104461190071e-01;-1.085703321494474949e+02;2.783996666902913830e+02
9.933999999999999275e+00;-3.216951992882947087e-01;9.384359725750945902e-01;-1.022872283162083704e+02;2.808820750395194068e+02
9.935999999999999943e+00;-3.068852305701575967e-01;9.470687455813966427e-01;-9.616351911214999859e+01;2.828100877940963755e+02
9.938000000000000611e+00;-2.843063461622521992e-01;9.536212995336421638e-01;-8.984384101261916555e+01;2.851305349180784106e+02
9.939999999999999503e+00;-2.633381580542549782e-01;9.599447413727496548e-01;-8.365349241305642636e+01;2.870931061268256599e+02
9.942000000000000171e+00;-2.471410240122762225e-01;9.664911823033561777e-01;-7.738000438115223290e+01;2.887680535711727998e+02
9.944000000000000838e+00;-2.219158260444961395e-01;9.698751174220395788e-01;-7.094322681407554398e+01;2.908420838609964107e+02
9.945999999999999730e+00;-1.998200339787067625e-01;9.735945607249831824e-01;-6.458535455880068810e+01;2.924569319438844559e+02
9.948000000000000398e+00;-1.794570155217519447e-01;9.772612497361281569e-01;-5.829512184501098915e+01;2.938462687780780698e+02
9.949999999999999289e+00;-1.584604838646023472e-01;9.835590104703394454e-01;-5.188117580094024106e+01;2.951735632201549606e+02
9.951999999999999957e+00;-1.393671942108457018e-01;9.872151556640375025e-01;-4.536856064333238692e+01;2.961657800469238850e+02
9.954000000000000625e+00;-1.160191902774395240e-01;9.883709334121937307e-01;-3.882622033864748801e+01;2.972258106051353366e+02
9.955999999999999517e+00;-9.841361857802112534e-02;9.923148036185530652e-01;-3.223532862071424177e+01;2.981395710352492756e+02
9.958000000000000185e+00;-7.353247174713256618e-02;9.930260232395224929e-01;-2.581544767690160214e+01;2.990905672851801000e+02
9.960000000000000853e+00;-5.417740978818687270e-02;9.969877060173562011e-01;-1.942287626422981361e+01;2.996872377545731752e+02
9.961999999999999744e+00;-2.994610515148439858e-02;9.953717843647285068e-01;-1.281705139332689214e+01;3.002227303660388884e+02
9.964000000000000412e+00;-8.981448142857352199e-03;9.976175196896109876e-01;-6.244022080481913761e+00;3.004695863375768567e+02
9.965999999999999304e+00;1.393078701233915230e-02;9.979363052692017400e-01;5.110145854251146869e-01;3.005024009169574697e+02
9.967999999999999972e+00;3.506560158539306221e-02;9.972151418862236216e-01;6.873654398688147538e+00;3.007306082440912292e+02
9.970000000000000639e+00;5.463784269225006873e-02;9.966645797245077265e-01;1.355127084462722031e+01;3.004889763168671948e+02
9.971999999999999531e+00;7.470823833855176621e-02;9.960924457030374546e-01;2.011551917378971410e+01;3.002227300800005878e+02
9.974000000000000199e+00;9.952443651547665526e-02;9.942447375443513868e-01;2.663139169133046380e+01;2.999176944435555470e+02
9.976000000000000867e+00;1.176141777975164837e-01;9.928691381070550159e-01;3.322434501848937316e+01;2.992643504471023448e+02
9.977999999999999758e+00;1.360662236339928999e-01;9.920032811132675210e-01;3.946930093337204681e+01;2.987012252090733568e+02
9.980000000000000426e+00;1.574664462075037741e-01;9.883895913976855629e-01;4.619570544289211256e+01;2.978068967041559745e+02
9.981999999999999318e+00;1.779522054750814486e-01;9.866687237776117225e-01;5.260346539578709013e+01;2.967603318291393180e+02
9.983999999999999986e+00;2.003665467860099025e-01;9.810713889888630357e-01;5.919677606923971780e+01;2.958076931675992114e+02
9.986000000000000654e+00;2.222594314451805941e-01;9.775734478396993499e-01;6.547216742434071080e+01;2.947251727646794848e+02
9.987999999999999545e+00;2.386846513478083354e-01;9.737866917184143656e-01;7.193063398016934684e+01;2.931851951204430407e+02
9.990000000000000213e+00;2.596480204399111980e-01;9.688543877783282188e-01;7.828193032156754327e+01;2.918413097102743450e+02
9.992000000000000881e+00;2.781184099833015066e-01;9.648879465295404634e-01;8.466349541791028344e+01;2.900958001475466403e+02
9.993999999999999773e+00;2.964349489100003288e-01;9.599905660445386957e-01;9.076337411719627823e+01;2.881664635609794800e+02
9.996000000000000441e+00;3.228107113999580391e-01;9.512101678229678559e-01;9.720744923013555194e+01;2.865451912303748259e+02
9.997999999999999332e+00;3.399250682271780510e-01;9.437020123480073241e-01;1.034663843535160197e+02;2.842578001637839407e+02
